{
    "type": "FeatureCollection",
    "name": "TOWN_MOI_1130718",
    "features": [
        {
            "type": "Feature",
            "properties": {
                "TOWNID": "I01",
                "TOWNCODE": "10020010",
                "COUNTYNAME": "嘉義市",
                "TOWNNAME": "東區",
                "TOWNENG": "East District",
                "COUNTYID": "I",
                "COUNTYCODE": "10020"
            },
            "geometry": {
                "type": "Polygon",
                "coordinates": [
                    [
                        [
                            120.447586775000104,
                            23.518186350000065
                        ],
                        [
                            120.447674800000073,
                            23.518170978000057
                        ],
                        [
                            120.447777312000085,
                            23.518192065000051
                        ],
                        [
                            120.447953221000034,
                            23.518211806000068
                        ],
                        [
                            120.448042289000114,
                            23.518187214000022
                        ],
                        [
                            120.448116664000054,
                            23.518119249000051
                        ],
                        [
                            120.448117936000017,
                            23.518118089000041
                        ],
                        [
                            120.448224228000072,
                            23.517970320000074
                        ],
                        [
                            120.448377596000114,
                            23.517698829000039
                        ],
                        [
                            120.448506880000082,
                            23.517578198000024
                        ],
                        [
                            120.448627187000056,
                            23.517502518000072
                        ],
                        [
                            120.44878609400007,
                            23.517484678000073
                        ],
                        [
                            120.448918480000088,
                            23.517448971000078
                        ],
                        [
                            120.448988259000089,
                            23.517396014000042
                        ],
                        [
                            120.44923725000001,
                            23.517172151000068
                        ],
                        [
                            120.449407545000099,
                            23.517105886000024
                        ],
                        [
                            120.44956508100006,
                            23.517082350000067
                        ],
                        [
                            120.449867377000032,
                            23.517076806000034
                        ],
                        [
                            120.450033521000023,
                            23.517048507000027
                        ],
                        [
                            120.450380807000101,
                            23.516937674000076
                        ],
                        [
                            120.450778898000067,
                            23.516816713000026
                        ],
                        [
                            120.451011186000073,
                            23.516853797000067
                        ],
                        [
                            120.451135512000064,
                            23.516848078000066
                        ],
                        [
                            120.451271247000022,
                            23.516795074000072
                        ],
                        [
                            120.45149656600006,
                            23.516684166000061
                        ],
                        [
                            120.451905864000082,
                            23.516506736000053
                        ],
                        [
                            120.452329298000109,
                            23.516349726000044
                        ],
                        [
                            120.452434851000021,
                            23.516282346000025
                        ],
                        [
                            120.452640378000069,
                            23.516120124000054
                        ],
                        [
                            120.45276479100005,
                            23.516061588000071
                        ],
                        [
                            120.453278456000021,
                            23.515876510000055
                        ],
                        [
                            120.453345969000111,
                            23.51587698700007
                        ],
                        [
                            120.453549799000029,
                            23.515878429000054
                        ],
                        [
                            120.454071539000097,
                            23.515891835000048
                        ],
                        [
                            120.454688409000028,
                            23.51586788000003
                        ],
                        [
                            120.454854910000108,
                            23.515861417000053
                        ],
                        [
                            120.455058877000056,
                            23.51585538300003
                        ],
                        [
                            120.455399443000033,
                            23.515892778000023
                        ],
                        [
                            120.455795390000048,
                            23.51590159400007
                        ],
                        [
                            120.455998614,
                            23.515918532000057
                        ],
                        [
                            120.456145218000074,
                            23.515964067000027
                        ],
                        [
                            120.45632170600004,
                            23.516010212000026
                        ],
                        [
                            120.456423637000057,
                            23.516004897000073
                        ],
                        [
                            120.45666222300008,
                            23.515931632000047
                        ],
                        [
                            120.456986552000103,
                            23.515795941000079
                        ],
                        [
                            120.45711097700007,
                            23.515681137000058
                        ],
                        [
                            120.457292886000118,
                            23.515406810000059
                        ],
                        [
                            120.457372452000072,
                            23.515289384000027
                        ],
                        [
                            120.457410820000064,
                            23.51499588300004
                        ],
                        [
                            120.457424787000036,
                            23.514724648000026
                        ],
                        [
                            120.457428028000095,
                            23.514645357000063
                        ],
                        [
                            120.457351674000051,
                            23.514341326000078
                        ],
                        [
                            120.457346309000059,
                            23.514153126000053
                        ],
                        [
                            120.45740313400006,
                            23.513736403000053
                        ],
                        [
                            120.457388530000117,
                            23.513637935000077
                        ],
                        [
                            120.457306475000109,
                            23.513528061000045
                        ],
                        [
                            120.457138098000087,
                            23.51334055600006
                        ],
                        [
                            120.457091303000084,
                            23.513249543000029
                        ],
                        [
                            120.456799646000036,
                            23.513172213000075
                        ],
                        [
                            120.456571570000051,
                            23.513156881000043
                        ],
                        [
                            120.456446568000047,
                            23.513131619000035
                        ],
                        [
                            120.456365218000087,
                            23.513053878000051
                        ],
                        [
                            120.45628316300008,
                            23.512944013000038
                        ],
                        [
                            120.456222259000015,
                            23.512833744000034
                        ],
                        [
                            120.456203357000049,
                            23.512425329000052
                        ],
                        [
                            120.456198591000089,
                            23.512150984000073
                        ],
                        [
                            120.45622817200001,
                            23.512024143000076
                        ],
                        [
                            120.456308449000062,
                            23.511768914000072
                        ],
                        [
                            120.456617083000083,
                            23.511144356000045
                        ],
                        [
                            120.45693509900002,
                            23.510436953000067
                        ],
                        [
                            120.457264560000112,
                            23.509854509000036
                        ],
                        [
                            120.457415626000056,
                            23.509535972000037
                        ],
                        [
                            120.45754127400005,
                            23.509363731000064
                        ],
                        [
                            120.457635734000064,
                            23.509131206000063
                        ],
                        [
                            120.45777659700002,
                            23.508915043000059
                        ],
                        [
                            120.458074728000042,
                            23.508662322000077
                        ],
                        [
                            120.458231245000093,
                            23.508623072000034
                        ],
                        [
                            120.458497741000087,
                            23.508471728000075
                        ],
                        [
                            120.458749304000094,
                            23.508320566000066
                        ],
                        [
                            120.458943950000048,
                            23.508190771000045
                        ],
                        [
                            120.459180339000113,
                            23.508023725000044
                        ],
                        [
                            120.459538896000026,
                            23.507707137000068
                        ],
                        [
                            120.459849421000058,
                            23.507341816000064
                        ],
                        [
                            120.460077528000056,
                            23.507039484000074
                        ],
                        [
                            120.460391666000078,
                            23.506584606000047
                        ],
                        [
                            120.460628689000032,
                            23.506214462000059
                        ],
                        [
                            120.460752668000055,
                            23.505938676000028
                        ],
                        [
                            120.460964844000046,
                            23.505571144000044
                        ],
                        [
                            120.46115068000006,
                            23.505271632000074
                        ],
                        [
                            120.461321481000027,
                            23.504965424000034
                        ],
                        [
                            120.461493904,
                            23.504684441000052
                        ],
                        [
                            120.461529291000033,
                            23.504615388000047
                        ],
                        [
                            120.461597699000095,
                            23.50448190000003
                        ],
                        [
                            120.461666717000071,
                            23.504347220000056
                        ],
                        [
                            120.461718369000096,
                            23.504143477000071
                        ],
                        [
                            120.461820121000073,
                            23.503879443000073
                        ],
                        [
                            120.461975237000047,
                            23.503524093000067
                        ],
                        [
                            120.462064615000031,
                            23.503264800000068
                        ],
                        [
                            120.46210773100006,
                            23.503072639000038
                        ],
                        [
                            120.462127469000052,
                            23.502897979000068
                        ],
                        [
                            120.46212097800003,
                            23.502716772000042
                        ],
                        [
                            120.462101218000043,
                            23.502563267000028
                        ],
                        [
                            120.46209457100008,
                            23.502371728000071
                        ],
                        [
                            120.462055068000041,
                            23.502065868000045
                        ],
                        [
                            120.462095875000045,
                            23.501803732000042
                        ],
                        [
                            120.462172794000026,
                            23.501543450000042
                        ],
                        [
                            120.462324976000104,
                            23.501240922000022
                        ],
                        [
                            120.46244971200008,
                            23.501015605000077
                        ],
                        [
                            120.46261998600005,
                            23.500742030000026
                        ],
                        [
                            120.462624620000042,
                            23.500734583000053
                        ],
                        [
                            120.462821462000079,
                            23.500504929000044
                        ],
                        [
                            120.463015675000065,
                            23.500266125000053
                        ],
                        [
                            120.463190646000044,
                            23.500071169000023
                        ],
                        [
                            120.463427248000016,
                            23.499837569000078
                        ],
                        [
                            120.463622966000116,
                            23.499615944000027
                        ],
                        [
                            120.463853657000072,
                            23.499403073000053
                        ],
                        [
                            120.464120970000067,
                            23.499225308000064
                        ],
                        [
                            120.464425993000077,
                            23.499072317000071
                        ],
                        [
                            120.464673796000056,
                            23.499002654000037
                        ],
                        [
                            120.464961063000032,
                            23.498909540000056
                        ],
                        [
                            120.465226179000069,
                            23.498832776000029
                        ],
                        [
                            120.465499760000057,
                            23.49873984900006
                        ],
                        [
                            120.465727378000111,
                            23.498733542000025
                        ],
                        [
                            120.465896468000096,
                            23.498806009000077
                        ],
                        [
                            120.466119074000062,
                            23.498878939000065
                        ],
                        [
                            120.466247217000046,
                            23.498877329000038
                        ],
                        [
                            120.466511508000053,
                            23.498828110000034
                        ],
                        [
                            120.466795128000058,
                            23.498822245000042
                        ],
                        [
                            120.467146875000026,
                            23.498796034000065
                        ],
                        [
                            120.467472653000073,
                            23.498780461000024
                        ],
                        [
                            120.467782399000043,
                            23.498855736000053
                        ],
                        [
                            120.467989045000081,
                            23.498936067000045
                        ],
                        [
                            120.468054032000055,
                            23.498961332000079
                        ],
                        [
                            120.468360627000038,
                            23.499074520000079
                        ],
                        [
                            120.468614316000071,
                            23.499145918000067
                        ],
                        [
                            120.468935104000025,
                            23.499292177000029
                        ],
                        [
                            120.469248269000104,
                            23.49942823300006
                        ],
                        [
                            120.469487055000059,
                            23.499582428000053
                        ],
                        [
                            120.469721382000102,
                            23.499771083000041
                        ],
                        [
                            120.469960272000094,
                            23.50001364700006
                        ],
                        [
                            120.470126321000066,
                            23.500212354000041
                        ],
                        [
                            120.470187305000081,
                            23.500375668000061
                        ],
                        [
                            120.470230358000094,
                            23.500505929000042
                        ],
                        [
                            120.470302836000087,
                            23.500770082000031
                        ],
                        [
                            120.470335944000112,
                            23.501063405000025
                        ],
                        [
                            120.470375899000032,
                            23.501316479000025
                        ],
                        [
                            120.470471386000099,
                            23.501620495000054
                        ],
                        [
                            120.470588762000034,
                            23.502053899000032
                        ],
                        [
                            120.470589977000031,
                            23.502214526000046
                        ],
                        [
                            120.47065082600011,
                            23.502776005000044
                        ],
                        [
                            120.470659484000066,
                            23.502935394000076
                        ],
                        [
                            120.470676818000015,
                            23.503173834000052
                        ],
                        [
                            120.470708436000109,
                            23.503451124000037
                        ],
                        [
                            120.470766531000095,
                            23.503669547000072
                        ],
                        [
                            120.470828546,
                            23.503819086000078
                        ],
                        [
                            120.470946464,
                            23.503962166000065
                        ],
                        [
                            120.471129743,
                            23.504148047000058
                        ],
                        [
                            120.471344146000092,
                            23.504334664000055
                        ],
                        [
                            120.47156601100005,
                            23.504521208000028
                        ],
                        [
                            120.47181609200004,
                            23.504680991000043
                        ],
                        [
                            120.472070379000115,
                            23.504871708000053
                        ],
                        [
                            120.472312191000015,
                            23.505060277000041
                        ],
                        [
                            120.472585595000055,
                            23.505199116000028
                        ],
                        [
                            120.472735513000089,
                            23.50540032400005
                        ],
                        [
                            120.472792452000022,
                            23.505543034000027
                        ],
                        [
                            120.472825262000015,
                            23.505735392000076
                        ],
                        [
                            120.472857179000016,
                            23.505950702000064
                        ],
                        [
                            120.472951320000107,
                            23.506084916000077
                        ],
                        [
                            120.473114545000044,
                            23.506342189000065
                        ],
                        [
                            120.473266324000065,
                            23.506583529000068
                        ],
                        [
                            120.473501817000056,
                            23.506846754000037
                        ],
                        [
                            120.47363559300004,
                            23.506887533000054
                        ],
                        [
                            120.473775045000025,
                            23.506892656000048
                        ],
                        [
                            120.474058893,
                            23.506900550000069
                        ],
                        [
                            120.47438696800009,
                            23.506871172000046
                        ],
                        [
                            120.474753247000081,
                            23.506817208000029
                        ],
                        [
                            120.475007982000079,
                            23.506711876000054
                        ],
                        [
                            120.475358079000102,
                            23.506576651000046
                        ],
                        [
                            120.475529735,
                            23.506490720000045
                        ],
                        [
                            120.47581066500004,
                            23.50630817800004
                        ],
                        [
                            120.476113235000071,
                            23.506157476000055
                        ],
                        [
                            120.476415577000012,
                            23.505991892000054
                        ],
                        [
                            120.476565288000074,
                            23.505854588000034
                        ],
                        [
                            120.476781639000023,
                            23.505680885000061
                        ],
                        [
                            120.477057571000046,
                            23.505497258000048
                        ],
                        [
                            120.477309725000055,
                            23.505386205000036
                        ],
                        [
                            120.477619038000057,
                            23.505269855000051
                        ],
                        [
                            120.477889165000079,
                            23.505032354000036
                        ],
                        [
                            120.478143490000093,
                            23.504900629000076
                        ],
                        [
                            120.478457118000051,
                            23.504822090000062
                        ],
                        [
                            120.478844901000116,
                            23.50471047800005
                        ],
                        [
                            120.479280800000083,
                            23.504571855000052
                        ],
                        [
                            120.479678935000038,
                            23.504405040000051
                        ],
                        [
                            120.480002673000058,
                            23.504336670000043
                        ],
                        [
                            120.480305824000084,
                            23.504305301000045
                        ],
                        [
                            120.480721389000109,
                            23.504301189000046
                        ],
                        [
                            120.480995791000055,
                            23.504342459000043
                        ],
                        [
                            120.481307535000042,
                            23.504384421000054
                        ],
                        [
                            120.481595405,
                            23.50449207500003
                        ],
                        [
                            120.481859879000012,
                            23.504616088000034
                        ],
                        [
                            120.482087561000071,
                            23.504774987000076
                        ],
                        [
                            120.48234732700007,
                            23.504916285000036
                        ],
                        [
                            120.482412904000057,
                            23.504972830000042
                        ],
                        [
                            120.482591569000078,
                            23.505100212000059
                        ],
                        [
                            120.482844920000048,
                            23.505228964000025
                        ],
                        [
                            120.483155303000103,
                            23.505361686000072
                        ],
                        [
                            120.483288614000116,
                            23.505217215000073
                        ],
                        [
                            120.48334258400007,
                            23.505120964000071
                        ],
                        [
                            120.483373113000084,
                            23.505034297000066
                        ],
                        [
                            120.483366060000094,
                            23.504935669000076
                        ],
                        [
                            120.483341354000117,
                            23.504825854000046
                        ],
                        [
                            120.483326597000087,
                            23.504715856000075
                        ],
                        [
                            120.483334493000029,
                            23.504618116000074
                        ],
                        [
                            120.483387802000038,
                            23.504431157000056
                        ],
                        [
                            120.483435260000078,
                            23.504321230000073
                        ],
                        [
                            120.483495169000093,
                            23.504270808000058
                        ],
                        [
                            120.483588711000039,
                            23.504222086000027
                        ],
                        [
                            120.48376333200008,
                            23.504123752000055
                        ],
                        [
                            120.483915142000114,
                            23.504064845000073
                        ],
                        [
                            120.483971645000111,
                            23.503970843000047
                        ],
                        [
                            120.484040008000079,
                            23.503849083000034
                        ],
                        [
                            120.484063348000063,
                            23.503716602000054
                        ],
                        [
                            120.484055378000107,
                            23.503574345000061
                        ],
                        [
                            120.484051431000012,
                            23.503445791000047
                        ],
                        [
                            120.484014851000097,
                            23.503304026000023
                        ],
                        [
                            120.483966620000047,
                            23.503140650000034
                        ],
                        [
                            120.483991568000079,
                            23.503025385000058
                        ],
                        [
                            120.484114368000064,
                            23.502888890000065
                        ],
                        [
                            120.484398626000029,
                            23.502619827000046
                        ],
                        [
                            120.484437269000068,
                            23.502564024000037
                        ],
                        [
                            120.484465380000074,
                            23.502362570000059
                        ],
                        [
                            120.484563714000046,
                            23.502127748000078
                        ],
                        [
                            120.484681753000018,
                            23.501883372000066
                        ],
                        [
                            120.484704830000055,
                            23.501738283000066
                        ],
                        [
                            120.484706735000032,
                            23.501592411000047
                        ],
                        [
                            120.484693198000059,
                            23.501362960000051
                        ],
                        [
                            120.484645943000032,
                            23.501186937000057
                        ],
                        [
                            120.484550073000037,
                            23.500947446000055
                        ],
                        [
                            120.48449232400003,
                            23.500686624000025
                        ],
                        [
                            120.484423997000022,
                            23.500396131000059
                        ],
                        [
                            120.484408722000012,
                            23.50020231700006
                        ],
                        [
                            120.484408565000081,
                            23.500017439000032
                        ],
                        [
                            120.484437847000095,
                            23.499812510000027
                        ],
                        [
                            120.484485691000032,
                            23.499602668000023
                        ],
                        [
                            120.484534946000053,
                            23.499400850000029
                        ],
                        [
                            120.484590770000068,
                            23.499274707000041
                        ],
                        [
                            120.484644566000043,
                            23.499170427000024
                        ],
                        [
                            120.484665587000109,
                            23.499046028000066
                        ],
                        [
                            120.48464892100003,
                            23.498963636000042
                        ],
                        [
                            120.484602045000088,
                            23.498864541000046
                        ],
                        [
                            120.484461807000116,
                            23.498763636000035
                        ],
                        [
                            120.484253614000068,
                            23.498626001000048
                        ],
                        [
                            120.484059362000039,
                            23.498500763000038
                        ],
                        [
                            120.48391295700003,
                            23.498402248000048
                        ],
                        [
                            120.483778919000088,
                            23.498300082000071
                        ],
                        [
                            120.483681483000055,
                            23.498238872000059
                        ],
                        [
                            120.483767647000036,
                            23.498031830000059
                        ],
                        [
                            120.483794586000045,
                            23.497925962000068
                        ],
                        [
                            120.483799174000069,
                            23.497828219000041
                        ],
                        [
                            120.483714614000064,
                            23.497513463000075
                        ],
                        [
                            120.48369174600009,
                            23.497390506000045
                        ],
                        [
                            120.48374843900001,
                            23.497261558000048
                        ],
                        [
                            120.483751778000055,
                            23.497162665000076
                        ],
                        [
                            120.483652530000086,
                            23.496906600000045
                        ],
                        [
                            120.483620743000074,
                            23.496729643000037
                        ],
                        [
                            120.48364369300009,
                            23.496558249000032
                        ],
                        [
                            120.483767414000113,
                            23.496084145000054
                        ],
                        [
                            120.483915240000101,
                            23.495731836000061
                        ],
                        [
                            120.484075988000086,
                            23.495502522000038
                        ],
                        [
                            120.48433689,
                            23.49512799200005
                        ],
                        [
                            120.484499196000115,
                            23.494979148000027
                        ],
                        [
                            120.484680140000023,
                            23.494826791000037
                        ],
                        [
                            120.484812775000023,
                            23.494720585000039
                        ],
                        [
                            120.484960254000043,
                            23.494594770000049
                        ],
                        [
                            120.485120061000089,
                            23.494442485000036
                        ],
                        [
                            120.485262593000016,
                            23.494324739000035
                        ],
                        [
                            120.485366504000012,
                            23.494187573000033
                        ],
                        [
                            120.48542219,
                            23.494098686000029
                        ],
                        [
                            120.485448058000088,
                            23.494057396000073
                        ],
                        [
                            120.485612806000063,
                            23.493897035000032
                        ],
                        [
                            120.485808662000068,
                            23.493742332000068
                        ],
                        [
                            120.485936002000017,
                            23.493555651000065
                        ],
                        [
                            120.486044832000061,
                            23.493405825000025
                        ],
                        [
                            120.486107978000064,
                            23.493337776000033
                        ],
                        [
                            120.486252062000062,
                            23.493297067000071
                        ],
                        [
                            120.486397346000103,
                            23.493246003000024
                        ],
                        [
                            120.486501448000013,
                            23.493157129000053
                        ],
                        [
                            120.486589323000089,
                            23.493053368000062
                        ],
                        [
                            120.486705932000064,
                            23.49298400400005
                        ],
                        [
                            120.486860113000034,
                            23.492981197000063
                        ],
                        [
                            120.487020332000043,
                            23.492933524000023
                        ],
                        [
                            120.487128193000103,
                            23.492852675000051
                        ],
                        [
                            120.487258136000037,
                            23.492695900000058
                        ],
                        [
                            120.487266400000067,
                            23.492585492000046
                        ],
                        [
                            120.487322651000113,
                            23.492347312000049
                        ],
                        [
                            120.487335862,
                            23.492229995000059
                        ],
                        [
                            120.487391489000061,
                            23.492147031000059
                        ],
                        [
                            120.487470865000091,
                            23.492095027000062
                        ],
                        [
                            120.48780596000006,
                            23.491934104000052
                        ],
                        [
                            120.487981306000052,
                            23.491938130000051
                        ],
                        [
                            120.488060974000064,
                            23.491959712000039
                        ],
                        [
                            120.488184446000105,
                            23.49205243800003
                        ],
                        [
                            120.488323915000024,
                            23.492102564000049
                        ],
                        [
                            120.488463097000022,
                            23.492080264000037
                        ],
                        [
                            120.488555922000046,
                            23.491971866000029
                        ],
                        [
                            120.488648889000046,
                            23.491897990000041
                        ],
                        [
                            120.488845065000078,
                            23.491824906000033
                        ],
                        [
                            120.488955326000109,
                            23.491722220000042
                        ],
                        [
                            120.48906910300002,
                            23.491566627000054
                        ],
                        [
                            120.489234028000055,
                            23.491452253000034
                        ],
                        [
                            120.489423934000115,
                            23.491365402000042
                        ],
                        [
                            120.489482776000045,
                            23.491466378000041
                        ],
                        [
                            120.489584614000023,
                            23.491433853000046
                        ],
                        [
                            120.489833023000074,
                            23.491362906000063
                        ],
                        [
                            120.490041676000033,
                            23.491300126000056
                        ],
                        [
                            120.490259319000074,
                            23.491308606000075
                        ],
                        [
                            120.490637503000016,
                            23.491351044000055
                        ],
                        [
                            120.490928505000056,
                            23.491358129000048
                        ],
                        [
                            120.491386654000053,
                            23.49118530100003
                        ],
                        [
                            120.491563088000021,
                            23.491150229000027
                        ],
                        [
                            120.4919814000001,
                            23.491276468000024
                        ],
                        [
                            120.492199288000052,
                            23.491347024000049
                        ],
                        [
                            120.492552388000036,
                            23.491335506000041
                        ],
                        [
                            120.492817093000099,
                            23.49129669000007
                        ],
                        [
                            120.493256941000027,
                            23.491211300000032
                        ],
                        [
                            120.493614719000107,
                            23.491126172000065
                        ],
                        [
                            120.493661574000043,
                            23.491027141000075
                        ],
                        [
                            120.493780340000058,
                            23.490876130000061
                        ],
                        [
                            120.493936336000047,
                            23.490706595000063
                        ],
                        [
                            120.494013798000083,
                            23.490487890000054
                        ],
                        [
                            120.49411005200011,
                            23.490304761000061
                        ],
                        [
                            120.494248834000018,
                            23.490183576000049
                        ],
                        [
                            120.494619135000107,
                            23.49012140800005
                        ],
                        [
                            120.494984609000085,
                            23.490094888000044
                        ],
                        [
                            120.495520477000014,
                            23.490079302000026
                        ],
                        [
                            120.496044044000087,
                            23.490095953000036
                        ],
                        [
                            120.496294117000048,
                            23.490129612000032
                        ],
                        [
                            120.496424916000024,
                            23.49018780800003
                        ],
                        [
                            120.496795246000033,
                            23.490440679000073
                        ],
                        [
                            120.497162724000077,
                            23.490602697000043
                        ],
                        [
                            120.497385420000114,
                            23.490631850000057
                        ],
                        [
                            120.497606862000112,
                            23.490657550000037
                        ],
                        [
                            120.498000220000108,
                            23.490762012000062
                        ],
                        [
                            120.498210364000101,
                            23.49076130800006
                        ],
                        [
                            120.498491492000085,
                            23.490786802000059
                        ],
                        [
                            120.498763912000072,
                            23.490811183000062
                        ],
                        [
                            120.498943685000086,
                            23.490987637000046
                        ],
                        [
                            120.499037379000015,
                            23.490787276000049
                        ],
                        [
                            120.499104228000078,
                            23.490713464000066
                        ],
                        [
                            120.499187330000041,
                            23.490661447000036
                        ],
                        [
                            120.499272954000048,
                            23.490618623000046
                        ],
                        [
                            120.499520332000088,
                            23.490600546000053
                        ],
                        [
                            120.499822760000029,
                            23.490665059000037
                        ],
                        [
                            120.500030584000115,
                            23.490705757000057
                        ],
                        [
                            120.500163513000075,
                            23.490675410000051
                        ],
                        [
                            120.50027101,
                            23.490507183000034
                        ],
                        [
                            120.500317940000059,
                            23.490427700000055
                        ],
                        [
                            120.500382161000061,
                            23.490319410000041
                        ],
                        [
                            120.500463764000074,
                            23.490204153000036
                        ],
                        [
                            120.500603699000067,
                            23.490062264000073
                        ],
                        [
                            120.500691729000096,
                            23.489998730000025
                        ],
                        [
                            120.500806120000107,
                            23.489997200000062
                        ],
                        [
                            120.501018867000084,
                            23.490025223000032
                        ],
                        [
                            120.50113185500004,
                            23.489983453000036
                        ],
                        [
                            120.501255884000102,
                            23.489906004000034
                        ],
                        [
                            120.50131272200008,
                            23.489817277000043
                        ],
                        [
                            120.501273526000091,
                            23.489657600000044
                        ],
                        [
                            120.501181387000088,
                            23.489321033000067
                        ],
                        [
                            120.501103451000063,
                            23.489114341000061
                        ],
                        [
                            120.501019458000087,
                            23.488946764000048
                        ],
                        [
                            120.500980193000032,
                            23.488769833000049
                        ],
                        [
                            120.500965805000078,
                            23.488595122000049
                        ],
                        [
                            120.501028313,
                            23.48837185800005
                        ],
                        [
                            120.501210531000083,
                            23.488232134000043
                        ],
                        [
                            120.501234755000041,
                            23.488073383000028
                        ],
                        [
                            120.50123683400011,
                            23.487973339000064
                        ],
                        [
                            120.501334430000043,
                            23.487816657000053
                        ],
                        [
                            120.501466866000101,
                            23.487665586000048
                        ],
                        [
                            120.501627941000038,
                            23.487524775000054
                        ],
                        [
                            120.501725731000079,
                            23.487416367000037
                        ],
                        [
                            120.501845535000029,
                            23.487217061000024
                        ],
                        [
                            120.501881144000095,
                            23.48710655900004
                        ],
                        [
                            120.50184588400009,
                            23.486997454000061
                        ],
                        [
                            120.501779565000106,
                            23.486895349000065
                        ],
                        [
                            120.501754352000034,
                            23.48681035900006
                        ],
                        [
                            120.501797231000069,
                            23.486652700000036
                        ],
                        [
                            120.501859896000042,
                            23.486468526000067
                        ],
                        [
                            120.501907814000106,
                            23.486326937000058
                        ],
                        [
                            120.501974458000063,
                            23.486203702000068
                        ],
                        [
                            120.502067465000096,
                            23.486142450000045
                        ],
                        [
                            120.502144591000047,
                            23.486150237000061
                        ],
                        [
                            120.50225049800008,
                            23.486202760000026
                        ],
                        [
                            120.502290163000112,
                            23.486172735000025
                        ],
                        [
                            120.502265865000027,
                            23.48600725600005
                        ],
                        [
                            120.502271566000104,
                            23.485880776000045
                        ],
                        [
                            120.50232087400002,
                            23.485774821000064
                        ],
                        [
                            120.502411431000041,
                            23.48572278100005
                        ],
                        [
                            120.502465836000056,
                            23.485647853000046
                        ],
                        [
                            120.502577059000032,
                            23.485479620000035
                        ],
                        [
                            120.502770586000111,
                            23.485369739000078
                        ],
                        [
                            120.502922347000094,
                            23.485385320000034
                        ],
                        [
                            120.503160069000046,
                            23.485440862000075
                        ],
                        [
                            120.503377635000106,
                            23.485432075000062
                        ],
                        [
                            120.503547441000023,
                            23.485299272000077
                        ],
                        [
                            120.503686149000032,
                            23.485163154000077
                        ],
                        [
                            120.503731494000021,
                            23.485000868000043
                        ],
                        [
                            120.503718430000049,
                            23.484846847000028
                        ],
                        [
                            120.503628676000062,
                            23.484790811000039
                        ],
                        [
                            120.503485435000016,
                            23.484730360000071
                        ],
                        [
                            120.503374275000056,
                            23.484608868000066
                        ],
                        [
                            120.503324110000108,
                            23.484504403000074
                        ],
                        [
                            120.503390565000018,
                            23.484335170000065
                        ],
                        [
                            120.503383915000086,
                            23.484229417000051
                        ],
                        [
                            120.503318096000044,
                            23.483944510000072
                        ],
                        [
                            120.503277240000102,
                            23.483683650000046
                        ],
                        [
                            120.503153057000077,
                            23.483417333000034
                        ],
                        [
                            120.503061610000032,
                            23.48325092500005
                        ],
                        [
                            120.503006714000094,
                            23.483205124000051
                        ],
                        [
                            120.502736549000019,
                            23.483120951000046
                        ],
                        [
                            120.502600932000064,
                            23.483099569000046
                        ],
                        [
                            120.50251726700003,
                            23.483012460000054
                        ],
                        [
                            120.502473298000041,
                            23.482902246000037
                        ],
                        [
                            120.502469683000072,
                            23.482625170000063
                        ],
                        [
                            120.50244288500005,
                            23.482456243000058
                        ],
                        [
                            120.502422583000111,
                            23.482356280000033
                        ],
                        [
                            120.502402115000109,
                            23.482214941000052
                        ],
                        [
                            120.502416548000042,
                            23.48209530500003
                        ],
                        [
                            120.502538005000019,
                            23.481998324000074
                        ],
                        [
                            120.502535241000032,
                            23.481929352000066
                        ],
                        [
                            120.502428124000062,
                            23.481883726000035
                        ],
                        [
                            120.502047250000032,
                            23.481787289000067
                        ],
                        [
                            120.501769650000028,
                            23.481707743000072
                        ],
                        [
                            120.501731112000016,
                            23.481403194000052
                        ],
                        [
                            120.501719333000096,
                            23.481258369000045
                        ],
                        [
                            120.501736224000069,
                            23.481130695000047
                        ],
                        [
                            120.501821194000058,
                            23.480928047000077
                        ],
                        [
                            120.501890692000075,
                            23.480895626000063
                        ],
                        [
                            120.502114554000059,
                            23.480908666000062
                        ],
                        [
                            120.502477614000099,
                            23.480906286000049
                        ],
                        [
                            120.502720094000097,
                            23.480911214000059
                        ],
                        [
                            120.503007252000089,
                            23.480895298000064
                        ],
                        [
                            120.503264552000019,
                            23.480874890000052
                        ],
                        [
                            120.503482259000066,
                            23.480902889000049
                        ],
                        [
                            120.503939044000049,
                            23.481016315000034
                        ],
                        [
                            120.504078142000026,
                            23.480976745000078
                        ],
                        [
                            120.504212841000026,
                            23.480772782000031
                        ],
                        [
                            120.504327364,
                            23.48049990800007
                        ],
                        [
                            120.504320509000081,
                            23.480343579000078
                        ],
                        [
                            120.504227382000067,
                            23.480070254000054
                        ],
                        [
                            120.504185564000068,
                            23.479877241000054
                        ],
                        [
                            120.504106726000032,
                            23.479753335000055
                        ],
                        [
                            120.503962149000017,
                            23.479668744000037
                        ],
                        [
                            120.503847591000067,
                            23.479627745000073
                        ],
                        [
                            120.503746368000066,
                            23.479502773000036
                        ],
                        [
                            120.503703728000119,
                            23.479413233000059
                        ],
                        [
                            120.50365041900011,
                            23.479145524000046
                        ],
                        [
                            120.503648610000027,
                            23.479007569000032
                        ],
                        [
                            120.503691616000083,
                            23.478882099000032
                        ],
                        [
                            120.503824269,
                            23.478787372000056
                        ],
                        [
                            120.503980811000019,
                            23.478756945000043
                        ],
                        [
                            120.504184849000012,
                            23.47878729100006
                        ],
                        [
                            120.504545541000084,
                            23.478815963000045
                        ],
                        [
                            120.504968257000087,
                            23.478808780000065
                        ],
                        [
                            120.505082511000069,
                            23.478775045000077
                        ],
                        [
                            120.50525235300006,
                            23.478652596000074
                        ],
                        [
                            120.505364787000076,
                            23.478478605000078
                        ],
                        [
                            120.505432895000013,
                            23.478410546000077
                        ],
                        [
                            120.505723329000034,
                            23.478285374000052
                        ],
                        [
                            120.505916770000113,
                            23.478157101000022
                        ],
                        [
                            120.506000701000062,
                            23.47800619700007
                        ],
                        [
                            120.506157837000046,
                            23.47781825900006
                        ],
                        [
                            120.506283804000077,
                            23.477608575000033
                        ],
                        [
                            120.506421197,
                            23.477457487000038
                        ],
                        [
                            120.50655134100009,
                            23.477358173000027
                        ],
                        [
                            120.506733774000054,
                            23.477274772000044
                        ],
                        [
                            120.506872779000105,
                            23.477213358000029
                        ],
                        [
                            120.507006724,
                            23.477131265000025
                        ],
                        [
                            120.507037444000048,
                            23.477042635000032
                        ],
                        [
                            120.507055086000037,
                            23.476796534000073
                        ],
                        [
                            120.507138768000118,
                            23.476585842000077
                        ],
                        [
                            120.507312170000091,
                            23.47642313700004
                        ],
                        [
                            120.508005807000018,
                            23.475923177000027
                        ],
                        [
                            120.508147191000035,
                            23.475809622000043
                        ],
                        [
                            120.508332489000054,
                            23.475635562000036
                        ],
                        [
                            120.508505501000059,
                            23.475480340000047
                        ],
                        [
                            120.508709202000091,
                            23.475307264000037
                        ],
                        [
                            120.508888024000044,
                            23.475238144000059
                        ],
                        [
                            120.509011827000108,
                            23.47515863700005
                        ],
                        [
                            120.509173086000033,
                            23.474928936000026
                        ],
                        [
                            120.509238161000098,
                            23.474840268000037
                        ],
                        [
                            120.509282393000035,
                            23.474712921000048
                        ],
                        [
                            120.509314448000055,
                            23.474442124000063
                        ],
                        [
                            120.509356107000031,
                            23.474363116000063
                        ],
                        [
                            120.509375871000088,
                            23.474253511000029
                        ],
                        [
                            120.509372549000091,
                            23.474167364000039
                        ],
                        [
                            120.509331229000054,
                            23.473950913000067
                        ],
                        [
                            120.509269483000026,
                            23.473764774000074
                        ],
                        [
                            120.509213238000029,
                            23.473600370000042
                        ],
                        [
                            120.509202114000118,
                            23.473448847000043
                        ],
                        [
                            120.509177891000036,
                            23.473227295000072
                        ],
                        [
                            120.509312575000081,
                            23.473064403000024
                        ],
                        [
                            120.509345721000045,
                            23.472972413000036
                        ],
                        [
                            120.509361881000018,
                            23.472927564000031
                        ],
                        [
                            120.509369001000096,
                            23.47283548300004
                        ],
                        [
                            120.509345292000035,
                            23.472671820000073
                        ],
                        [
                            120.509296816000074,
                            23.472552446000066
                        ],
                        [
                            120.509249409000063,
                            23.472387103000074
                        ],
                        [
                            120.509241542000041,
                            23.472252904000072
                        ],
                        [
                            120.509204150000073,
                            23.472129797000036
                        ],
                        [
                            120.50913626800002,
                            23.472027013000059
                        ],
                        [
                            120.509058907000053,
                            23.471899202000031
                        ],
                        [
                            120.508977212000104,
                            23.471751973000039
                        ],
                        [
                            120.508862709000027,
                            23.471671075000074
                        ],
                        [
                            120.50874391800005,
                            23.471571905000076
                        ],
                        [
                            120.508649528000092,
                            23.471497382000052
                        ],
                        [
                            120.508625376000055,
                            23.471440571000073
                        ],
                        [
                            120.508615759,
                            23.471370730000046
                        ],
                        [
                            120.508565733000069,
                            23.471362835000036
                        ],
                        [
                            120.508498505000034,
                            23.47140248900007
                        ],
                        [
                            120.508403735000115,
                            23.471477320000076
                        ],
                        [
                            120.508295180000118,
                            23.471549055000025
                        ],
                        [
                            120.508119357000055,
                            23.471654827000066
                        ],
                        [
                            120.507760234000102,
                            23.471729709000044
                        ],
                        [
                            120.507576914000083,
                            23.471772619000035
                        ],
                        [
                            120.507262552000043,
                            23.47178991100003
                        ],
                        [
                            120.507182394000097,
                            23.471757799000045
                        ],
                        [
                            120.507100329000082,
                            23.471687822000035
                        ],
                        [
                            120.5069882250001,
                            23.471535609000057
                        ],
                        [
                            120.506915829000036,
                            23.471378206000054
                        ],
                        [
                            120.506848425000044,
                            23.471221884000045
                        ],
                        [
                            120.506773343000077,
                            23.471053041000062
                        ],
                        [
                            120.50671985800011,
                            23.470910298000035
                        ],
                        [
                            120.506692584,
                            23.470772901000032
                        ],
                        [
                            120.506676725000034,
                            23.470647967000048
                        ],
                        [
                            120.506692248000036,
                            23.470539801000029
                        ],
                        [
                            120.506689099000027,
                            23.470430756000042
                        ],
                        [
                            120.506628616000057,
                            23.470243326000059
                        ],
                        [
                            120.506622059000051,
                            23.470152712000072
                        ],
                        [
                            120.506561275000081,
                            23.470090454000058
                        ],
                        [
                            120.506434972000079,
                            23.470050983000078
                        ],
                        [
                            120.506335339000088,
                            23.470043271000065
                        ],
                        [
                            120.50623530900009,
                            23.470012606000068
                        ],
                        [
                            120.506152624000038,
                            23.469978230000038
                        ],
                        [
                            120.506072507000113,
                            23.469948412000065
                        ],
                        [
                            120.505992911000021,
                            23.469877240000073
                        ],
                        [
                            120.505935636000117,
                            23.469802299000037
                        ],
                        [
                            120.50585672200009,
                            23.46969897200006
                        ],
                        [
                            120.505820926000069,
                            23.469643243000064
                        ],
                        [
                            120.505684998000106,
                            23.469622288000039
                        ],
                        [
                            120.505439709000029,
                            23.469606394000039
                        ],
                        [
                            120.505277828000089,
                            23.469595017000074
                        ],
                        [
                            120.505139775000089,
                            23.469594760000064
                        ],
                        [
                            120.505056567000111,
                            23.469601737000062
                        ],
                        [
                            120.504940231000091,
                            23.469563272000073
                        ],
                        [
                            120.50485969500005,
                            23.469509343000027
                        ],
                        [
                            120.504795621000085,
                            23.469401204000064
                        ],
                        [
                            120.504765243000065,
                            23.469299458000023
                        ],
                        [
                            120.504740859000094,
                            23.469184982000058
                        ],
                        [
                            120.504731780000043,
                            23.469020906000026
                        ],
                        [
                            120.504713090000109,
                            23.468947695000054
                        ],
                        [
                            120.50467565200006,
                            23.468797813000037
                        ],
                        [
                            120.504514342000107,
                            23.468533791000027
                        ],
                        [
                            120.504398432000016,
                            23.468377043000032
                        ],
                        [
                            120.50437027800001,
                            23.468260331000067
                        ],
                        [
                            120.504348484000047,
                            23.468151559000034
                        ],
                        [
                            120.504300520000015,
                            23.467968541000062
                        ],
                        [
                            120.504246077000062,
                            23.467841895000049
                        ],
                        [
                            120.504184009000028,
                            23.467777342000034
                        ],
                        [
                            120.504081036000116,
                            23.467649115000029
                        ],
                        [
                            120.504016342000114,
                            23.467576578000035
                        ],
                        [
                            120.503962621000028,
                            23.467491249000034
                        ],
                        [
                            120.503934005000019,
                            23.467419332000077
                        ],
                        [
                            120.503884996000011,
                            23.467318989000034
                        ],
                        [
                            120.503842784000085,
                            23.467251872000077
                        ],
                        [
                            120.50375190200009,
                            23.467175135000048
                        ],
                        [
                            120.503561144000059,
                            23.467219299000078
                        ],
                        [
                            120.503352260000042,
                            23.467222391000064
                        ],
                        [
                            120.502957973000093,
                            23.467220188000056
                        ],
                        [
                            120.502776283000117,
                            23.467213693000076
                        ],
                        [
                            120.502394958000082,
                            23.46709876500006
                        ],
                        [
                            120.502226145,
                            23.467046139000047
                        ],
                        [
                            120.501900249000073,
                            23.466971723000029
                        ],
                        [
                            120.501766188000033,
                            23.466915147000066
                        ],
                        [
                            120.501718463000088,
                            23.466817094000078
                        ],
                        [
                            120.501653214000044,
                            23.466712417000053
                        ],
                        [
                            120.501584072000014,
                            23.466598610000062
                        ],
                        [
                            120.501483307000058,
                            23.466454259000045
                        ],
                        [
                            120.501409498000044,
                            23.466286557000046
                        ],
                        [
                            120.501318820000051,
                            23.466150095000046
                        ],
                        [
                            120.501226035000059,
                            23.466035489000035
                        ],
                        [
                            120.501139306000027,
                            23.465982803000031
                        ],
                        [
                            120.501029214000027,
                            23.465874201000076
                        ],
                        [
                            120.500906869000119,
                            23.465776103000053
                        ],
                        [
                            120.500732766000056,
                            23.465705195000055
                        ],
                        [
                            120.500403282000093,
                            23.465638855000066
                        ],
                        [
                            120.500208499000109,
                            23.465594662000058
                        ],
                        [
                            120.500082383000063,
                            23.465565515000037
                        ],
                        [
                            120.499968800000033,
                            23.465541936000022
                        ],
                        [
                            120.499819821000074,
                            23.465485572000034
                        ],
                        [
                            120.499714884000014,
                            23.465387215000078
                        ],
                        [
                            120.499682225000015,
                            23.465296984000076
                        ],
                        [
                            120.499647115000016,
                            23.465209091000077
                        ],
                        [
                            120.499621067000021,
                            23.46514172600007
                        ],
                        [
                            120.499640370000066,
                            23.465035785000055
                        ],
                        [
                            120.499687101000063,
                            23.464934041000049
                        ],
                        [
                            120.499729839000111,
                            23.464888632000054
                        ],
                        [
                            120.499925740000094,
                            23.464639999000042
                        ],
                        [
                            120.499945578000052,
                            23.464565058000062
                        ],
                        [
                            120.499968445000036,
                            23.464449884000032
                        ],
                        [
                            120.499996009000029,
                            23.464318569000056
                        ],
                        [
                            120.500057727000012,
                            23.464077668000073
                        ],
                        [
                            120.500127144000089,
                            23.463921628000037
                        ],
                        [
                            120.500286090000031,
                            23.463550664000024
                        ],
                        [
                            120.500341769000102,
                            23.463391374000025
                        ],
                        [
                            120.500449901000025,
                            23.463030352000033
                        ],
                        [
                            120.500481873000012,
                            23.462866822000024
                        ],
                        [
                            120.50050674900001,
                            23.462724057000059
                        ],
                        [
                            120.500551356000074,
                            23.462571827000033
                        ],
                        [
                            120.500573119000023,
                            23.462464712000042
                        ],
                        [
                            120.500641558000098,
                            23.462252413000044
                        ],
                        [
                            120.500668796000014,
                            23.462102720000075
                        ],
                        [
                            120.500691983000024,
                            23.46200592100007
                        ],
                        [
                            120.500683686000116,
                            23.461886628000059
                        ],
                        [
                            120.500694466000027,
                            23.461719962000075
                        ],
                        [
                            120.500720403000059,
                            23.461566861000051
                        ],
                        [
                            120.500738802000114,
                            23.461409255000035
                        ],
                        [
                            120.500720298000033,
                            23.461275184000044
                        ],
                        [
                            120.500698087000046,
                            23.461142309000024
                        ],
                        [
                            120.500661541000113,
                            23.460971753000024
                        ],
                        [
                            120.500526055000023,
                            23.460690119000049
                        ],
                        [
                            120.500461393000023,
                            23.460547537000025
                        ],
                        [
                            120.500417534,
                            23.460502493000035
                        ],
                        [
                            120.500401877000058,
                            23.460486412000023
                        ],
                        [
                            120.500324696,
                            23.46041062300003
                        ],
                        [
                            120.500145307000025,
                            23.460321409000073
                        ],
                        [
                            120.500053546000117,
                            23.460265357000026
                        ],
                        [
                            120.499940830000014,
                            23.460219937000033
                        ],
                        [
                            120.499847346000024,
                            23.460136343000045
                        ],
                        [
                            120.499728499000071,
                            23.460024417000056
                        ],
                        [
                            120.499624771000072,
                            23.459923753000055
                        ],
                        [
                            120.49948142300002,
                            23.459761667000066
                        ],
                        [
                            120.499248087000069,
                            23.459430964000035
                        ],
                        [
                            120.499141658000099,
                            23.459246509000025
                        ],
                        [
                            120.498963446000062,
                            23.458939089000069
                        ],
                        [
                            120.498886712000058,
                            23.458817355000065
                        ],
                        [
                            120.498787360000051,
                            23.458682173000057
                        ],
                        [
                            120.498662882000076,
                            23.458532436000041
                        ],
                        [
                            120.49852270100007,
                            23.458409341000049
                        ],
                        [
                            120.498390658000062,
                            23.458325173000048
                        ],
                        [
                            120.498170970000047,
                            23.458206698000026
                        ],
                        [
                            120.498015164000094,
                            23.458114830000056
                        ],
                        [
                            120.49786860200004,
                            23.458053840000048
                        ],
                        [
                            120.497716868000111,
                            23.457981436000068
                        ],
                        [
                            120.497613802000046,
                            23.457918653000036
                        ],
                        [
                            120.497533331000113,
                            23.45786817100003
                        ],
                        [
                            120.497487235000108,
                            23.457791916000076
                        ],
                        [
                            120.497430978000011,
                            23.457703159000062
                        ],
                        [
                            120.497385364000024,
                            23.457583277000026
                        ],
                        [
                            120.497361607000016,
                            23.457504387000029
                        ],
                        [
                            120.497330152000018,
                            23.45741184700006
                        ],
                        [
                            120.497303751000118,
                            23.457323809000059
                        ],
                        [
                            120.497251903,
                            23.457202858000073
                        ],
                        [
                            120.49717342800011,
                            23.457052445000045
                        ],
                        [
                            120.497145543000101,
                            23.456950659000029
                        ],
                        [
                            120.497096783000075,
                            23.456864104000033
                        ],
                        [
                            120.497047262000024,
                            23.456733930000041
                        ],
                        [
                            120.496983474000103,
                            23.456498315000033
                        ],
                        [
                            120.496937204,
                            23.456340530000034
                        ],
                        [
                            120.496905806000086,
                            23.456251429000076
                        ],
                        [
                            120.496893507000095,
                            23.456116112000075
                        ],
                        [
                            120.496922978000043,
                            23.455951474000074
                        ],
                        [
                            120.496971442000017,
                            23.455734867000047
                        ],
                        [
                            120.497019779000084,
                            23.455582579000065
                        ],
                        [
                            120.4970453950001,
                            23.455482293000046
                        ],
                        [
                            120.497063850000018,
                            23.45539935100004
                        ],
                        [
                            120.497069029000045,
                            23.455339560000027
                        ],
                        [
                            120.497027508000087,
                            23.455240260000039
                        ],
                        [
                            120.496975496000118,
                            23.45518131700004
                        ],
                        [
                            120.49679001700008,
                            23.455099079000036
                        ],
                        [
                            120.496590904000072,
                            23.455019350000043
                        ],
                        [
                            120.4965102970001,
                            23.454960830000061
                        ],
                        [
                            120.496426242000098,
                            23.454918435000025
                        ],
                        [
                            120.49632929500001,
                            23.454849818000071
                        ],
                        [
                            120.496221742000102,
                            23.454743460000032
                        ],
                        [
                            120.496147012000051,
                            23.454665327000043
                        ],
                        [
                            120.496051673000011,
                            23.454546157000038
                        ],
                        [
                            120.495831143000032,
                            23.454235926000024
                        ],
                        [
                            120.495697849000067,
                            23.454079428000057
                        ],
                        [
                            120.49548702800007,
                            23.453755267000076
                        ],
                        [
                            120.495385899000098,
                            23.453589123000029
                        ],
                        [
                            120.495342536000067,
                            23.453455403000078
                        ],
                        [
                            120.49530583100011,
                            23.453346843000077
                        ],
                        [
                            120.495269771000039,
                            23.453203835000068
                        ],
                        [
                            120.495262023,
                            23.453044342000055
                        ],
                        [
                            120.495259064000038,
                            23.452945624000051
                        ],
                        [
                            120.495232159000011,
                            23.45290009100006
                        ],
                        [
                            120.495180103000052,
                            23.452863486000069
                        ],
                        [
                            120.495070324000039,
                            23.452818659000059
                        ],
                        [
                            120.494912999,
                            23.452781931000061
                        ],
                        [
                            120.494510758000047,
                            23.452748814000074
                        ],
                        [
                            120.494247940000037,
                            23.452723986000024
                        ],
                        [
                            120.493814498,
                            23.452684439000052
                        ],
                        [
                            120.493258403000027,
                            23.452599631000055
                        ],
                        [
                            120.492982992000066,
                            23.452565802000038
                        ],
                        [
                            120.492603515000042,
                            23.452482963000023
                        ],
                        [
                            120.492012253000098,
                            23.452377979000062
                        ],
                        [
                            120.491468137000084,
                            23.452266574000078
                        ],
                        [
                            120.490931598000088,
                            23.45216193300007
                        ],
                        [
                            120.490691043000083,
                            23.452129876000072
                        ],
                        [
                            120.490336447000118,
                            23.452119019000065
                        ],
                        [
                            120.490137329000049,
                            23.45211045700006
                        ],
                        [
                            120.490018181000096,
                            23.452123692000043
                        ],
                        [
                            120.489837149000095,
                            23.452153919000068
                        ],
                        [
                            120.489616146000117,
                            23.452245590000075
                        ],
                        [
                            120.48940532600011,
                            23.452350892000027
                        ],
                        [
                            120.489239542000064,
                            23.452471603000049
                        ],
                        [
                            120.489139509000097,
                            23.452583308000044
                        ],
                        [
                            120.488943198000015,
                            23.452736616000038
                        ],
                        [
                            120.488809321000076,
                            23.452832754000042
                        ],
                        [
                            120.488622817000078,
                            23.452977875000045
                        ],
                        [
                            120.488352402000032,
                            23.453232182000079
                        ],
                        [
                            120.488058006000074,
                            23.453466173000038
                        ],
                        [
                            120.488007279000044,
                            23.453510507000033
                        ],
                        [
                            120.48761700700004,
                            23.453851593000024
                        ],
                        [
                            120.487255878000042,
                            23.454181858000027
                        ],
                        [
                            120.486807964000036,
                            23.454527195000026
                        ],
                        [
                            120.486424575000115,
                            23.454864681000061
                        ],
                        [
                            120.486250299000062,
                            23.454998147000026
                        ],
                        [
                            120.485994576000053,
                            23.455239593000044
                        ],
                        [
                            120.48581286000001,
                            23.455374317000064
                        ],
                        [
                            120.485546712000087,
                            23.455588360000036
                        ],
                        [
                            120.485045623000019,
                            23.45595167700003
                        ],
                        [
                            120.48463076500002,
                            23.456267815000047
                        ],
                        [
                            120.484444133000011,
                            23.456406051000044
                        ],
                        [
                            120.48409558700007,
                            23.456601786000078
                        ],
                        [
                            120.483696506000115,
                            23.456823511000039
                        ],
                        [
                            120.483218510000029,
                            23.457087142000034
                        ],
                        [
                            120.483183559000054,
                            23.457110126000032
                        ],
                        [
                            120.482939241000054,
                            23.457249768000054
                        ],
                        [
                            120.482613529000105,
                            23.457435824000072
                        ],
                        [
                            120.482398064000108,
                            23.457540675000075
                        ],
                        [
                            120.482119329000056,
                            23.457713260000048
                        ],
                        [
                            120.481945003000078,
                            23.457823142000052
                        ],
                        [
                            120.481697662000101,
                            23.458071030000042
                        ],
                        [
                            120.481614190000073,
                            23.458244842000056
                        ],
                        [
                            120.481427613000051,
                            23.458605444000057
                        ],
                        [
                            120.48134256700007,
                            23.458763185000066
                        ],
                        [
                            120.481147395000107,
                            23.459068776000038
                        ],
                        [
                            120.481113353000069,
                            23.459167026000046
                        ],
                        [
                            120.481065928000021,
                            23.459340226000052
                        ],
                        [
                            120.481063344000063,
                            23.459456333000048
                        ],
                        [
                            120.480992482000033,
                            23.459578208000039
                        ],
                        [
                            120.480895677000035,
                            23.459708574000047
                        ],
                        [
                            120.480770753000115,
                            23.459862417000068
                        ],
                        [
                            120.480600934000108,
                            23.460010149000027
                        ],
                        [
                            120.480441194000036,
                            23.460103682000067
                        ],
                        [
                            120.480285677000097,
                            23.460221292000028
                        ],
                        [
                            120.480025603000058,
                            23.460394701000041
                        ],
                        [
                            120.479774175000102,
                            23.460504767000032
                        ],
                        [
                            120.479396236000071,
                            23.46069170800007
                        ],
                        [
                            120.479216819000044,
                            23.46079592600006
                        ],
                        [
                            120.478698673000054,
                            23.461058833000038
                        ],
                        [
                            120.478299326000069,
                            23.46129325000004
                        ],
                        [
                            120.477819196000041,
                            23.461530230000051
                        ],
                        [
                            120.477340355000024,
                            23.461769471000025
                        ],
                        [
                            120.477164213000037,
                            23.461851801000023
                        ],
                        [
                            120.476994003000073,
                            23.461920238000062
                        ],
                        [
                            120.476805027000069,
                            23.461983254000074
                        ],
                        [
                            120.476610534000088,
                            23.462019930000054
                        ],
                        [
                            120.47599492300003,
                            23.462078822000024
                        ],
                        [
                            120.475400065000031,
                            23.462118962000034
                        ],
                        [
                            120.475242158000015,
                            23.462120545000062
                        ],
                        [
                            120.474884129000088,
                            23.462126725000076
                        ],
                        [
                            120.474623885000028,
                            23.462110523000035
                        ],
                        [
                            120.474238084000035,
                            23.462096498000051
                        ],
                        [
                            120.47402807900005,
                            23.462043822000055
                        ],
                        [
                            120.473696528000119,
                            23.462007024000059
                        ],
                        [
                            120.473103799000114,
                            23.461968976000037
                        ],
                        [
                            120.472590771000114,
                            23.461936464000075
                        ],
                        [
                            120.472054379000042,
                            23.461856069000078
                        ],
                        [
                            120.471758462000025,
                            23.461858878000044
                        ],
                        [
                            120.471265685000049,
                            23.461904145000062
                        ],
                        [
                            120.4712343650001,
                            23.461905280000053
                        ],
                        [
                            120.470904070000074,
                            23.461917275000076
                        ],
                        [
                            120.470698594000055,
                            23.461903581000058
                        ],
                        [
                            120.470585186000108,
                            23.461891738000077
                        ],
                        [
                            120.470111795000093,
                            23.46179072700005
                        ],
                        [
                            120.469785687000012,
                            23.461739756000043
                        ],
                        [
                            120.46968137600004,
                            23.461723452000058
                        ],
                        [
                            120.469423434000078,
                            23.461698022000064
                        ],
                        [
                            120.469014647000108,
                            23.461654496000051
                        ],
                        [
                            120.468735381000101,
                            23.461620242000038
                        ],
                        [
                            120.468655326000089,
                            23.46159747400003
                        ],
                        [
                            120.468313115000115,
                            23.461343677000059
                        ],
                        [
                            120.468016950000106,
                            23.461091372000055
                        ],
                        [
                            120.46779122800001,
                            23.460938979000048
                        ],
                        [
                            120.467526234000047,
                            23.460690746000068
                        ],
                        [
                            120.467348736000076,
                            23.460524872000065
                        ],
                        [
                            120.467002894000075,
                            23.460275718000048
                        ],
                        [
                            120.466828919000022,
                            23.460160363000057
                        ],
                        [
                            120.466679082000041,
                            23.460069857000065
                        ],
                        [
                            120.466446538000014,
                            23.459948602000054
                        ],
                        [
                            120.466332729000101,
                            23.45985634300007
                        ],
                        [
                            120.466200011000069,
                            23.459690848000037
                        ],
                        [
                            120.465964525000118,
                            23.459365109000032
                        ],
                        [
                            120.465767959000118,
                            23.459117999000057
                        ],
                        [
                            120.465627642000072,
                            23.458945733000064
                        ],
                        [
                            120.465493047000109,
                            23.458810163000066
                        ],
                        [
                            120.46521863800001,
                            23.458587359000035
                        ],
                        [
                            120.465063831000066,
                            23.458496934000038
                        ],
                        [
                            120.464955135000082,
                            23.458411472000023
                        ],
                        [
                            120.464869544000067,
                            23.458361233000062
                        ],
                        [
                            120.464757593000058,
                            23.458359710000025
                        ],
                        [
                            120.464642756000103,
                            23.458338709000031
                        ],
                        [
                            120.464551093000068,
                            23.45829545600003
                        ],
                        [
                            120.46452264100003,
                            23.45824194000005
                        ],
                        [
                            120.464515904000109,
                            23.45815587900006
                        ],
                        [
                            120.464523479000036,
                            23.458100597000055
                        ],
                        [
                            120.464604579000024,
                            23.457931429000041
                        ],
                        [
                            120.464663839000082,
                            23.457728160000045
                        ],
                        [
                            120.464717097000062,
                            23.457535353000026
                        ],
                        [
                            120.464729568000052,
                            23.457354735000024
                        ],
                        [
                            120.46473727700004,
                            23.457184530000063
                        ],
                        [
                            120.464712996000117,
                            23.457091872000035
                        ],
                        [
                            120.464704079000057,
                            23.456959877000031
                        ],
                        [
                            120.464680243000089,
                            23.456828149000046
                        ],
                        [
                            120.464661495000087,
                            23.456641154000067
                        ],
                        [
                            120.46461819000001,
                            23.456469536000043
                        ],
                        [
                            120.464578474000064,
                            23.456290959000057
                        ],
                        [
                            120.464542724000012,
                            23.456184706000045
                        ],
                        [
                            120.464513472000021,
                            23.456092131000048
                        ],
                        [
                            120.464509221000071,
                            23.456006024000033
                        ],
                        [
                            120.464513556000043,
                            23.455914026000073
                        ],
                        [
                            120.464542921000088,
                            23.455829624000046
                        ],
                        [
                            120.464574742000082,
                            23.455744048000042
                        ],
                        [
                            120.464586354000062,
                            23.455703634000031
                        ],
                        [
                            120.464578049000011,
                            23.455662411000048
                        ],
                        [
                            120.464523537000105,
                            23.45561163800005
                        ],
                        [
                            120.464476862000083,
                            23.455579113000056
                        ],
                        [
                            120.464338969000096,
                            23.455525181000041
                        ],
                        [
                            120.464127993000034,
                            23.455485131000046
                        ],
                        [
                            120.4639487070001,
                            23.455474428000059
                        ],
                        [
                            120.463824210000098,
                            23.455467380000073
                        ],
                        [
                            120.463653316000091,
                            23.455380683000044
                        ],
                        [
                            120.463485825000021,
                            23.455338741000048
                        ],
                        [
                            120.463320964000104,
                            23.455303660000027
                        ],
                        [
                            120.463180375000093,
                            23.455300332000036
                        ],
                        [
                            120.463046192000093,
                            23.455306092000058
                        ],
                        [
                            120.462911214000087,
                            23.455333672000052
                        ],
                        [
                            120.462819366000076,
                            23.455342142000063
                        ],
                        [
                            120.462731129000076,
                            23.455344811000032
                        ],
                        [
                            120.462630392000051,
                            23.455344245000049
                        ],
                        [
                            120.462506878000113,
                            23.455324532000077
                        ],
                        [
                            120.462358225000116,
                            23.455291465000073
                        ],
                        [
                            120.46226811300005,
                            23.455263116000026
                        ],
                        [
                            120.462181235000116,
                            23.455271513000071
                        ],
                        [
                            120.461729245000015,
                            23.455303416000049
                        ],
                        [
                            120.461520548000067,
                            23.455313893000039
                        ],
                        [
                            120.461244675000103,
                            23.455323216000068
                        ],
                        [
                            120.461069656000063,
                            23.455338866000034
                        ],
                        [
                            120.461015782000118,
                            23.455319111000051
                        ],
                        [
                            120.460933666000074,
                            23.455256169000052
                        ],
                        [
                            120.460793357000057,
                            23.455083906000027
                        ],
                        [
                            120.460668530000021,
                            23.454938968000079
                        ],
                        [
                            120.460512670000071,
                            23.454796866000038
                        ],
                        [
                            120.460420493000015,
                            23.454667447000077
                        ],
                        [
                            120.460303358000033,
                            23.454533857000058
                        ],
                        [
                            120.460246646000087,
                            23.454496919000064
                        ],
                        [
                            120.460130409000044,
                            23.454467881000028
                        ],
                        [
                            120.459984330000111,
                            23.454439367000077
                        ],
                        [
                            120.459612466000067,
                            23.454361905000042
                        ],
                        [
                            120.459568768000054,
                            23.454352804000052
                        ],
                        [
                            120.459545993,
                            23.45434805900004
                        ],
                        [
                            120.459302445000048,
                            23.454295935000061
                        ],
                        [
                            120.45910483900002,
                            23.454240717000062
                        ],
                        [
                            120.458992072000115,
                            23.454198986000051
                        ],
                        [
                            120.458894992000069,
                            23.454134013000044
                        ],
                        [
                            120.458820667000055,
                            23.454026110000029
                        ],
                        [
                            120.458751499000073,
                            23.453927333000024
                        ],
                        [
                            120.458693237000034,
                            23.453875470000071
                        ],
                        [
                            120.458465844000102,
                            23.453640353000026
                        ],
                        [
                            120.458300800000075,
                            23.453535177000049
                        ],
                        [
                            120.458113090000097,
                            23.453382499000043
                        ],
                        [
                            120.458096205000061,
                            23.453365831000042
                        ],
                        [
                            120.458082715000046,
                            23.453351897000061
                        ],
                        [
                            120.457869679000055,
                            23.453134565000028
                        ],
                        [
                            120.457736670000031,
                            23.453047459000061
                        ],
                        [
                            120.457575213000041,
                            23.452974442000027
                        ],
                        [
                            120.457448768000063,
                            23.452914855000074
                        ],
                        [
                            120.457356228000094,
                            23.452879026000062
                        ],
                        [
                            120.457317223000018,
                            23.452844974000072
                        ],
                        [
                            120.457306465000102,
                            23.452780688000075
                        ],
                        [
                            120.457312957000113,
                            23.452702440000053
                        ],
                        [
                            120.457331181000086,
                            23.452666609000062
                        ],
                        [
                            120.457410594000066,
                            23.452647374000037
                        ],
                        [
                            120.457514863000029,
                            23.452625567000041
                        ],
                        [
                            120.457580533000055,
                            23.452601884000046
                        ],
                        [
                            120.457648489,
                            23.452562053000065
                        ],
                        [
                            120.457660545000067,
                            23.452530888000069
                        ],
                        [
                            120.457613385000059,
                            23.452441718000046
                        ],
                        [
                            120.457576884000105,
                            23.452408766000076
                        ],
                        [
                            120.457530371000075,
                            23.452371321000044
                        ],
                        [
                            120.457458737000024,
                            23.452315743000042
                        ],
                        [
                            120.45737869800007,
                            23.452284402000032
                        ],
                        [
                            120.457264900000041,
                            23.452240779000078
                        ],
                        [
                            120.457174930000065,
                            23.452211832000046
                        ],
                        [
                            120.457092532000047,
                            23.452190868000059
                        ],
                        [
                            120.457001576000039,
                            23.452182639000057
                        ],
                        [
                            120.456950441000117,
                            23.452173982000033
                        ],
                        [
                            120.456855365000024,
                            23.452134759000046
                        ],
                        [
                            120.456804616000113,
                            23.452057116000049
                        ],
                        [
                            120.456564480000111,
                            23.451761890000057
                        ],
                        [
                            120.456436882000048,
                            23.451609184000063
                        ],
                        [
                            120.456229414000063,
                            23.451338908000025
                        ],
                        [
                            120.455967395000016,
                            23.450985282000033
                        ],
                        [
                            120.455824937000102,
                            23.45083848400003
                        ],
                        [
                            120.455659506000075,
                            23.450645938000036
                        ],
                        [
                            120.455624923000073,
                            23.450566977000051
                        ],
                        [
                            120.455539950000116,
                            23.450439114000062
                        ],
                        [
                            120.455493148000073,
                            23.450378666000063
                        ],
                        [
                            120.455426571000089,
                            23.450328787000046
                        ],
                        [
                            120.455295953000018,
                            23.450333631000035
                        ],
                        [
                            120.45511168500002,
                            23.450327543000071
                        ],
                        [
                            120.454971356000101,
                            23.450352030000033
                        ],
                        [
                            120.454807156000015,
                            23.450358363000078
                        ],
                        [
                            120.45475976900002,
                            23.450350821000029
                        ],
                        [
                            120.45471331400006,
                            23.450317969000025
                        ],
                        [
                            120.454690775000017,
                            23.450206684000023
                        ],
                        [
                            120.454657295000061,
                            23.449916157000075
                        ],
                        [
                            120.454656267000018,
                            23.449733369000057
                        ],
                        [
                            120.454599978000033,
                            23.449409753000054
                        ],
                        [
                            120.454605600000036,
                            23.449261374000059
                        ],
                        [
                            120.454600159000051,
                            23.448923419000039
                        ],
                        [
                            120.454601720000028,
                            23.448748649000038
                        ],
                        [
                            120.454618646000085,
                            23.448408151000024
                        ],
                        [
                            120.454609557000026,
                            23.448319653000055
                        ],
                        [
                            120.454565328000058,
                            23.44822060100006
                        ],
                        [
                            120.454445042000089,
                            23.447921922000035
                        ],
                        [
                            120.454356615000052,
                            23.447760624000068
                        ],
                        [
                            120.454211146000034,
                            23.447449991000042
                        ],
                        [
                            120.454012390000116,
                            23.44699111400007
                        ],
                        [
                            120.453781707000076,
                            23.446497278000038
                        ],
                        [
                            120.453504428000088,
                            23.445979151000074
                        ],
                        [
                            120.453355361000035,
                            23.445726049000029
                        ],
                        [
                            120.453199665000056,
                            23.445455861000028
                        ],
                        [
                            120.453111077000017,
                            23.445287674000042
                        ],
                        [
                            120.45298571100011,
                            23.44503751600007
                        ],
                        [
                            120.452868426,
                            23.444865339000046
                        ],
                        [
                            120.452644219000035,
                            23.444642548000047
                        ],
                        [
                            120.452462978000085,
                            23.444500441000059
                        ],
                        [
                            120.452171364000037,
                            23.444319313000051
                        ],
                        [
                            120.451981889000081,
                            23.444196895000061
                        ],
                        [
                            120.451659608000114,
                            23.444033638000064
                        ],
                        [
                            120.451427314000057,
                            23.44394085700003
                        ],
                        [
                            120.451112868000109,
                            23.443845227000054
                        ],
                        [
                            120.450953245000051,
                            23.443775051000046
                        ],
                        [
                            120.450782355000115,
                            23.443701669000063
                        ],
                        [
                            120.450564676000113,
                            23.443595955000035
                        ],
                        [
                            120.45038923200002,
                            23.44348818800006
                        ],
                        [
                            120.45024159400009,
                            23.443451085000049
                        ],
                        [
                            120.450017160000016,
                            23.44342709600005
                        ],
                        [
                            120.449789245000034,
                            23.44341350600007
                        ],
                        [
                            120.44964066700004,
                            23.44342135900007
                        ],
                        [
                            120.450067405000027,
                            23.44371581200005
                        ],
                        [
                            120.450252628000044,
                            23.443861928000047
                        ],
                        [
                            120.450308339000117,
                            23.444010985000034
                        ],
                        [
                            120.450229306000097,
                            23.444194034000077
                        ],
                        [
                            120.450231521000092,
                            23.444194848000052
                        ],
                        [
                            120.450280230000089,
                            23.444249200000058
                        ],
                        [
                            120.450309291000053,
                            23.444321542000068
                        ],
                        [
                            120.450328603000116,
                            23.444384820000039
                        ],
                        [
                            120.450278775000015,
                            23.444601363000061
                        ],
                        [
                            120.450306903000069,
                            23.444899453000062
                        ],
                        [
                            120.450315795000051,
                            23.445116203000055
                        ],
                        [
                            120.450354046000029,
                            23.445333058000074
                        ],
                        [
                            120.450577350000117,
                            23.445767284000055
                        ],
                        [
                            120.450811226000042,
                            23.446011919000057
                        ],
                        [
                            120.45088884900008,
                            23.446174731000042
                        ],
                        [
                            120.450741375,
                            23.446336752000036
                        ],
                        [
                            120.450741077000089,
                            23.446408990000066
                        ],
                        [
                            120.45076924500006,
                            23.44669804800003
                        ],
                        [
                            120.450816427000063,
                            23.447122624000031
                        ],
                        [
                            120.450834098000087,
                            23.447583215000066
                        ],
                        [
                            120.450822410000114,
                            23.448043703000053
                        ],
                        [
                            120.450782218000086,
                            23.44829640100005
                        ],
                        [
                            120.450732275000064,
                            23.448540033000029
                        ],
                        [
                            120.450760630000104,
                            23.448783943000024
                        ],
                        [
                            120.450799257000085,
                            23.448910498000032
                        ],
                        [
                            120.450886332000096,
                            23.449154615000054
                        ],
                        [
                            120.451060559000098,
                            23.449624788000051
                        ],
                        [
                            120.451235721000103,
                            23.449869213000056
                        ],
                        [
                            120.451237751,
                            23.449942327000031
                        ],
                        [
                            120.45124424100004,
                            23.45017626300006
                        ],
                        [
                            120.45131888800006,
                            23.451061461000052
                        ],
                        [
                            120.451357441000027,
                            23.451206075000073
                        ],
                        [
                            120.451562301000081,
                            23.451369335000038
                        ],
                        [
                            120.451444146000085,
                            23.451540489000024
                        ],
                        [
                            120.451414710000108,
                            23.451558445000046
                        ],
                        [
                            120.449726643000076,
                            23.45268124200004
                        ],
                        [
                            120.448774470000103,
                            23.453355127000066
                        ],
                        [
                            120.448242299000071,
                            23.453745724000044
                        ],
                        [
                            120.448022130000027,
                            23.453907322000077
                        ],
                        [
                            120.447310482000034,
                            23.454683774000046
                        ],
                        [
                            120.447035281000012,
                            23.454992424000068
                        ],
                        [
                            120.447031183000036,
                            23.456081601000051
                        ],
                        [
                            120.447026989000051,
                            23.457196087000057
                        ],
                        [
                            120.447093820000077,
                            23.457939359000022
                        ],
                        [
                            120.447141403000046,
                            23.458578393000039
                        ],
                        [
                            120.447166624000033,
                            23.459378951000076
                        ],
                        [
                            120.447183498000072,
                            23.459914568000045
                        ],
                        [
                            120.447211482000057,
                            23.460569341000053
                        ],
                        [
                            120.447217484000021,
                            23.460709805000079
                        ],
                        [
                            120.447233741000105,
                            23.461404382000069
                        ],
                        [
                            120.447202988000072,
                            23.461738380000043
                        ],
                        [
                            120.447659294000118,
                            23.461582939000039
                        ],
                        [
                            120.448045763000096,
                            23.46149755700003
                        ],
                        [
                            120.448052047000033,
                            23.461497607000069
                        ],
                        [
                            120.448210745000097,
                            23.461498881000068
                        ],
                        [
                            120.448554660000013,
                            23.461517417000039
                        ],
                        [
                            120.448794680000105,
                            23.461575486000072
                        ],
                        [
                            120.449107091000087,
                            23.461679802000049
                        ],
                        [
                            120.450346021000087,
                            23.462059274000069
                        ],
                        [
                            120.450552523000056,
                            23.462135025000066
                        ],
                        [
                            120.451260122,
                            23.462394589000041
                        ],
                        [
                            120.451751839000053,
                            23.462551996000059
                        ],
                        [
                            120.451739408000094,
                            23.462567086000035
                        ],
                        [
                            120.451730800000064,
                            23.462588473000039
                        ],
                        [
                            120.451534355000035,
                            23.463076556000033
                        ],
                        [
                            120.451070750000099,
                            23.464235269000028
                        ],
                        [
                            120.451024287000109,
                            23.464386779000051
                        ],
                        [
                            120.450378325000088,
                            23.466493132000039
                        ],
                        [
                            120.449639435000108,
                            23.468902477000029
                        ],
                        [
                            120.449604852000107,
                            23.469173978000072
                        ],
                        [
                            120.449549995000098,
                            23.469604962000062
                        ],
                        [
                            120.449506676000055,
                            23.469945688000053
                        ],
                        [
                            120.44946638600004,
                            23.470329382000045
                        ],
                        [
                            120.451327554000045,
                            23.47050831200005
                        ],
                        [
                            120.451802907000115,
                            23.470555404000038
                        ],
                        [
                            120.451768369000092,
                            23.471056547000046
                        ],
                        [
                            120.451848126000073,
                            23.471091436000052
                        ],
                        [
                            120.451957312000104,
                            23.471181130000048
                        ],
                        [
                            120.452122638000105,
                            23.471438195000076
                        ],
                        [
                            120.452107107000074,
                            23.47157797400007
                        ],
                        [
                            120.452059609000116,
                            23.472006728000053
                        ],
                        [
                            120.451923603000068,
                            23.47323883100006
                        ],
                        [
                            120.451847268000051,
                            23.473983530000055
                        ],
                        [
                            120.451844556000083,
                            23.47401061000005
                        ],
                        [
                            120.451832320000108,
                            23.47401056700005
                        ],
                        [
                            120.451035273000116,
                            23.473936534000075
                        ],
                        [
                            120.450266070000112,
                            23.473865087000036
                        ],
                        [
                            120.450214544000119,
                            23.474341232000029
                        ],
                        [
                            120.45018480400006,
                            23.474616539000067
                        ],
                        [
                            120.450144088000116,
                            23.474993394000023
                        ],
                        [
                            120.450032125,
                            23.476029180000069
                        ],
                        [
                            120.449970722000103,
                            23.476600103000067
                        ],
                        [
                            120.449952757,
                            23.47676483500004
                        ],
                        [
                            120.44987105000007,
                            23.477469128000052
                        ],
                        [
                            120.449622648000059,
                            23.479912844000069
                        ],
                        [
                            120.449606342000038,
                            23.479990287000078
                        ],
                        [
                            120.449501858000076,
                            23.480425067000056
                        ],
                        [
                            120.449419165000108,
                            23.48075633600007
                        ],
                        [
                            120.449294997000038,
                            23.481232563000049
                        ],
                        [
                            120.449176908000027,
                            23.481887978000032
                        ],
                        [
                            120.44909549800002,
                            23.482150830000023
                        ],
                        [
                            120.449091382,
                            23.482164116000035
                        ],
                        [
                            120.448996915000066,
                            23.482608047000042
                        ],
                        [
                            120.448924032000036,
                            23.48291400100004
                        ],
                        [
                            120.448844752000014,
                            23.483396891000041
                        ],
                        [
                            120.448766423000052,
                            23.483627048000074
                        ],
                        [
                            120.448636443000055,
                            23.483967756000027
                        ],
                        [
                            120.448635538000076,
                            23.483971174000033
                        ],
                        [
                            120.448514663000083,
                            23.484427895000067
                        ],
                        [
                            120.448510843,
                            23.484618608000062
                        ],
                        [
                            120.448390210000071,
                            23.48485818000006
                        ],
                        [
                            120.448260816000015,
                            23.485295372000053
                        ],
                        [
                            120.448028344000022,
                            23.485820746000059
                        ],
                        [
                            120.447869170000104,
                            23.486139372000025
                        ],
                        [
                            120.447765774000118,
                            23.486313499000062
                        ],
                        [
                            120.447654782000086,
                            23.486505975000057
                        ],
                        [
                            120.447586720000118,
                            23.486615942000071
                        ],
                        [
                            120.447599376000085,
                            23.486647020000078
                        ],
                        [
                            120.447597310000106,
                            23.486648747000061
                        ],
                        [
                            120.447603363000098,
                            23.486664571000063
                        ],
                        [
                            120.44765862700001,
                            23.486727976000054
                        ],
                        [
                            120.447675078000088,
                            23.486746743000026
                        ],
                        [
                            120.447950272000071,
                            23.487060647000078
                        ],
                        [
                            120.448109278000061,
                            23.487242019000064
                        ],
                        [
                            120.448249199000088,
                            23.487400539000078
                        ],
                        [
                            120.448260921000042,
                            23.487414125000043
                        ],
                        [
                            120.448287866000101,
                            23.487445825000066
                        ],
                        [
                            120.448305776000097,
                            23.487466266000069
                        ],
                        [
                            120.448664832000077,
                            23.487876079000046
                        ],
                        [
                            120.448909244000106,
                            23.488219282000045
                        ],
                        [
                            120.449114228000099,
                            23.488507119000076
                        ],
                        [
                            120.449340769000059,
                            23.488825224000038
                        ],
                        [
                            120.449681291000047,
                            23.489535864000061
                        ],
                        [
                            120.449754296000037,
                            23.489768987000048
                        ],
                        [
                            120.449805276,
                            23.489774313000055
                        ],
                        [
                            120.449816634000058,
                            23.489837570000077
                        ],
                        [
                            120.449856425,
                            23.489983113000051
                        ],
                        [
                            120.449926588000039,
                            23.490239735000046
                        ],
                        [
                            120.449958579000054,
                            23.490356746000032
                        ],
                        [
                            120.450005895000118,
                            23.490529808000076
                        ],
                        [
                            120.450070777000064,
                            23.490768370000069
                        ],
                        [
                            120.450119674,
                            23.491023167000037
                        ],
                        [
                            120.450161506000086,
                            23.491344617000038
                        ],
                        [
                            120.450183096000046,
                            23.491615624000076
                        ],
                        [
                            120.45022270000004,
                            23.491980754000053
                        ],
                        [
                            120.450194598000053,
                            23.492274992000034
                        ],
                        [
                            120.450126754000053,
                            23.492590104000044
                        ],
                        [
                            120.450078671000028,
                            23.492877546000045
                        ],
                        [
                            120.450000997000075,
                            23.49321569600005
                        ],
                        [
                            120.449840739000024,
                            23.493903487000068
                        ],
                        [
                            120.44954700400001,
                            23.495177859000023
                        ],
                        [
                            120.449383939000086,
                            23.495815120000032
                        ],
                        [
                            120.449254591000113,
                            23.496261506000053
                        ],
                        [
                            120.449192022000034,
                            23.496624846000032
                        ],
                        [
                            120.449087730000088,
                            23.49709408800004
                        ],
                        [
                            120.44898774100011,
                            23.497450730000025
                        ],
                        [
                            120.448897797000086,
                            23.49782108900007
                        ],
                        [
                            120.448876687000052,
                            23.498037170000032
                        ],
                        [
                            120.4488335960001,
                            23.498239940000076
                        ],
                        [
                            120.448783932000083,
                            23.498473638000064
                        ],
                        [
                            120.448616952000066,
                            23.499001330000056
                        ],
                        [
                            120.448542912000107,
                            23.499276689000055
                        ],
                        [
                            120.448541209000041,
                            23.499276452000061
                        ],
                        [
                            120.448540755000067,
                            23.499278140000058
                        ],
                        [
                            120.448504970000045,
                            23.499422492000065
                        ],
                        [
                            120.44850201700001,
                            23.499433768000074
                        ],
                        [
                            120.448204665000048,
                            23.500602088000051
                        ],
                        [
                            120.448011658000041,
                            23.501362172000029
                        ],
                        [
                            120.44716664900011,
                            23.504948562000038
                        ],
                        [
                            120.446230960000094,
                            23.504877515000032
                        ],
                        [
                            120.445618187000036,
                            23.504523169000038
                        ],
                        [
                            120.445251326000061,
                            23.504081656000039
                        ],
                        [
                            120.444026133000079,
                            23.501645984000049
                        ],
                        [
                            120.443640911000102,
                            23.500879325000028
                        ],
                        [
                            120.443183929000043,
                            23.499970185000052
                        ],
                        [
                            120.442897887000072,
                            23.499413823000054
                        ],
                        [
                            120.442390461000059,
                            23.498425491000035
                        ],
                        [
                            120.442310206000116,
                            23.498264923000079
                        ],
                        [
                            120.442228911000029,
                            23.49813369900005
                        ],
                        [
                            120.442125671000099,
                            23.497980030000065
                        ],
                        [
                            120.440008742000032,
                            23.501435033000064
                        ],
                        [
                            120.439893160000111,
                            23.501623229000074
                        ],
                        [
                            120.439767161000077,
                            23.501833086000033
                        ],
                        [
                            120.439572420000104,
                            23.502169933000062
                        ],
                        [
                            120.439454419000072,
                            23.50237179800007
                        ],
                        [
                            120.439383989000021,
                            23.502491912000039
                        ],
                        [
                            120.439337973000079,
                            23.502566604000037
                        ],
                        [
                            120.439270632000103,
                            23.50267591000005
                        ],
                        [
                            120.439195632000065,
                            23.502797650000048
                        ],
                        [
                            120.439123736000056,
                            23.502914347000058
                        ],
                        [
                            120.439050842000029,
                            23.503032669000049
                        ],
                        [
                            120.438982683000063,
                            23.503143302000069
                        ],
                        [
                            120.438918538000053,
                            23.503246463000039
                        ],
                        [
                            120.438840882000022,
                            23.50337250900003
                        ],
                        [
                            120.438753788000099,
                            23.503513879000025
                        ],
                        [
                            120.438154988000065,
                            23.504500559000064
                        ],
                        [
                            120.435831943000039,
                            23.508356477000063
                        ],
                        [
                            120.435675414000116,
                            23.508591718000048
                        ],
                        [
                            120.435494113000118,
                            23.508752887000071
                        ],
                        [
                            120.434989957000084,
                            23.509076894000032
                        ],
                        [
                            120.433788953000089,
                            23.509836151000059
                        ],
                        [
                            120.433803861000115,
                            23.509887148000075
                        ],
                        [
                            120.433822038000017,
                            23.509998563000067
                        ],
                        [
                            120.433844054000019,
                            23.510087037000062
                        ],
                        [
                            120.433857332000116,
                            23.510180057000071
                        ],
                        [
                            120.433863163000069,
                            23.510268454000027
                        ],
                        [
                            120.433872511000118,
                            23.51040507600004
                        ],
                        [
                            120.433880621000071,
                            23.510540535000075
                        ],
                        [
                            120.433880062000071,
                            23.510665624000069
                        ],
                        [
                            120.433883395000066,
                            23.510755159000041
                        ],
                        [
                            120.433873056000039,
                            23.510840040000062
                        ],
                        [
                            120.433863986,
                            23.510919181000077
                        ],
                        [
                            120.433841179000069,
                            23.511007456000073
                        ],
                        [
                            120.433819562000053,
                            23.511108341000067
                        ],
                        [
                            120.433784276000097,
                            23.51120228700006
                        ],
                        [
                            120.433751463000021,
                            23.511300829000049
                        ],
                        [
                            120.433717376000118,
                            23.51140625000005
                        ],
                        [
                            120.433657097000037,
                            23.511520736000023
                        ],
                        [
                            120.433608031000063,
                            23.511634127000036
                        ],
                        [
                            120.433567791000087,
                            23.511723451000023
                        ],
                        [
                            120.433506313000066,
                            23.511827596000046
                        ],
                        [
                            120.433454854000047,
                            23.511919170000056
                        ],
                        [
                            120.433422157000109,
                            23.51199131900006
                        ],
                        [
                            120.4333706540001,
                            23.51209321500005
                        ],
                        [
                            120.433169925000016,
                            23.512282674000062
                        ],
                        [
                            120.43301013700011,
                            23.512517867000042
                        ],
                        [
                            120.432938550000017,
                            23.512669509000034
                        ],
                        [
                            120.432873018,
                            23.512813007000034
                        ],
                        [
                            120.432777461000114,
                            23.513009856000053
                        ],
                        [
                            120.432727101000069,
                            23.513103722000039
                        ],
                        [
                            120.432654711000055,
                            23.513277204000076
                        ],
                        [
                            120.432573406000074,
                            23.513440495000054
                        ],
                        [
                            120.432560499000033,
                            23.513503907000029
                        ],
                        [
                            120.432547374000023,
                            23.513568398000075
                        ],
                        [
                            120.432526360000111,
                            23.513698543000032
                        ],
                        [
                            120.432578632000059,
                            23.513822850000054
                        ],
                        [
                            120.432746755000039,
                            23.51395440400006
                        ],
                        [
                            120.432920472000092,
                            23.51405488000006
                        ],
                        [
                            120.43316187500011,
                            23.514180721000059
                        ],
                        [
                            120.433374030000095,
                            23.514275330000032
                        ],
                        [
                            120.433534783000027,
                            23.514342446000057
                        ],
                        [
                            120.433590522000031,
                            23.514444768000033
                        ],
                        [
                            120.433619765000117,
                            23.514587755000036
                        ],
                        [
                            120.433717633000015,
                            23.514853517000063
                        ],
                        [
                            120.433845186000099,
                            23.515168103000065
                        ],
                        [
                            120.433860276000019,
                            23.515346941000075
                        ],
                        [
                            120.433851258000118,
                            23.515561821000063
                        ],
                        [
                            120.433900605000076,
                            23.515713640000058
                        ],
                        [
                            120.433983094000041,
                            23.515901589000066
                        ],
                        [
                            120.434024281,
                            23.516021403000025
                        ],
                        [
                            120.434023368000112,
                            23.516151170000057
                        ],
                        [
                            120.433975005000093,
                            23.516216353000061
                        ],
                        [
                            120.433914254000115,
                            23.516284048000045
                        ],
                        [
                            120.433771522000029,
                            23.516358984000078
                        ],
                        [
                            120.433625677,
                            23.516405275000068
                        ],
                        [
                            120.433468315000027,
                            23.516494253000076
                        ],
                        [
                            120.433423958000049,
                            23.516571993000071
                        ],
                        [
                            120.433420684000112,
                            23.516707540000027
                        ],
                        [
                            120.433469432000038,
                            23.516889218000074
                        ],
                        [
                            120.433531442000117,
                            23.517051132000063
                        ],
                        [
                            120.433616117000042,
                            23.517167850000078
                        ],
                        [
                            120.433771622000108,
                            23.517222439000022
                        ],
                        [
                            120.433977508000112,
                            23.517247394000037
                        ],
                        [
                            120.434269205000078,
                            23.517269635000048
                        ],
                        [
                            120.434660123000072,
                            23.517276297000024
                        ],
                        [
                            120.43504322900003,
                            23.51726701900003
                        ],
                        [
                            120.435223554000117,
                            23.517146627000045
                        ],
                        [
                            120.435448285,
                            23.517008189000023
                        ],
                        [
                            120.43584127500003,
                            23.516766795000024
                        ],
                        [
                            120.436139994000087,
                            23.516539742000077
                        ],
                        [
                            120.436406092000084,
                            23.516300662000049
                        ],
                        [
                            120.436639195000112,
                            23.516032328000051
                        ],
                        [
                            120.436840950000033,
                            23.515753073000042
                        ],
                        [
                            120.43697635500007,
                            23.515570338000032
                        ],
                        [
                            120.437247545000105,
                            23.515279495000073
                        ],
                        [
                            120.437362879000034,
                            23.515146493000032
                        ],
                        [
                            120.437428594000039,
                            23.514963876000024
                        ],
                        [
                            120.437475256000084,
                            23.514820648000068
                        ],
                        [
                            120.437468500000023,
                            23.514681843000062
                        ],
                        [
                            120.437454805000016,
                            23.514567277000026
                        ],
                        [
                            120.437374407000107,
                            23.514418320000061
                        ],
                        [
                            120.437285354000096,
                            23.514329234000058
                        ],
                        [
                            120.437177468000073,
                            23.514232458000038
                        ],
                        [
                            120.437139217000095,
                            23.514133254000058
                        ],
                        [
                            120.437142018000031,
                            23.514033312000038
                        ],
                        [
                            120.437182868000036,
                            23.513965970000072
                        ],
                        [
                            120.437302203000058,
                            23.513845527000058
                        ],
                        [
                            120.437499286000048,
                            23.513694968000038
                        ],
                        [
                            120.437838936000048,
                            23.513347755000041
                        ],
                        [
                            120.438234459000114,
                            23.512937523000062
                        ],
                        [
                            120.438537636000092,
                            23.512630007000041
                        ],
                        [
                            120.438810267,
                            23.512405728000033
                        ],
                        [
                            120.439056756000014,
                            23.512238188000026
                        ],
                        [
                            120.439265661000036,
                            23.512173526000026
                        ],
                        [
                            120.439612454000098,
                            23.512154561000045
                        ],
                        [
                            120.43992267100009,
                            23.512113309000028
                        ],
                        [
                            120.440241563000086,
                            23.512013343000035
                        ],
                        [
                            120.440503732000025,
                            23.511937377000038
                        ],
                        [
                            120.440611908000051,
                            23.511933105000026
                        ],
                        [
                            120.440880909000043,
                            23.511999382000056
                        ],
                        [
                            120.440999269000031,
                            23.51206267200007
                        ],
                        [
                            120.441172020000067,
                            23.512166305000051
                        ],
                        [
                            120.441357683000092,
                            23.512291508000033
                        ],
                        [
                            120.441526610000096,
                            23.512448031000076
                        ],
                        [
                            120.441637686000036,
                            23.512576907000039
                        ],
                        [
                            120.441790639000033,
                            23.512742890000027
                        ],
                        [
                            120.441912239000089,
                            23.512840561000075
                        ],
                        [
                            120.442040981000105,
                            23.512980606000042
                        ],
                        [
                            120.442127286000073,
                            23.513171933000024
                        ],
                        [
                            120.442147954,
                            23.513320817000078
                        ],
                        [
                            120.442136781000045,
                            23.513493250000067
                        ],
                        [
                            120.442105501000015,
                            23.513656867000066
                        ],
                        [
                            120.442015886000036,
                            23.513884696000048
                        ],
                        [
                            120.441890679000039,
                            23.514192402000049
                        ],
                        [
                            120.44180614600009,
                            23.514482147000024
                        ],
                        [
                            120.441748978000078,
                            23.514713994000033
                        ],
                        [
                            120.441732643000023,
                            23.514821074000054
                        ],
                        [
                            120.441692530000068,
                            23.514979106000055
                        ],
                        [
                            120.44161512900007,
                            23.515196378000041
                        ],
                        [
                            120.441481940000017,
                            23.515537537000057
                        ],
                        [
                            120.441372001000104,
                            23.515803617000074
                        ],
                        [
                            120.441276947,
                            23.516124570000045
                        ],
                        [
                            120.441231562000098,
                            23.516326332000062
                        ],
                        [
                            120.441154685000015,
                            23.516567714000075
                        ],
                        [
                            120.44107546500004,
                            23.516758614000025
                        ],
                        [
                            120.44098937900003,
                            23.516977181000073
                        ],
                        [
                            120.440845250000052,
                            23.517444854000075
                        ],
                        [
                            120.44074299600004,
                            23.517721136000034
                        ],
                        [
                            120.440656563000061,
                            23.517981057000043
                        ],
                        [
                            120.440619714000036,
                            23.518174635000037
                        ],
                        [
                            120.44062107000002,
                            23.518294025000046
                        ],
                        [
                            120.44068267900002,
                            23.518322751000028
                        ],
                        [
                            120.440722973000106,
                            23.518315919000031
                        ],
                        [
                            120.44074343300008,
                            23.518312450000053
                        ],
                        [
                            120.44092480900008,
                            23.518297658000051
                        ],
                        [
                            120.441231010000024,
                            23.51824270700007
                        ],
                        [
                            120.441654938000056,
                            23.518164920000061
                        ],
                        [
                            120.442003805000013,
                            23.518126412000072
                        ],
                        [
                            120.442309236000028,
                            23.518093283000042
                        ],
                        [
                            120.442501733000086,
                            23.518074838000075
                        ],
                        [
                            120.442742266000096,
                            23.517976305000047
                        ],
                        [
                            120.443043522000039,
                            23.517808912000078
                        ],
                        [
                            120.443399241000066,
                            23.51762788700006
                        ],
                        [
                            120.443824170000084,
                            23.51742493200004
                        ],
                        [
                            120.444245676000037,
                            23.51729322500006
                        ],
                        [
                            120.44439095000007,
                            23.517277952000029
                        ],
                        [
                            120.444486697000116,
                            23.517331308000053
                        ],
                        [
                            120.444580931000019,
                            23.517429482000068
                        ],
                        [
                            120.444750390000081,
                            23.517610107000053
                        ],
                        [
                            120.444889820000071,
                            23.517783235000024
                        ],
                        [
                            120.44506229700005,
                            23.517987925000057
                        ],
                        [
                            120.445172862000049,
                            23.518150089000073
                        ],
                        [
                            120.445296204000101,
                            23.518213278000076
                        ],
                        [
                            120.445443652000108,
                            23.518240451000054
                        ],
                        [
                            120.445658767000054,
                            23.518231922000041
                        ],
                        [
                            120.445975038000029,
                            23.518182517000071
                        ],
                        [
                            120.446201253000027,
                            23.518169198000066
                        ],
                        [
                            120.446310109000024,
                            23.518195907000063
                        ],
                        [
                            120.446436442000049,
                            23.518282013000032
                        ],
                        [
                            120.446594348000076,
                            23.518389354000078
                        ],
                        [
                            120.446768169000052,
                            23.518427506000023
                        ],
                        [
                            120.446908245000031,
                            23.518401998000058
                        ],
                        [
                            120.447130437000055,
                            23.518318708000038
                        ],
                        [
                            120.447227147000035,
                            23.518302013000039
                        ],
                        [
                            120.447369982000055,
                            23.518289064000044
                        ],
                        [
                            120.447586775000104,
                            23.518186350000065
                        ]
                    ]
                ]
            }
        },
        {
            "type": "Feature",
            "properties": {
                "TOWNID": "I02",
                "TOWNCODE": "10020020",
                "COUNTYNAME": "嘉義市",
                "TOWNNAME": "西區",
                "TOWNENG": "West District",
                "COUNTYID": "I",
                "COUNTYCODE": "10020"
            },
            "geometry": {
                "type": "Polygon",
                "coordinates": [
                    [
                        [
                            120.451739408000094,
                            23.462567086000035
                        ],
                        [
                            120.451751839000053,
                            23.462551996000059
                        ],
                        [
                            120.451260122,
                            23.462394589000041
                        ],
                        [
                            120.450552523000056,
                            23.462135025000066
                        ],
                        [
                            120.450346021000087,
                            23.462059274000069
                        ],
                        [
                            120.449107091000087,
                            23.461679802000049
                        ],
                        [
                            120.448794680000105,
                            23.461575486000072
                        ],
                        [
                            120.448554660000013,
                            23.461517417000039
                        ],
                        [
                            120.448210745000097,
                            23.461498881000068
                        ],
                        [
                            120.448052047000033,
                            23.461497607000069
                        ],
                        [
                            120.448045763000096,
                            23.46149755700003
                        ],
                        [
                            120.447659294000118,
                            23.461582939000039
                        ],
                        [
                            120.447202988000072,
                            23.461738380000043
                        ],
                        [
                            120.447233741000105,
                            23.461404382000069
                        ],
                        [
                            120.447217484000021,
                            23.460709805000079
                        ],
                        [
                            120.447211482000057,
                            23.460569341000053
                        ],
                        [
                            120.447183498000072,
                            23.459914568000045
                        ],
                        [
                            120.447166624000033,
                            23.459378951000076
                        ],
                        [
                            120.447141403000046,
                            23.458578393000039
                        ],
                        [
                            120.447093820000077,
                            23.457939359000022
                        ],
                        [
                            120.447026989000051,
                            23.457196087000057
                        ],
                        [
                            120.447031183000036,
                            23.456081601000051
                        ],
                        [
                            120.447035281000012,
                            23.454992424000068
                        ],
                        [
                            120.447310482000034,
                            23.454683774000046
                        ],
                        [
                            120.448022130000027,
                            23.453907322000077
                        ],
                        [
                            120.448242299000071,
                            23.453745724000044
                        ],
                        [
                            120.448774470000103,
                            23.453355127000066
                        ],
                        [
                            120.449726643000076,
                            23.45268124200004
                        ],
                        [
                            120.451414710000108,
                            23.451558445000046
                        ],
                        [
                            120.451444146000085,
                            23.451540489000024
                        ],
                        [
                            120.451562301000081,
                            23.451369335000038
                        ],
                        [
                            120.451357441000027,
                            23.451206075000073
                        ],
                        [
                            120.45131888800006,
                            23.451061461000052
                        ],
                        [
                            120.45124424100004,
                            23.45017626300006
                        ],
                        [
                            120.451237751,
                            23.449942327000031
                        ],
                        [
                            120.451235721000103,
                            23.449869213000056
                        ],
                        [
                            120.451060559000098,
                            23.449624788000051
                        ],
                        [
                            120.450886332000096,
                            23.449154615000054
                        ],
                        [
                            120.450799257000085,
                            23.448910498000032
                        ],
                        [
                            120.450760630000104,
                            23.448783943000024
                        ],
                        [
                            120.450732275000064,
                            23.448540033000029
                        ],
                        [
                            120.450782218000086,
                            23.44829640100005
                        ],
                        [
                            120.450822410000114,
                            23.448043703000053
                        ],
                        [
                            120.450834098000087,
                            23.447583215000066
                        ],
                        [
                            120.450816427000063,
                            23.447122624000031
                        ],
                        [
                            120.45076924500006,
                            23.44669804800003
                        ],
                        [
                            120.450741077000089,
                            23.446408990000066
                        ],
                        [
                            120.450741375,
                            23.446336752000036
                        ],
                        [
                            120.45088884900008,
                            23.446174731000042
                        ],
                        [
                            120.450811226000042,
                            23.446011919000057
                        ],
                        [
                            120.450577350000117,
                            23.445767284000055
                        ],
                        [
                            120.450354046000029,
                            23.445333058000074
                        ],
                        [
                            120.450315795000051,
                            23.445116203000055
                        ],
                        [
                            120.450306903000069,
                            23.444899453000062
                        ],
                        [
                            120.450278775000015,
                            23.444601363000061
                        ],
                        [
                            120.450328603000116,
                            23.444384820000039
                        ],
                        [
                            120.450309291000053,
                            23.444321542000068
                        ],
                        [
                            120.450280230000089,
                            23.444249200000058
                        ],
                        [
                            120.450231521000092,
                            23.444194848000052
                        ],
                        [
                            120.450229306000097,
                            23.444194034000077
                        ],
                        [
                            120.450308339000117,
                            23.444010985000034
                        ],
                        [
                            120.450252628000044,
                            23.443861928000047
                        ],
                        [
                            120.450067405000027,
                            23.44371581200005
                        ],
                        [
                            120.44964066700004,
                            23.44342135900007
                        ],
                        [
                            120.44963791400005,
                            23.443421504000071
                        ],
                        [
                            120.449463811000101,
                            23.443430715000034
                        ],
                        [
                            120.449277713000015,
                            23.443449582000028
                        ],
                        [
                            120.449139202000083,
                            23.443482377000066
                        ],
                        [
                            120.44894866900006,
                            23.443576021000069
                        ],
                        [
                            120.448775817000069,
                            23.443629068000064
                        ],
                        [
                            120.448611791000076,
                            23.443634827000039
                        ],
                        [
                            120.448410198000033,
                            23.443629888000032
                        ],
                        [
                            120.448237111000026,
                            23.443620897000073
                        ],
                        [
                            120.447897130000115,
                            23.443601632000025
                        ],
                        [
                            120.447646344000077,
                            23.443567859000041
                        ],
                        [
                            120.447457001000089,
                            23.443502896000041
                        ],
                        [
                            120.447297931000094,
                            23.443455682000035
                        ],
                        [
                            120.447127508000108,
                            23.443401829000038
                        ],
                        [
                            120.446869397000114,
                            23.443269365000049
                        ],
                        [
                            120.446611344000075,
                            23.443139221000024
                        ],
                        [
                            120.446276151,
                            23.442955528000027
                        ],
                        [
                            120.446050283000091,
                            23.442818960000068
                        ],
                        [
                            120.445730008000055,
                            23.442634955000074
                        ],
                        [
                            120.445493962000114,
                            23.442541107000068
                        ],
                        [
                            120.445302642000115,
                            23.442445161000023
                        ],
                        [
                            120.445185956000046,
                            23.44234995000005
                        ],
                        [
                            120.44501983400005,
                            23.442215563000047
                        ],
                        [
                            120.444680369000025,
                            23.442008976000068
                        ],
                        [
                            120.444514744000116,
                            23.441895267000064
                        ],
                        [
                            120.444177041000103,
                            23.441710476000026
                        ],
                        [
                            120.443979123000076,
                            23.441598585000065
                        ],
                        [
                            120.443651342000067,
                            23.441412445000026
                        ],
                        [
                            120.443458125,
                            23.441288965000069
                        ],
                        [
                            120.443190925000067,
                            23.441087745000061
                        ],
                        [
                            120.443045190000021,
                            23.440973609000025
                        ],
                        [
                            120.442745876000117,
                            23.440833992000023
                        ],
                        [
                            120.442578229000105,
                            23.440739835000045
                        ],
                        [
                            120.442265506000012,
                            23.440559109000048
                        ],
                        [
                            120.442046542000071,
                            23.440451111000073
                        ],
                        [
                            120.441790833000027,
                            23.440262300000029
                        ],
                        [
                            120.4416691240001,
                            23.440164881000044
                        ],
                        [
                            120.441602534000026,
                            23.440136408000058
                        ],
                        [
                            120.4413365690001,
                            23.440091451000058
                        ],
                        [
                            120.441127866000102,
                            23.440048735000062
                        ],
                        [
                            120.440785683000058,
                            23.439936423000063
                        ],
                        [
                            120.440588860000048,
                            23.43987046500007
                        ],
                        [
                            120.440235599000061,
                            23.439762990000077
                        ],
                        [
                            120.44001812700003,
                            23.439665300000058
                        ],
                        [
                            120.439744022000014,
                            23.43959177000005
                        ],
                        [
                            120.439673785000082,
                            23.439566821000028
                        ],
                        [
                            120.439575260000083,
                            23.439555106000057
                        ],
                        [
                            120.439564400000108,
                            23.439560412000048
                        ],
                        [
                            120.439535921000015,
                            23.439574315000073
                        ],
                        [
                            120.439414242000112,
                            23.43968718800005
                        ],
                        [
                            120.439284556000075,
                            23.439881808000052
                        ],
                        [
                            120.43921462000003,
                            23.439974060000054
                        ],
                        [
                            120.439123645000109,
                            23.440123052000047
                        ],
                        [
                            120.43908832000011,
                            23.440206527000043
                        ],
                        [
                            120.439093878000108,
                            23.440283401000045
                        ],
                        [
                            120.439108272000112,
                            23.440365831000065
                        ],
                        [
                            120.439117766000095,
                            23.440398953000056
                        ],
                        [
                            120.439092401000039,
                            23.440430513000024
                        ],
                        [
                            120.439023872,
                            23.440425055000048
                        ],
                        [
                            120.438892616000089,
                            23.440396788000044
                        ],
                        [
                            120.438837090000106,
                            23.440415201000064
                        ],
                        [
                            120.438827349,
                            23.440476299000068
                        ],
                        [
                            120.438824713000031,
                            23.44062688300005
                        ],
                        [
                            120.438823905000049,
                            23.440749850000032
                        ],
                        [
                            120.438830349000114,
                            23.440811765000035
                        ],
                        [
                            120.438798440000028,
                            23.440829675000032
                        ],
                        [
                            120.43873510200001,
                            23.440833303000034
                        ],
                        [
                            120.438736329000108,
                            23.440884985000025
                        ],
                        [
                            120.438735520000023,
                            23.441007952000064
                        ],
                        [
                            120.438743949000013,
                            23.441100848000076
                        ],
                        [
                            120.438741611000069,
                            23.441159497000058
                        ],
                        [
                            120.43871773300009,
                            23.44120136600003
                        ],
                        [
                            120.438620860000015,
                            23.44120685200005
                        ],
                        [
                            120.438552602000073,
                            23.441212882000059
                        ],
                        [
                            120.43849947800004,
                            23.441227788000049
                        ],
                        [
                            120.438472816000058,
                            23.441257077000046
                        ],
                        [
                            120.438463212000102,
                            23.441323927000042
                        ],
                        [
                            120.438443607000067,
                            23.441388693000079
                        ],
                        [
                            120.438379218000023,
                            23.441400379000072
                        ],
                        [
                            120.438338741000052,
                            23.441424218000066
                        ],
                        [
                            120.438338864000116,
                            23.441481667000062
                        ],
                        [
                            120.438333714,
                            23.441526590000024
                        ],
                        [
                            120.438274540000066,
                            23.441548520000026
                        ],
                        [
                            120.438150428000085,
                            23.441559169000072
                        ],
                        [
                            120.438026862000015,
                            23.441592780000065
                        ],
                        [
                            120.437917161000087,
                            23.441634156000077
                        ],
                        [
                            120.437826295000036,
                            23.441683179000051
                        ],
                        [
                            120.437746193000066,
                            23.44176645400006
                        ],
                        [
                            120.437634139000011,
                            23.441918178000037
                        ],
                        [
                            120.437420169,
                            23.442124916000068
                        ],
                        [
                            120.437281548000101,
                            23.442257673000029
                        ],
                        [
                            120.437145821000058,
                            23.442407603000049
                        ],
                        [
                            120.437091985000052,
                            23.44249721400007
                        ],
                        [
                            120.437005843000065,
                            23.442640354000048
                        ],
                        [
                            120.436909194,
                            23.442917027000078
                        ],
                        [
                            120.436815061000061,
                            23.443090207000068
                        ],
                        [
                            120.436712593000038,
                            23.443331371000056
                        ],
                        [
                            120.436650163000081,
                            23.443425753000042
                        ],
                        [
                            120.436591586000077,
                            23.443472949000068
                        ],
                        [
                            120.436482634000072,
                            23.443493623000052
                        ],
                        [
                            120.436354272000017,
                            23.443482523000057
                        ],
                        [
                            120.436270103000084,
                            23.443499231000033
                        ],
                        [
                            120.436261603000048,
                            23.443560306000052
                        ],
                        [
                            120.436238778000074,
                            23.443594112000028
                        ],
                        [
                            120.436172787000032,
                            23.443590903000029
                        ],
                        [
                            120.43603307300009,
                            23.443573151000066
                        ],
                        [
                            120.435928332000117,
                            23.443561568000064
                        ],
                        [
                            120.4358747980001,
                            23.443559251000067
                        ],
                        [
                            120.435860454000021,
                            23.443583680000074
                        ],
                        [
                            120.435867036000104,
                            23.443651339000041
                        ],
                        [
                            120.435901701000034,
                            23.443749429000036
                        ],
                        [
                            120.435929470000019,
                            23.443818935000024
                        ],
                        [
                            120.435944681000024,
                            23.443935818000057
                        ],
                        [
                            120.435940857000105,
                            23.44398416100006
                        ],
                        [
                            120.435901102000116,
                            23.444090707000043
                        ],
                        [
                            120.435935784000094,
                            23.444137093000052
                        ],
                        [
                            120.435944553000013,
                            23.444157073000042
                        ],
                        [
                            120.435960766000107,
                            23.444194018000076
                        ],
                        [
                            120.436046084000054,
                            23.444225551000045
                        ],
                        [
                            120.436232418000031,
                            23.444268755000053
                        ],
                        [
                            120.436349918000019,
                            23.444293858000037
                        ],
                        [
                            120.436549040000045,
                            23.444351730000051
                        ],
                        [
                            120.436663194000062,
                            23.444393001000037
                        ],
                        [
                            120.436781814000028,
                            23.444465201000071
                        ],
                        [
                            120.436896432000026,
                            23.444525989000056
                        ],
                        [
                            120.437086086000022,
                            23.444551876000048
                        ],
                        [
                            120.437278050000032,
                            23.444622529000071
                        ],
                        [
                            120.437620448000075,
                            23.444691173000024
                        ],
                        [
                            120.437819992000072,
                            23.444714559000033
                        ],
                        [
                            120.438053100000047,
                            23.444737241000041
                        ],
                        [
                            120.438149524000096,
                            23.444765093000058
                        ],
                        [
                            120.438236304000043,
                            23.444805787000064
                        ],
                        [
                            120.4382710430001,
                            23.444854467000027
                        ],
                        [
                            120.438261424000075,
                            23.444973022000056
                        ],
                        [
                            120.438250833000097,
                            23.445103088000053
                        ],
                        [
                            120.438261748000059,
                            23.445195929000079
                        ],
                        [
                            120.438307724000083,
                            23.445351239000047
                        ],
                        [
                            120.438388878000069,
                            23.445469037000066
                        ],
                        [
                            120.438493784000116,
                            23.445592087000023
                        ],
                        [
                            120.438526169000056,
                            23.445646556000042
                        ],
                        [
                            120.438562478000108,
                            23.445708993000039
                        ],
                        [
                            120.438551249000056,
                            23.445759792000047
                        ],
                        [
                            120.438517082000089,
                            23.445839792000072
                        ],
                        [
                            120.43831082500003,
                            23.446109562000061
                        ],
                        [
                            120.438199534000091,
                            23.446293451000031
                        ],
                        [
                            120.438038527000117,
                            23.446531248000042
                        ],
                        [
                            120.437874849000082,
                            23.446656489000077
                        ],
                        [
                            120.437772576000043,
                            23.446696558000042
                        ],
                        [
                            120.437679797000101,
                            23.446665187000065
                        ],
                        [
                            120.437539617000084,
                            23.446627913000043
                        ],
                        [
                            120.437330729000109,
                            23.446525438000037
                        ],
                        [
                            120.437167985000087,
                            23.446480595000025
                        ],
                        [
                            120.437112361000118,
                            23.44644270200007
                        ],
                        [
                            120.437036178000085,
                            23.44642936300005
                        ],
                        [
                            120.437002835000044,
                            23.446439256000076
                        ],
                        [
                            120.436951716000067,
                            23.446486289000063
                        ],
                        [
                            120.436897635000037,
                            23.446565559000078
                        ],
                        [
                            120.436867197000083,
                            23.446645491000027
                        ],
                        [
                            120.436842838000075,
                            23.446719538000025
                        ],
                        [
                            120.436816922000048,
                            23.446832698000037
                        ],
                        [
                            120.436762251000118,
                            23.446939559000043
                        ],
                        [
                            120.43668019100005,
                            23.446992994000027
                        ],
                        [
                            120.436554883000099,
                            23.447110528000053
                        ],
                        [
                            120.436478398000077,
                            23.447189127000058
                        ],
                        [
                            120.436422237000102,
                            23.447285681000039
                        ],
                        [
                            120.436394448000101,
                            23.447372439000048
                        ],
                        [
                            120.436321814000053,
                            23.447508404000075
                        ],
                        [
                            120.436285552000072,
                            23.447657403000051
                        ],
                        [
                            120.436178699000038,
                            23.447766505000061
                        ],
                        [
                            120.436144423000087,
                            23.447841918000051
                        ],
                        [
                            120.436090886000102,
                            23.447944152000048
                        ],
                        [
                            120.436076798000045,
                            23.448031772000036
                        ],
                        [
                            120.436065730000109,
                            23.448089479000032
                        ],
                        [
                            120.436022367000078,
                            23.448154438000074
                        ],
                        [
                            120.435670851000054,
                            23.448252044000071
                        ],
                        [
                            120.435555264000072,
                            23.448418538000055
                        ],
                        [
                            120.435259683000027,
                            23.44877230000003
                        ],
                        [
                            120.43515431000003,
                            23.448906774000022
                        ],
                        [
                            120.435053162000031,
                            23.449081443000068
                        ],
                        [
                            120.434938747000047,
                            23.449290733000055
                        ],
                        [
                            120.434876019000058,
                            23.449452359000077
                        ],
                        [
                            120.434713087000091,
                            23.449764486000049
                        ],
                        [
                            120.434616832000074,
                            23.449932204000049
                        ],
                        [
                            120.434559377000028,
                            23.450117913000042
                        ],
                        [
                            120.434538970000062,
                            23.450280235000037
                        ],
                        [
                            120.434499939000034,
                            23.450446217000035
                        ],
                        [
                            120.434464330000083,
                            23.45068802000003
                        ],
                        [
                            120.434391887000061,
                            23.450666942000055
                        ],
                        [
                            120.434167266000031,
                            23.450617547000036
                        ],
                        [
                            120.433796121000114,
                            23.450493818000041
                        ],
                        [
                            120.433609961000116,
                            23.450434845000075
                        ],
                        [
                            120.43324928100003,
                            23.450352391000024
                        ],
                        [
                            120.433118967000041,
                            23.45027409000005
                        ],
                        [
                            120.433033761000047,
                            23.450223012000038
                        ],
                        [
                            120.432849516000033,
                            23.45010727500005
                        ],
                        [
                            120.43270902900008,
                            23.450220190000039
                        ],
                        [
                            120.432558178000022,
                            23.450370897000028
                        ],
                        [
                            120.432241729000111,
                            23.450687046000041
                        ],
                        [
                            120.43182321300003,
                            23.451068320000047
                        ],
                        [
                            120.431353820000027,
                            23.451458112000068
                        ],
                        [
                            120.431210555,
                            23.451586473000077
                        ],
                        [
                            120.430897068000036,
                            23.451867348000064
                        ],
                        [
                            120.430675354000073,
                            23.45205579800006
                        ],
                        [
                            120.430418349000092,
                            23.452086972000075
                        ],
                        [
                            120.43030052000006,
                            23.452112242000055
                        ],
                        [
                            120.430200524000043,
                            23.452176448000046
                        ],
                        [
                            120.430159656000114,
                            23.452304525000045
                        ],
                        [
                            120.430143623000049,
                            23.45254396100006
                        ],
                        [
                            120.430038178000018,
                            23.453588343000035
                        ],
                        [
                            120.429882135000071,
                            23.455235998000035
                        ],
                        [
                            120.429764159000115,
                            23.456386348000024
                        ],
                        [
                            120.429646911000077,
                            23.457603405000043
                        ],
                        [
                            120.429552563000016,
                            23.45864079100005
                        ],
                        [
                            120.429448388000083,
                            23.459689765000064
                        ],
                        [
                            120.429381987000056,
                            23.460440429000073
                        ],
                        [
                            120.42929777900008,
                            23.461040565000076
                        ],
                        [
                            120.427900124000075,
                            23.460907614000064
                        ],
                        [
                            120.427029053000069,
                            23.460836418000042
                        ],
                        [
                            120.426383068000064,
                            23.460770015000037
                        ],
                        [
                            120.426044630000092,
                            23.460745584000051
                        ],
                        [
                            120.425790008000035,
                            23.460768676000043
                        ],
                        [
                            120.425516175000098,
                            23.460854083000072
                        ],
                        [
                            120.425355112000034,
                            23.460906200000068
                        ],
                        [
                            120.425001897000016,
                            23.460894560000042
                        ],
                        [
                            120.424819378000052,
                            23.46091696700006
                        ],
                        [
                            120.424672168000029,
                            23.46098506800007
                        ],
                        [
                            120.424501926000062,
                            23.461107472000037
                        ],
                        [
                            120.424450645000093,
                            23.461163845000044
                        ],
                        [
                            120.424419609000097,
                            23.461197961000039
                        ],
                        [
                            120.424324862000049,
                            23.461288578000051
                        ],
                        [
                            120.424225958000079,
                            23.461340107000069
                        ],
                        [
                            120.424095665000095,
                            23.461363193000068
                        ],
                        [
                            120.423953782000012,
                            23.461349566000024
                        ],
                        [
                            120.423398934000033,
                            23.461204063000025
                        ],
                        [
                            120.422564016000024,
                            23.461027813000044
                        ],
                        [
                            120.422251246000087,
                            23.460962855000048
                        ],
                        [
                            120.422147763000112,
                            23.460936222000043
                        ],
                        [
                            120.422088028000076,
                            23.460931024000047
                        ],
                        [
                            120.422008693000066,
                            23.460952474000067
                        ],
                        [
                            120.421744207000074,
                            23.461097595000069
                        ],
                        [
                            120.421551315000102,
                            23.461080994000042
                        ],
                        [
                            120.421149122000088,
                            23.461024923000025
                        ],
                        [
                            120.420379635000018,
                            23.460920528000031
                        ],
                        [
                            120.419406155000047,
                            23.460807684000031
                        ],
                        [
                            120.418283062000114,
                            23.460655960000054
                        ],
                        [
                            120.417395527000053,
                            23.460557249000033
                        ],
                        [
                            120.4163709070001,
                            23.460428753000031
                        ],
                        [
                            120.415600231000099,
                            23.460328945000072
                        ],
                        [
                            120.415296502000047,
                            23.460294953000073
                        ],
                        [
                            120.41516075800007,
                            23.460274362000064
                        ],
                        [
                            120.415059626000016,
                            23.460350078000033
                        ],
                        [
                            120.414731869000093,
                            23.460623473000055
                        ],
                        [
                            120.414245937000032,
                            23.460986916000024
                        ],
                        [
                            120.413829710000073,
                            23.461357769000074
                        ],
                        [
                            120.413463146000026,
                            23.461722383000051
                        ],
                        [
                            120.4133037040001,
                            23.461925181000026
                        ],
                        [
                            120.413183375000017,
                            23.462065505000055
                        ],
                        [
                            120.413096586000052,
                            23.462203200000033
                        ],
                        [
                            120.41300203000003,
                            23.462427264000041
                        ],
                        [
                            120.412963963000038,
                            23.462586362000025
                        ],
                        [
                            120.412947849000034,
                            23.462706147000063
                        ],
                        [
                            120.412939069000117,
                            23.462929406000057
                        ],
                        [
                            120.412949867000066,
                            23.463123716000041
                        ],
                        [
                            120.412984017000099,
                            23.463292504000037
                        ],
                        [
                            120.413000935000014,
                            23.463477567000041
                        ],
                        [
                            120.413042132000101,
                            23.463608319000059
                        ],
                        [
                            120.41303146700011,
                            23.46365673400004
                        ],
                        [
                            120.412955542000077,
                            23.463764429000037
                        ],
                        [
                            120.412798474000056,
                            23.463956850000045
                        ],
                        [
                            120.412514460000011,
                            23.464252836000071
                        ],
                        [
                            120.412343280000073,
                            23.464405130000046
                        ],
                        [
                            120.412148304000084,
                            23.464541541000074
                        ],
                        [
                            120.412021756000058,
                            23.464603225000076
                        ],
                        [
                            120.412015963000044,
                            23.464606048000064
                        ],
                        [
                            120.411810310000078,
                            23.464674676000072
                        ],
                        [
                            120.411615649000055,
                            23.464724808000028
                        ],
                        [
                            120.411453147000088,
                            23.464759680000043
                        ],
                        [
                            120.411279343000047,
                            23.464784308000048
                        ],
                        [
                            120.411029427000017,
                            23.46478316300005
                        ],
                        [
                            120.410775675000082,
                            23.464772867000079
                        ],
                        [
                            120.410506671,
                            23.464731656000026
                        ],
                        [
                            120.410204002000114,
                            23.464681541000061
                        ],
                        [
                            120.410063382000089,
                            23.464670194000064
                        ],
                        [
                            120.409871372000111,
                            23.464620197000045
                        ],
                        [
                            120.409697428000072,
                            23.464515992000031
                        ],
                        [
                            120.409529676000034,
                            23.464409400000022
                        ],
                        [
                            120.409367169,
                            23.464328082000065
                        ],
                        [
                            120.409262244000047,
                            23.464283032000026
                        ],
                        [
                            120.409114005000106,
                            23.464256796000029
                        ],
                        [
                            120.408882783000081,
                            23.464260074000038
                        ],
                        [
                            120.408134733000111,
                            23.464367995000032
                        ],
                        [
                            120.407879948000073,
                            23.464304232000075
                        ],
                        [
                            120.407794842000044,
                            23.464262686000041
                        ],
                        [
                            120.407725986000059,
                            23.464227851000032
                        ],
                        [
                            120.407652652000024,
                            23.464162828000042
                        ],
                        [
                            120.407609793,
                            23.464090163000037
                        ],
                        [
                            120.407548505000022,
                            23.46396678800005
                        ],
                        [
                            120.407464002000097,
                            23.463875841000061
                        ],
                        [
                            120.407385202000114,
                            23.463841122000076
                        ],
                        [
                            120.406987156000014,
                            23.463739918000044
                        ],
                        [
                            120.406688858000052,
                            23.46365828100005
                        ],
                        [
                            120.406517723000093,
                            23.463600470000074
                        ],
                        [
                            120.406329627000105,
                            23.463577315000066
                        ],
                        [
                            120.405948561000059,
                            23.463539101000038
                        ],
                        [
                            120.405593518000046,
                            23.463493709000034
                        ],
                        [
                            120.40509621700005,
                            23.463410850000059
                        ],
                        [
                            120.404657875000112,
                            23.46336752600007
                        ],
                        [
                            120.404441487000099,
                            23.463368824000042
                        ],
                        [
                            120.404115687000058,
                            23.463372500000048
                        ],
                        [
                            120.403971201000104,
                            23.463355739000065
                        ],
                        [
                            120.40373420800006,
                            23.463302107000061
                        ],
                        [
                            120.403514708000102,
                            23.463351671000055
                        ],
                        [
                            120.40327521100005,
                            23.463393440000061
                        ],
                        [
                            120.403048537000018,
                            23.463368397000067
                        ],
                        [
                            120.402636547000043,
                            23.463343169000041
                        ],
                        [
                            120.402340545000015,
                            23.463343035000037
                        ],
                        [
                            120.402119361000018,
                            23.463358164000056
                        ],
                        [
                            120.40186884700006,
                            23.463413818000049
                        ],
                        [
                            120.401771690000032,
                            23.463402277000057
                        ],
                        [
                            120.401628288000097,
                            23.463372866000043
                        ],
                        [
                            120.40156128600006,
                            23.463350686000069
                        ],
                        [
                            120.401458304000016,
                            23.463316608000071
                        ],
                        [
                            120.401394397000104,
                            23.463295458000061
                        ],
                        [
                            120.401252334000105,
                            23.463248436000072
                        ],
                        [
                            120.401059631000066,
                            23.463213175000078
                        ],
                        [
                            120.400974337000093,
                            23.463197568000055
                        ],
                        [
                            120.400900387000092,
                            23.463187548000064
                        ],
                        [
                            120.400809880000111,
                            23.463175290000038
                        ],
                        [
                            120.400510769000107,
                            23.463223434000042
                        ],
                        [
                            120.40025481400005,
                            23.463242397000045
                        ],
                        [
                            120.400175213000011,
                            23.463242143000059
                        ],
                        [
                            120.39972832300009,
                            23.463113906000046
                        ],
                        [
                            120.3996764850001,
                            23.46310119900005
                        ],
                        [
                            120.399503766000066,
                            23.463058843000056
                        ],
                        [
                            120.399432639000111,
                            23.463041403000034
                        ],
                        [
                            120.399222466000083,
                            23.463011111000071
                        ],
                        [
                            120.399099954,
                            23.462993445000052
                        ],
                        [
                            120.399079420000021,
                            23.462985690000039
                        ],
                        [
                            120.398904995000066,
                            23.462919804000023
                        ],
                        [
                            120.398785795000094,
                            23.462891622000029
                        ],
                        [
                            120.398691676000112,
                            23.46286936100006
                        ],
                        [
                            120.398376403000043,
                            23.462821199000075
                        ],
                        [
                            120.398224127000049,
                            23.462791164000066
                        ],
                        [
                            120.397654480000028,
                            23.462678800000049
                        ],
                        [
                            120.397174476000032,
                            23.462586535000071
                        ],
                        [
                            120.396937974000025,
                            23.46257081300007
                        ],
                        [
                            120.396331506000024,
                            23.462561782000023
                        ],
                        [
                            120.396277448000092,
                            23.462560976000077
                        ],
                        [
                            120.395620273000077,
                            23.462550240000041
                        ],
                        [
                            120.395318700000075,
                            23.462545314000067
                        ],
                        [
                            120.395233774000076,
                            23.46254392700007
                        ],
                        [
                            120.394690365000088,
                            23.462535470000034
                        ],
                        [
                            120.394589416000031,
                            23.462533905000043
                        ],
                        [
                            120.394172676000039,
                            23.462519048000047
                        ],
                        [
                            120.394155440000077,
                            23.46302582900006
                        ],
                        [
                            120.394155199000011,
                            23.463687494000055
                        ],
                        [
                            120.394165033000036,
                            23.464359393000052
                        ],
                        [
                            120.394183342000019,
                            23.465012824000041
                        ],
                        [
                            120.394196231000024,
                            23.465631855000026
                        ],
                        [
                            120.39422086400009,
                            23.466196763000028
                        ],
                        [
                            120.394244180000101,
                            23.466366508000078
                        ],
                        [
                            120.394280233000018,
                            23.466462600000057
                        ],
                        [
                            120.394363733000091,
                            23.466573097000037
                        ],
                        [
                            120.394813482000018,
                            23.467021815000066
                        ],
                        [
                            120.395062954000082,
                            23.467272895000065
                        ],
                        [
                            120.395187627000041,
                            23.467393276000053
                        ],
                        [
                            120.395277911000107,
                            23.467450850000034
                        ],
                        [
                            120.395296234000057,
                            23.467455139000037
                        ],
                        [
                            120.395526158000052,
                            23.467508945000077
                        ],
                        [
                            120.396083720000092,
                            23.467634815000054
                        ],
                        [
                            120.39641907500004,
                            23.467696544000034
                        ],
                        [
                            120.396646020000048,
                            23.467742246000057
                        ],
                        [
                            120.39675433900004,
                            23.467847864000078
                        ],
                        [
                            120.396884776000093,
                            23.468030205000048
                        ],
                        [
                            120.397064691000082,
                            23.468376203000048
                        ],
                        [
                            120.397092629000099,
                            23.468429932000049
                        ],
                        [
                            120.397140859000046,
                            23.46851414200006
                        ],
                        [
                            120.397397959000045,
                            23.468962981000061
                        ],
                        [
                            120.397510262000083,
                            23.469185723000066
                        ],
                        [
                            120.39759122800001,
                            23.469389290000038
                        ],
                        [
                            120.397661162000077,
                            23.46960561800006
                        ],
                        [
                            120.397708315000045,
                            23.46979118400003
                        ],
                        [
                            120.39780896100001,
                            23.470119818000057
                        ],
                        [
                            120.397897113000113,
                            23.470256611000025
                        ],
                        [
                            120.397942937000039,
                            23.470304204000058
                        ],
                        [
                            120.397996697000053,
                            23.470360035000056
                        ],
                        [
                            120.39815275300009,
                            23.470444445000055
                        ],
                        [
                            120.398512704000041,
                            23.470639128000073
                        ],
                        [
                            120.398703469000111,
                            23.470731210000054
                        ],
                        [
                            120.399022071000104,
                            23.470885
                        ],
                        [
                            120.399193695,
                            23.470980720000057
                        ],
                        [
                            120.399263983000083,
                            23.471030464000023
                        ],
                        [
                            120.39927815100009,
                            23.471068219000074
                        ],
                        [
                            120.399250725000115,
                            23.47113070000006
                        ],
                        [
                            120.399199600000088,
                            23.471247152000046
                        ],
                        [
                            120.399138785000105,
                            23.47145116400003
                        ],
                        [
                            120.399087330000043,
                            23.47180325000005
                        ],
                        [
                            120.398952794000024,
                            23.472368795000023
                        ],
                        [
                            120.398852868000063,
                            23.472723727000073
                        ],
                        [
                            120.398789281000063,
                            23.472895574000063
                        ],
                        [
                            120.398721834000071,
                            23.473077861000036
                        ],
                        [
                            120.398710424000114,
                            23.473129415000074
                        ],
                        [
                            120.398694233000015,
                            23.473202565000065
                        ],
                        [
                            120.398672602000033,
                            23.473243868000054
                        ],
                        [
                            120.398638850000111,
                            23.47330830900006
                        ],
                        [
                            120.398570108000058,
                            23.473570316000064
                        ],
                        [
                            120.398520859000087,
                            23.473776360000045
                        ],
                        [
                            120.398504279,
                            23.474006097000029
                        ],
                        [
                            120.398517060000017,
                            23.474116130000027
                        ],
                        [
                            120.398539219000099,
                            23.474187019000055
                        ],
                        [
                            120.398575482000069,
                            23.474373654000033
                        ],
                        [
                            120.398657191000098,
                            23.474694025000076
                        ],
                        [
                            120.398718354000039,
                            23.474882661000038
                        ],
                        [
                            120.398758974000089,
                            23.475031670000078
                        ],
                        [
                            120.398617546000082,
                            23.47506325300003
                        ],
                        [
                            120.39879806600004,
                            23.475572943000032
                        ],
                        [
                            120.398807200000078,
                            23.475671830000067
                        ],
                        [
                            120.398793447000116,
                            23.475692034000076
                        ],
                        [
                            120.398718391000102,
                            23.475746891000028
                        ],
                        [
                            120.398618092000106,
                            23.475775652000038
                        ],
                        [
                            120.398555054000099,
                            23.475801666000052
                        ],
                        [
                            120.398534683000094,
                            23.47585470100006
                        ],
                        [
                            120.398485169000082,
                            23.475956303000032
                        ],
                        [
                            120.398498164000102,
                            23.475995174000047
                        ],
                        [
                            120.39852626000004,
                            23.476046473000054
                        ],
                        [
                            120.398582567000062,
                            23.476157124000053
                        ],
                        [
                            120.398666864,
                            23.47631218500004
                        ],
                        [
                            120.398872011000094,
                            23.476656255000023
                        ],
                        [
                            120.398648805000107,
                            23.476743222000039
                        ],
                        [
                            120.398533366000038,
                            23.476778350000075
                        ],
                        [
                            120.398524611000084,
                            23.476799080000035
                        ],
                        [
                            120.398566944000095,
                            23.477019720000044
                        ],
                        [
                            120.398680920000061,
                            23.47749305800005
                        ],
                        [
                            120.398794795000072,
                            23.47796814700007
                        ],
                        [
                            120.398910270000101,
                            23.477958089000026
                        ],
                        [
                            120.398951741000019,
                            23.478045218000034
                        ],
                        [
                            120.399026064000054,
                            23.478284190000068
                        ],
                        [
                            120.399069067000028,
                            23.478417579000052
                        ],
                        [
                            120.398909163000098,
                            23.478457631000026
                        ],
                        [
                            120.398856146000071,
                            23.478457426000034
                        ],
                        [
                            120.398575138000069,
                            23.47863783400004
                        ],
                        [
                            120.398549158000037,
                            23.478800622000051
                        ],
                        [
                            120.398488156000099,
                            23.478893453000069
                        ],
                        [
                            120.398495571000012,
                            23.478926063000074
                        ],
                        [
                            120.398335837000104,
                            23.479042014000072
                        ],
                        [
                            120.398163636000049,
                            23.479216072000042
                        ],
                        [
                            120.398166500000116,
                            23.479311800000062
                        ],
                        [
                            120.398207165000031,
                            23.479431990000023
                        ],
                        [
                            120.398059996000029,
                            23.479533219000075
                        ],
                        [
                            120.398023757000033,
                            23.479530039000053
                        ],
                        [
                            120.398002437000059,
                            23.479507166000076
                        ],
                        [
                            120.397882258000095,
                            23.479506872000059
                        ],
                        [
                            120.397702893000087,
                            23.479527009000037
                        ],
                        [
                            120.397656264000034,
                            23.479510164000033
                        ],
                        [
                            120.397487581000064,
                            23.479499788000055
                        ],
                        [
                            120.397373852000101,
                            23.479334102000053
                        ],
                        [
                            120.397159595000062,
                            23.479362351000077
                        ],
                        [
                            120.397013556000047,
                            23.479415539000058
                        ],
                        [
                            120.396887817000106,
                            23.47953205400006
                        ],
                        [
                            120.396883364000018,
                            23.479758129000061
                        ],
                        [
                            120.396960412000112,
                            23.480034037000053
                        ],
                        [
                            120.396951931000103,
                            23.480197961000044
                        ],
                        [
                            120.396945974000118,
                            23.480313096000032
                        ],
                        [
                            120.396910280000043,
                            23.480440377000036
                        ],
                        [
                            120.396267218000048,
                            23.480480352000029
                        ],
                        [
                            120.395595376000074,
                            23.480675203000033
                        ],
                        [
                            120.395349456000076,
                            23.480688594000071
                        ],
                        [
                            120.39479545800009,
                            23.480700785000067
                        ],
                        [
                            120.39460229000008,
                            23.480748799000025
                        ],
                        [
                            120.394418598000016,
                            23.480765298000051
                        ],
                        [
                            120.394267983000077,
                            23.481037236000077
                        ],
                        [
                            120.394252539000036,
                            23.481270293000023
                        ],
                        [
                            120.394181157000048,
                            23.481505670000047
                        ],
                        [
                            120.394013354000094,
                            23.48181633300004
                        ],
                        [
                            120.393967828000086,
                            23.482011189000048
                        ],
                        [
                            120.394008754000083,
                            23.482098202000032
                        ],
                        [
                            120.394141124000043,
                            23.482072814000048
                        ],
                        [
                            120.394142278000118,
                            23.48217948000007
                        ],
                        [
                            120.394014756000047,
                            23.482232311000075
                        ],
                        [
                            120.393842799000026,
                            23.482240789000059
                        ],
                        [
                            120.393770451000023,
                            23.482156701000065
                        ],
                        [
                            120.39365964000001,
                            23.482168456000068
                        ],
                        [
                            120.393573188000119,
                            23.482268420000025
                        ],
                        [
                            120.393438240000023,
                            23.482376509000062
                        ],
                        [
                            120.393383269000083,
                            23.482505805000073
                        ],
                        [
                            120.393404070000088,
                            23.482581085000049
                        ],
                        [
                            120.393449239,
                            23.482616077000046
                        ],
                        [
                            120.393517256000109,
                            23.482607981000058
                        ],
                        [
                            120.393497023,
                            23.482738806000043
                        ],
                        [
                            120.393552843000066,
                            23.482754343000067
                        ],
                        [
                            120.393544697000038,
                            23.483020463000059
                        ],
                        [
                            120.393339510000033,
                            23.483660004000058
                        ],
                        [
                            120.393402927000011,
                            23.484790737000026
                        ],
                        [
                            120.393436031000078,
                            23.484885392000024
                        ],
                        [
                            120.393474652,
                            23.485305756000059
                        ],
                        [
                            120.393583083000067,
                            23.485599352000065
                        ],
                        [
                            120.393648487000064,
                            23.486205536000057
                        ],
                        [
                            120.393677532000083,
                            23.486254716000076
                        ],
                        [
                            120.393824819000088,
                            23.486346054000023
                        ],
                        [
                            120.393862036000087,
                            23.48635600800003
                        ],
                        [
                            120.393909736000069,
                            23.486583448000033
                        ],
                        [
                            120.39407463200007,
                            23.486841559000027
                        ],
                        [
                            120.394073842000012,
                            23.487121266000031
                        ],
                        [
                            120.394020519000037,
                            23.48748949700007
                        ],
                        [
                            120.393966468000031,
                            23.487706630000048
                        ],
                        [
                            120.393895083000075,
                            23.488337778000073
                        ],
                        [
                            120.393999068000085,
                            23.488745179000034
                        ],
                        [
                            120.393936453000038,
                            23.488948557000072
                        ],
                        [
                            120.394125760000065,
                            23.489042927000071
                        ],
                        [
                            120.394123292000017,
                            23.489183752000031
                        ],
                        [
                            120.394208285000104,
                            23.489286400000026
                        ],
                        [
                            120.394323279000105,
                            23.489498450000042
                        ],
                        [
                            120.394328894000068,
                            23.48951782000006
                        ],
                        [
                            120.394500874000073,
                            23.490111178000063
                        ],
                        [
                            120.394721838,
                            23.49074659200005
                        ],
                        [
                            120.394623200000069,
                            23.490805164000051
                        ],
                        [
                            120.394539221000059,
                            23.49084521900005
                        ],
                        [
                            120.394447445000083,
                            23.490862398000047
                        ],
                        [
                            120.39439281600005,
                            23.490864521000049
                        ],
                        [
                            120.394257818000028,
                            23.490837112000065
                        ],
                        [
                            120.393693467000048,
                            23.490851232000068
                        ],
                        [
                            120.393250702000046,
                            23.490890307000029
                        ],
                        [
                            120.392802996000114,
                            23.490954576000036
                        ],
                        [
                            120.392066664000026,
                            23.491024765000077
                        ],
                        [
                            120.390418505000071,
                            23.491185575000031
                        ],
                        [
                            120.390047981000066,
                            23.491287389000036
                        ],
                        [
                            120.389976745000013,
                            23.491332614000044
                        ],
                        [
                            120.38978510700008,
                            23.491350307000062
                        ],
                        [
                            120.38976492200004,
                            23.491503193000028
                        ],
                        [
                            120.389693068000042,
                            23.491781797000044
                        ],
                        [
                            120.389641881000102,
                            23.492114110000045
                        ],
                        [
                            120.389565747,
                            23.492440980000026
                        ],
                        [
                            120.389510006000023,
                            23.492715954000062
                        ],
                        [
                            120.389409947000104,
                            23.493281829000068
                        ],
                        [
                            120.389341418000072,
                            23.493561836000026
                        ],
                        [
                            120.389183735000074,
                            23.493588319000025
                        ],
                        [
                            120.389157907000026,
                            23.493941896000024
                        ],
                        [
                            120.389272963000053,
                            23.493980197000042
                        ],
                        [
                            120.389251369000021,
                            23.494189290000065
                        ],
                        [
                            120.389257268000051,
                            23.494426797000074
                        ],
                        [
                            120.389206525000077,
                            23.494963394000024
                        ],
                        [
                            120.389209460000075,
                            23.495167651000031
                        ],
                        [
                            120.389240040000118,
                            23.495218925000074
                        ],
                        [
                            120.389288819000058,
                            23.49532507300006
                        ],
                        [
                            120.389341172000059,
                            23.495506929000044
                        ],
                        [
                            120.389345042000059,
                            23.495776602000035
                        ],
                        [
                            120.389359512000055,
                            23.496004814000059
                        ],
                        [
                            120.38934982100011,
                            23.496109369000067
                        ],
                        [
                            120.389323541000067,
                            23.496357595000063
                        ],
                        [
                            120.389314130000116,
                            23.496481653000046
                        ],
                        [
                            120.389300388000038,
                            23.49665053800004
                        ],
                        [
                            120.389261222000073,
                            23.496954003000042
                        ],
                        [
                            120.389239881000094,
                            23.497026574000074
                        ],
                        [
                            120.389195913000094,
                            23.497148450000054
                        ],
                        [
                            120.389352408000036,
                            23.497210413000062
                        ],
                        [
                            120.389566116000083,
                            23.497402525000041
                        ],
                        [
                            120.38970780000011,
                            23.497483445000057
                        ],
                        [
                            120.389915764000079,
                            23.497555697000053
                        ],
                        [
                            120.389897818,
                            23.497856528000057
                        ],
                        [
                            120.389957181000113,
                            23.497941855000079
                        ],
                        [
                            120.389533590000042,
                            23.49837083500006
                        ],
                        [
                            120.389404301000013,
                            23.498507473000075
                        ],
                        [
                            120.389338425,
                            23.49859243800006
                        ],
                        [
                            120.389344688000051,
                            23.498649848000071
                        ],
                        [
                            120.389439289000052,
                            23.498719847000075
                        ],
                        [
                            120.389512717000116,
                            23.498753129000079
                        ],
                        [
                            120.38967698700003,
                            23.498817389000067
                        ],
                        [
                            120.389781532000029,
                            23.498874757000067
                        ],
                        [
                            120.389833846000101,
                            23.498957414000074
                        ],
                        [
                            120.389882460000081,
                            23.499090569000032
                        ],
                        [
                            120.389938547000042,
                            23.499237513000026
                        ],
                        [
                            120.390021993000119,
                            23.499356879000061
                        ],
                        [
                            120.390068652000082,
                            23.499393938000026
                        ],
                        [
                            120.390147721000062,
                            23.49945673600007
                        ],
                        [
                            120.3903356510001,
                            23.499554280000041
                        ],
                        [
                            120.390487461000021,
                            23.499586386000033
                        ],
                        [
                            120.390618121000102,
                            23.499628843000039
                        ],
                        [
                            120.390769954,
                            23.499699987000042
                        ],
                        [
                            120.390894434000074,
                            23.499792946000071
                        ],
                        [
                            120.391096097000059,
                            23.499950186000035
                        ],
                        [
                            120.391353777000063,
                            23.50015103100003
                        ],
                        [
                            120.39151684300009,
                            23.500266943000042
                        ],
                        [
                            120.391694803000064,
                            23.500334638000027
                        ],
                        [
                            120.391916313000024,
                            23.500405765000039
                        ],
                        [
                            120.39210420500001,
                            23.500445896000031
                        ],
                        [
                            120.392428957000106,
                            23.500490605000039
                        ],
                        [
                            120.392774829000018,
                            23.500499711000032
                        ],
                        [
                            120.392900518000033,
                            23.50053986000006
                        ],
                        [
                            120.393224021000037,
                            23.500579969000057
                        ],
                        [
                            120.393477823000012,
                            23.500579909000066
                        ],
                        [
                            120.393798800000013,
                            23.500566062000075
                        ],
                        [
                            120.394099864000054,
                            23.500545319000025
                        ],
                        [
                            120.394209430000046,
                            23.500652052000078
                        ],
                        [
                            120.394362549000107,
                            23.500777152000069
                        ],
                        [
                            120.394472059,
                            23.500810418000071
                        ],
                        [
                            120.394676088000097,
                            23.500796593000075
                        ],
                        [
                            120.394982080000091,
                            23.500717308000048
                        ],
                        [
                            120.395275582000068,
                            23.500562243000047
                        ],
                        [
                            120.395795467000084,
                            23.500350887000025
                        ],
                        [
                            120.396460907000119,
                            23.500131463000059
                        ],
                        [
                            120.396800468000038,
                            23.500020022000058
                        ],
                        [
                            120.397450928000012,
                            23.499737453000023
                        ],
                        [
                            120.397894890000089,
                            23.499491646000024
                        ],
                        [
                            120.398398535000069,
                            23.499203364000039
                        ],
                        [
                            120.398784015000047,
                            23.498951849000036
                        ],
                        [
                            120.399269075,
                            23.498764581000046
                        ],
                        [
                            120.39954650300001,
                            23.498753029000056
                        ],
                        [
                            120.399852540000097,
                            23.498732284000027
                        ],
                        [
                            120.400204640000084,
                            23.498755150000022
                        ],
                        [
                            120.400193696000088,
                            23.499070853000035
                        ],
                        [
                            120.400188899000113,
                            23.499299307000058
                        ],
                        [
                            120.400201612000046,
                            23.499643708000065
                        ],
                        [
                            120.400221765000083,
                            23.499952524000037
                        ],
                        [
                            120.400257985000053,
                            23.500130462000072
                        ],
                        [
                            120.400339022000026,
                            23.500340517000041
                        ],
                        [
                            120.400443668000094,
                            23.500519585000063
                        ],
                        [
                            120.400580665,
                            23.500696340000047
                        ],
                        [
                            120.400772433000043,
                            23.50090982100005
                        ],
                        [
                            120.400835973000085,
                            23.501021150000042
                        ],
                        [
                            120.40085858000009,
                            23.501288626000076
                        ],
                        [
                            120.400826408000057,
                            23.501507910000043
                        ],
                        [
                            120.400856393000026,
                            23.501667474000044
                        ],
                        [
                            120.400921174000018,
                            23.501771928000039
                        ],
                        [
                            120.401009588000079,
                            23.501870630000042
                        ],
                        [
                            120.401231166000116,
                            23.502025558000071
                        ],
                        [
                            120.401434053000116,
                            23.502139149000072
                        ],
                        [
                            120.401681727000096,
                            23.502248136000048
                        ],
                        [
                            120.401858456000014,
                            23.502320411000028
                        ],
                        [
                            120.402005371000087,
                            23.502451241000074
                        ],
                        [
                            120.402209555000013,
                            23.502629118000073
                        ],
                        [
                            120.402508308000051,
                            23.502825346000066
                        ],
                        [
                            120.402721126000074,
                            23.502909094000074
                        ],
                        [
                            120.403014875000054,
                            23.503066275000037
                        ],
                        [
                            120.403278773000011,
                            23.503232659000048
                        ],
                        [
                            120.403543955000032,
                            23.503449562000071
                        ],
                        [
                            120.40382910400001,
                            23.503736477000075
                        ],
                        [
                            120.404345507000016,
                            23.503830459000028
                        ],
                        [
                            120.404595588,
                            23.50383382900003
                        ],
                        [
                            120.404958868000108,
                            23.503817647000062
                        ],
                        [
                            120.405305916000088,
                            23.503730283000039
                        ],
                        [
                            120.405597037,
                            23.503714123000066
                        ],
                        [
                            120.405689110000026,
                            23.503718680000077
                        ],
                        [
                            120.405931844000065,
                            23.503864411000052
                        ],
                        [
                            120.406402397000079,
                            23.504175372000077
                        ],
                        [
                            120.406609107,
                            23.504386539000052
                        ],
                        [
                            120.406869350000079,
                            23.504637874000025
                        ],
                        [
                            120.407275305000098,
                            23.505051021000043
                        ],
                        [
                            120.407647620000034,
                            23.505412526000043
                        ],
                        [
                            120.407874306000053,
                            23.505704050000077
                        ],
                        [
                            120.408045924000021,
                            23.505883198000049
                        ],
                        [
                            120.408088204000023,
                            23.505927596000049
                        ],
                        [
                            120.408806349000088,
                            23.506571575000066
                        ],
                        [
                            120.408176558000036,
                            23.504383082000061
                        ],
                        [
                            120.408081130000028,
                            23.504033807000042
                        ],
                        [
                            120.407983272000024,
                            23.503522497000063
                        ],
                        [
                            120.407973512000012,
                            23.503431809000062
                        ],
                        [
                            120.407959936000111,
                            23.503378988000065
                        ],
                        [
                            120.407943960000011,
                            23.503285983000069
                        ],
                        [
                            120.407931739000105,
                            23.503182669000068
                        ],
                        [
                            120.407905852000113,
                            23.503066691000072
                        ],
                        [
                            120.407893644000069,
                            23.502958783000054
                        ],
                        [
                            120.407870198000069,
                            23.502865768000049
                        ],
                        [
                            120.407863058000089,
                            23.502714246000039
                        ],
                        [
                            120.407850854000117,
                            23.502604035000047
                        ],
                        [
                            120.407854791000091,
                            23.502509922000058
                        ],
                        [
                            120.407854909000093,
                            23.502454833000058
                        ],
                        [
                            120.407863846000055,
                            23.502350410000076
                        ],
                        [
                            120.407862776000115,
                            23.502270058000079
                        ],
                        [
                            120.407872968000106,
                            23.502161043000058
                        ],
                        [
                            120.407880588000012,
                            23.502089898000065
                        ],
                        [
                            120.407885789000034,
                            23.501986599000077
                        ],
                        [
                            120.407903357,
                            23.501918915000033
                        ],
                        [
                            120.40791225800001,
                            23.501831692000053
                        ],
                        [
                            120.407924857000012,
                            23.501760558000058
                        ],
                        [
                            120.407936254000106,
                            23.501669913000057
                        ],
                        [
                            120.407953856000063,
                            23.501587294000046
                        ],
                        [
                            120.40797391600006,
                            23.501517327000045
                        ],
                        [
                            120.407986484000048,
                            23.501461109000047
                        ],
                        [
                            120.408011522000038,
                            23.501391140000067
                        ],
                        [
                            120.408095280000111,
                            23.500842968000029
                        ],
                        [
                            120.408182871,
                            23.500647686000036
                        ],
                        [
                            120.40818454500004,
                            23.50042025700003
                        ],
                        [
                            120.408226006000064,
                            23.500004961000059
                        ],
                        [
                            120.408264374000055,
                            23.499434673000053
                        ],
                        [
                            120.408284304000063,
                            23.499000213000045
                        ],
                        [
                            120.408318204000011,
                            23.498704479000025
                        ],
                        [
                            120.408390571000041,
                            23.498528726000075
                        ],
                        [
                            120.40845842300007,
                            23.498438017000069
                        ],
                        [
                            120.40846951900005,
                            23.498436705000074
                        ],
                        [
                            120.408582528000011,
                            23.498423327000069
                        ],
                        [
                            120.408735187000048,
                            23.498405874000071
                        ],
                        [
                            120.40899636000006,
                            23.49840269200007
                        ],
                        [
                            120.409287651000113,
                            23.498412802000075
                        ],
                        [
                            120.409605495000051,
                            23.498444291000055
                        ],
                        [
                            120.410217390000071,
                            23.498561640000048
                        ],
                        [
                            120.410709582000095,
                            23.498664890000043
                        ],
                        [
                            120.41096686000003,
                            23.498715754000045
                        ],
                        [
                            120.411309662,
                            23.498813444000064
                        ],
                        [
                            120.411617189000026,
                            23.498888740000041
                        ],
                        [
                            120.411989170000084,
                            23.499014651000039
                        ],
                        [
                            120.412166396000089,
                            23.499105888000031
                        ],
                        [
                            120.412248744000067,
                            23.499180326000044
                        ],
                        [
                            120.412350109000045,
                            23.499334848000046
                        ],
                        [
                            120.412483370000018,
                            23.499529021000058
                        ],
                        [
                            120.412593669000103,
                            23.499756881000053
                        ],
                        [
                            120.412675569000044,
                            23.500057588000061
                        ],
                        [
                            120.412823059000061,
                            23.500465158000054
                        ],
                        [
                            120.412914310000019,
                            23.500797849000037
                        ],
                        [
                            120.413010329000031,
                            23.501182143000051
                        ],
                        [
                            120.413061674000119,
                            23.501509761000023
                        ],
                        [
                            120.41318143400008,
                            23.501961430000051
                        ],
                        [
                            120.413296779,
                            23.502254676000064
                        ],
                        [
                            120.41342170900009,
                            23.502405362000047
                        ],
                        [
                            120.413660016000108,
                            23.502564498000027
                        ],
                        [
                            120.413922527000068,
                            23.502751935000049
                        ],
                        [
                            120.414229371000033,
                            23.502978839000036
                        ],
                        [
                            120.414632961000052,
                            23.503253520000044
                        ],
                        [
                            120.415059928000119,
                            23.503577215000064
                        ],
                        [
                            120.415425867000067,
                            23.503835286000026
                        ],
                        [
                            120.415765394000118,
                            23.504140886000073
                        ],
                        [
                            120.415877479000073,
                            23.504271112000026
                        ],
                        [
                            120.415991337000037,
                            23.504427703000033
                        ],
                        [
                            120.416166411000063,
                            23.504659094000033
                        ],
                        [
                            120.416332548000014,
                            23.504879145000075
                        ],
                        [
                            120.416488023000056,
                            23.50512578300004
                        ],
                        [
                            120.416624150000075,
                            23.50527629000004
                        ],
                        [
                            120.416753903000085,
                            23.505356817000063
                        ],
                        [
                            120.416968269000108,
                            23.505438240000046
                        ],
                        [
                            120.41718581400005,
                            23.505492050000043
                        ],
                        [
                            120.417350964000093,
                            23.505538685000033
                        ],
                        [
                            120.417591908000077,
                            23.505580638000026
                        ],
                        [
                            120.417923242000029,
                            23.505601542000022
                        ],
                        [
                            120.418316878000041,
                            23.505627160000074
                        ],
                        [
                            120.41866931200002,
                            23.505645426000058
                        ],
                        [
                            120.419161538000026,
                            23.505686621000052
                        ],
                        [
                            120.419555658000036,
                            23.505736349000074
                        ],
                        [
                            120.419906805000096,
                            23.505814349000048
                        ],
                        [
                            120.420220479000022,
                            23.505884939000055
                        ],
                        [
                            120.420636825000088,
                            23.505988264000052
                        ],
                        [
                            120.420971595000083,
                            23.506056196000031
                        ],
                        [
                            120.421204639000052,
                            23.506076442000051
                        ],
                        [
                            120.421428725000055,
                            23.506084200000032
                        ],
                        [
                            120.42185844800008,
                            23.506048338000028
                        ],
                        [
                            120.422263093000083,
                            23.50600256000007
                        ],
                        [
                            120.422614076000059,
                            23.506010500000059
                        ],
                        [
                            120.42281158600008,
                            23.506057745000078
                        ],
                        [
                            120.422888669000031,
                            23.506117341000049
                        ],
                        [
                            120.422983098000032,
                            23.506235206000042
                        ],
                        [
                            120.423059034000062,
                            23.506299400000046
                        ],
                        [
                            120.423132133000081,
                            23.506284403000052
                        ],
                        [
                            120.423283580000088,
                            23.506268105000061
                        ],
                        [
                            120.42349958200009,
                            23.506244983000045
                        ],
                        [
                            120.423760169000047,
                            23.506211932000042
                        ],
                        [
                            120.424053438000101,
                            23.506195563000063
                        ],
                        [
                            120.424273586000027,
                            23.50619305400005
                        ],
                        [
                            120.424517893000029,
                            23.506216542000061
                        ],
                        [
                            120.424767154000051,
                            23.506300836000037
                        ],
                        [
                            120.424926876000086,
                            23.506386606000035
                        ],
                        [
                            120.424993900000118,
                            23.506440607000059
                        ],
                        [
                            120.425074951000056,
                            23.506573640000056
                        ],
                        [
                            120.425193203000049,
                            23.506762323000032
                        ],
                        [
                            120.425356986000111,
                            23.50698813300005
                        ],
                        [
                            120.425522823000051,
                            23.507254119000038
                        ],
                        [
                            120.425602278000042,
                            23.507384628000068
                        ],
                        [
                            120.425641190000078,
                            23.507448545000045
                        ],
                        [
                            120.425720570000067,
                            23.507683815000064
                        ],
                        [
                            120.425796283000068,
                            23.507860567000023
                        ],
                        [
                            120.425898278000091,
                            23.508106938000026
                        ],
                        [
                            120.425971000000118,
                            23.508320493000042
                        ],
                        [
                            120.426049991000014,
                            23.508536240000069
                        ],
                        [
                            120.426117385000111,
                            23.508608628000047
                        ],
                        [
                            120.426280895000104,
                            23.508758649000072
                        ],
                        [
                            120.426445294000018,
                            23.508829417000072
                        ],
                        [
                            120.426779828,
                            23.508946728000069
                        ],
                        [
                            120.427109598000015,
                            23.509074461000068
                        ],
                        [
                            120.427482411000028,
                            23.509177344000022
                        ],
                        [
                            120.427868162000095,
                            23.509243261000051
                        ],
                        [
                            120.428144282000062,
                            23.509239803000071
                        ],
                        [
                            120.428386010000054,
                            23.509196724000049
                        ],
                        [
                            120.428651785000056,
                            23.509173911000062
                        ],
                        [
                            120.428851406000035,
                            23.509149051000065
                        ],
                        [
                            120.429035247000115,
                            23.509126166000044
                        ],
                        [
                            120.429351342000018,
                            23.509069214000078
                        ],
                        [
                            120.429719535000118,
                            23.509004498000024
                        ],
                        [
                            120.430005022000046,
                            23.508972168000071
                        ],
                        [
                            120.430433394000033,
                            23.508930560000067
                        ],
                        [
                            120.431529325000042,
                            23.508739990000038
                        ],
                        [
                            120.431878497000071,
                            23.508719220000046
                        ],
                        [
                            120.432230316000073,
                            23.508706452000069
                        ],
                        [
                            120.432530917,
                            23.508745082000075
                        ],
                        [
                            120.432769595000082,
                            23.508797368000046
                        ],
                        [
                            120.433184193000102,
                            23.508917060000044
                        ],
                        [
                            120.433282446000021,
                            23.508992944000056
                        ],
                        [
                            120.433356989000117,
                            23.509028873000034
                        ],
                        [
                            120.433397876000072,
                            23.509073830000034
                        ],
                        [
                            120.433449797000094,
                            23.509156704000077
                        ],
                        [
                            120.433504188000029,
                            23.509244186000046
                        ],
                        [
                            120.433554958000059,
                            23.509306406000064
                        ],
                        [
                            120.433604372000104,
                            23.50939270300006
                        ],
                        [
                            120.433648738000102,
                            23.509495056000048
                        ],
                        [
                            120.433701818000031,
                            23.509597460000066
                        ],
                        [
                            120.43374247600002,
                            23.509692899000072
                        ],
                        [
                            120.433779336000043,
                            23.50980325200004
                        ],
                        [
                            120.433788953000089,
                            23.509836151000059
                        ],
                        [
                            120.434989957000084,
                            23.509076894000032
                        ],
                        [
                            120.435494113000118,
                            23.508752887000071
                        ],
                        [
                            120.435675414000116,
                            23.508591718000048
                        ],
                        [
                            120.435831943000039,
                            23.508356477000063
                        ],
                        [
                            120.438154988000065,
                            23.504500559000064
                        ],
                        [
                            120.438753788000099,
                            23.503513879000025
                        ],
                        [
                            120.438840882000022,
                            23.50337250900003
                        ],
                        [
                            120.438918538000053,
                            23.503246463000039
                        ],
                        [
                            120.438982683000063,
                            23.503143302000069
                        ],
                        [
                            120.439050842000029,
                            23.503032669000049
                        ],
                        [
                            120.439123736000056,
                            23.502914347000058
                        ],
                        [
                            120.439195632000065,
                            23.502797650000048
                        ],
                        [
                            120.439270632000103,
                            23.50267591000005
                        ],
                        [
                            120.439337973000079,
                            23.502566604000037
                        ],
                        [
                            120.439383989000021,
                            23.502491912000039
                        ],
                        [
                            120.439454419000072,
                            23.50237179800007
                        ],
                        [
                            120.439572420000104,
                            23.502169933000062
                        ],
                        [
                            120.439767161000077,
                            23.501833086000033
                        ],
                        [
                            120.439893160000111,
                            23.501623229000074
                        ],
                        [
                            120.440008742000032,
                            23.501435033000064
                        ],
                        [
                            120.442125671000099,
                            23.497980030000065
                        ],
                        [
                            120.442228911000029,
                            23.49813369900005
                        ],
                        [
                            120.442310206000116,
                            23.498264923000079
                        ],
                        [
                            120.442390461000059,
                            23.498425491000035
                        ],
                        [
                            120.442897887000072,
                            23.499413823000054
                        ],
                        [
                            120.443183929000043,
                            23.499970185000052
                        ],
                        [
                            120.443640911000102,
                            23.500879325000028
                        ],
                        [
                            120.444026133000079,
                            23.501645984000049
                        ],
                        [
                            120.445251326000061,
                            23.504081656000039
                        ],
                        [
                            120.445618187000036,
                            23.504523169000038
                        ],
                        [
                            120.446230960000094,
                            23.504877515000032
                        ],
                        [
                            120.44716664900011,
                            23.504948562000038
                        ],
                        [
                            120.448011658000041,
                            23.501362172000029
                        ],
                        [
                            120.448204665000048,
                            23.500602088000051
                        ],
                        [
                            120.44850201700001,
                            23.499433768000074
                        ],
                        [
                            120.448504970000045,
                            23.499422492000065
                        ],
                        [
                            120.448540755000067,
                            23.499278140000058
                        ],
                        [
                            120.448541209000041,
                            23.499276452000061
                        ],
                        [
                            120.448542912000107,
                            23.499276689000055
                        ],
                        [
                            120.448616952000066,
                            23.499001330000056
                        ],
                        [
                            120.448783932000083,
                            23.498473638000064
                        ],
                        [
                            120.4488335960001,
                            23.498239940000076
                        ],
                        [
                            120.448876687000052,
                            23.498037170000032
                        ],
                        [
                            120.448897797000086,
                            23.49782108900007
                        ],
                        [
                            120.44898774100011,
                            23.497450730000025
                        ],
                        [
                            120.449087730000088,
                            23.49709408800004
                        ],
                        [
                            120.449192022000034,
                            23.496624846000032
                        ],
                        [
                            120.449254591000113,
                            23.496261506000053
                        ],
                        [
                            120.449383939000086,
                            23.495815120000032
                        ],
                        [
                            120.44954700400001,
                            23.495177859000023
                        ],
                        [
                            120.449840739000024,
                            23.493903487000068
                        ],
                        [
                            120.450000997000075,
                            23.49321569600005
                        ],
                        [
                            120.450078671000028,
                            23.492877546000045
                        ],
                        [
                            120.450126754000053,
                            23.492590104000044
                        ],
                        [
                            120.450194598000053,
                            23.492274992000034
                        ],
                        [
                            120.45022270000004,
                            23.491980754000053
                        ],
                        [
                            120.450183096000046,
                            23.491615624000076
                        ],
                        [
                            120.450161506000086,
                            23.491344617000038
                        ],
                        [
                            120.450119674,
                            23.491023167000037
                        ],
                        [
                            120.450070777000064,
                            23.490768370000069
                        ],
                        [
                            120.450005895000118,
                            23.490529808000076
                        ],
                        [
                            120.449958579000054,
                            23.490356746000032
                        ],
                        [
                            120.449926588000039,
                            23.490239735000046
                        ],
                        [
                            120.449856425,
                            23.489983113000051
                        ],
                        [
                            120.449816634000058,
                            23.489837570000077
                        ],
                        [
                            120.449805276,
                            23.489774313000055
                        ],
                        [
                            120.449754296000037,
                            23.489768987000048
                        ],
                        [
                            120.449681291000047,
                            23.489535864000061
                        ],
                        [
                            120.449340769000059,
                            23.488825224000038
                        ],
                        [
                            120.449114228000099,
                            23.488507119000076
                        ],
                        [
                            120.448909244000106,
                            23.488219282000045
                        ],
                        [
                            120.448664832000077,
                            23.487876079000046
                        ],
                        [
                            120.448305776000097,
                            23.487466266000069
                        ],
                        [
                            120.448287866000101,
                            23.487445825000066
                        ],
                        [
                            120.448260921000042,
                            23.487414125000043
                        ],
                        [
                            120.448249199000088,
                            23.487400539000078
                        ],
                        [
                            120.448109278000061,
                            23.487242019000064
                        ],
                        [
                            120.447950272000071,
                            23.487060647000078
                        ],
                        [
                            120.447675078000088,
                            23.486746743000026
                        ],
                        [
                            120.44765862700001,
                            23.486727976000054
                        ],
                        [
                            120.447603363000098,
                            23.486664571000063
                        ],
                        [
                            120.447597310000106,
                            23.486648747000061
                        ],
                        [
                            120.447599376000085,
                            23.486647020000078
                        ],
                        [
                            120.447586720000118,
                            23.486615942000071
                        ],
                        [
                            120.447654782000086,
                            23.486505975000057
                        ],
                        [
                            120.447765774000118,
                            23.486313499000062
                        ],
                        [
                            120.447869170000104,
                            23.486139372000025
                        ],
                        [
                            120.448028344000022,
                            23.485820746000059
                        ],
                        [
                            120.448260816000015,
                            23.485295372000053
                        ],
                        [
                            120.448390210000071,
                            23.48485818000006
                        ],
                        [
                            120.448510843,
                            23.484618608000062
                        ],
                        [
                            120.448514663000083,
                            23.484427895000067
                        ],
                        [
                            120.448635538000076,
                            23.483971174000033
                        ],
                        [
                            120.448636443000055,
                            23.483967756000027
                        ],
                        [
                            120.448766423000052,
                            23.483627048000074
                        ],
                        [
                            120.448844752000014,
                            23.483396891000041
                        ],
                        [
                            120.448924032000036,
                            23.48291400100004
                        ],
                        [
                            120.448996915000066,
                            23.482608047000042
                        ],
                        [
                            120.449091382,
                            23.482164116000035
                        ],
                        [
                            120.44909549800002,
                            23.482150830000023
                        ],
                        [
                            120.449176908000027,
                            23.481887978000032
                        ],
                        [
                            120.449294997000038,
                            23.481232563000049
                        ],
                        [
                            120.449419165000108,
                            23.48075633600007
                        ],
                        [
                            120.449501858000076,
                            23.480425067000056
                        ],
                        [
                            120.449606342000038,
                            23.479990287000078
                        ],
                        [
                            120.449622648000059,
                            23.479912844000069
                        ],
                        [
                            120.44987105000007,
                            23.477469128000052
                        ],
                        [
                            120.449952757,
                            23.47676483500004
                        ],
                        [
                            120.449970722000103,
                            23.476600103000067
                        ],
                        [
                            120.450032125,
                            23.476029180000069
                        ],
                        [
                            120.450144088000116,
                            23.474993394000023
                        ],
                        [
                            120.45018480400006,
                            23.474616539000067
                        ],
                        [
                            120.450214544000119,
                            23.474341232000029
                        ],
                        [
                            120.450266070000112,
                            23.473865087000036
                        ],
                        [
                            120.451035273000116,
                            23.473936534000075
                        ],
                        [
                            120.451832320000108,
                            23.47401056700005
                        ],
                        [
                            120.451844556000083,
                            23.47401061000005
                        ],
                        [
                            120.451847268000051,
                            23.473983530000055
                        ],
                        [
                            120.451923603000068,
                            23.47323883100006
                        ],
                        [
                            120.452059609000116,
                            23.472006728000053
                        ],
                        [
                            120.452107107000074,
                            23.47157797400007
                        ],
                        [
                            120.452122638000105,
                            23.471438195000076
                        ],
                        [
                            120.451957312000104,
                            23.471181130000048
                        ],
                        [
                            120.451848126000073,
                            23.471091436000052
                        ],
                        [
                            120.451768369000092,
                            23.471056547000046
                        ],
                        [
                            120.451802907000115,
                            23.470555404000038
                        ],
                        [
                            120.451327554000045,
                            23.47050831200005
                        ],
                        [
                            120.44946638600004,
                            23.470329382000045
                        ],
                        [
                            120.449506676000055,
                            23.469945688000053
                        ],
                        [
                            120.449549995000098,
                            23.469604962000062
                        ],
                        [
                            120.449604852000107,
                            23.469173978000072
                        ],
                        [
                            120.449639435000108,
                            23.468902477000029
                        ],
                        [
                            120.450378325000088,
                            23.466493132000039
                        ],
                        [
                            120.451024287000109,
                            23.464386779000051
                        ],
                        [
                            120.451070750000099,
                            23.464235269000028
                        ],
                        [
                            120.451534355000035,
                            23.463076556000033
                        ],
                        [
                            120.451730800000064,
                            23.462588473000039
                        ],
                        [
                            120.451739408000094,
                            23.462567086000035
                        ]
                    ]
                ]
            }
        }
    ]
}