{
    "type": "FeatureCollection",
    "name": "TOWN_MOI_1130718",
    "features": [
        {
            "type": "Feature",
            "properties": {
                "TOWNID": "O02",
                "TOWNCODE": "10018020",
                "COUNTYNAME": "新竹市",
                "TOWNNAME": "北區",
                "TOWNENG": "North District",
                "COUNTYID": "O",
                "COUNTYCODE": "10018"
            },
            "geometry": {
                "type": "Polygon",
                "coordinates": [
                    [
                        [
                            120.92533018000006,
                            24.854773076000072
                        ],
                        [
                            120.925461279000046,
                            24.854731645000072
                        ],
                        [
                            120.925577363000116,
                            24.854683211000065
                        ],
                        [
                            120.925843447000034,
                            24.854587750000064
                        ],
                        [
                            120.926002345000029,
                            24.85453046400005
                        ],
                        [
                            120.926117184000077,
                            24.854480862000059
                        ],
                        [
                            120.926346737000017,
                            24.854394295000077
                        ],
                        [
                            120.926472861000093,
                            24.85434708300005
                        ],
                        [
                            120.926620406000097,
                            24.854294304000064
                        ],
                        [
                            120.926853705000099,
                            24.854210055000067
                        ],
                        [
                            120.927015125000025,
                            24.854151638000076
                        ],
                        [
                            120.927131164000116,
                            24.854107790000057
                        ],
                        [
                            120.927405988000032,
                            24.854018118000056
                        ],
                        [
                            120.927564960000041,
                            24.853952811000056
                        ],
                        [
                            120.927704919,
                            24.853904549000049
                        ],
                        [
                            120.927855051000051,
                            24.853843752000046
                        ],
                        [
                            120.928010198000038,
                            24.853784147000056
                        ],
                        [
                            120.928132598000047,
                            24.853732310000055
                        ],
                        [
                            120.92827882600011,
                            24.853685253000037
                        ],
                        [
                            120.928412510000044,
                            24.853635804000078
                        ],
                        [
                            120.928518463000046,
                            24.85359530900007
                        ],
                        [
                            120.928650868000091,
                            24.853548153000077
                        ],
                        [
                            120.928822374000106,
                            24.853486361000023
                        ],
                        [
                            120.928985047000083,
                            24.853427971000031
                        ],
                        [
                            120.929120012000112,
                            24.853376229000048
                        ],
                        [
                            120.929294085000038,
                            24.853308735000041
                        ],
                        [
                            120.929435333000015,
                            24.853257041000063
                        ],
                        [
                            120.92958912000006,
                            24.853207745000077
                        ],
                        [
                            120.92974683500006,
                            24.853142418000061
                        ],
                        [
                            120.929905661000021,
                            24.853092014000026
                        ],
                        [
                            120.930115017000048,
                            24.853014457000029
                        ],
                        [
                            120.930242428000042,
                            24.852963805000059
                        ],
                        [
                            120.930376023,
                            24.852923529000066
                        ],
                        [
                            120.930536251000035,
                            24.852858218000051
                        ],
                        [
                            120.930653543000062,
                            24.852814376000026
                        ],
                        [
                            120.93078347900007,
                            24.852762605000066
                        ],
                        [
                            120.930927204000113,
                            24.85271437800003
                        ],
                        [
                            120.931116230000043,
                            24.852659606000032
                        ],
                        [
                            120.931274966000046,
                            24.852618375000077
                        ],
                        [
                            120.931418305000079,
                            24.852610298000059
                        ],
                        [
                            120.931606712000075,
                            24.852619765000043
                        ],
                        [
                            120.931777540000098,
                            24.852627942000026
                        ],
                        [
                            120.931904343000042,
                            24.852640389000044
                        ],
                        [
                            120.932115225000075,
                            24.852664942000047
                        ],
                        [
                            120.932279791000042,
                            24.85267077900005
                        ],
                        [
                            120.932446759000072,
                            24.852688125000043
                        ],
                        [
                            120.932641375000117,
                            24.852705666000077
                        ],
                        [
                            120.932804550000014,
                            24.852725259000067
                        ],
                        [
                            120.932933914000046,
                            24.852733126000032
                        ],
                        [
                            120.933102114,
                            24.852752760000044
                        ],
                        [
                            120.933214714000087,
                            24.852771671000028
                        ],
                        [
                            120.933214723000106,
                            24.852755491000039
                        ],
                        [
                            120.933292849000054,
                            24.852759300000059
                        ],
                        [
                            120.933428675000073,
                            24.852758251000068
                        ],
                        [
                            120.933589651000034,
                            24.852754919000063
                        ],
                        [
                            120.933646652000107,
                            24.852749866000067
                        ],
                        [
                            120.933769500000039,
                            24.852738975000022
                        ],
                        [
                            120.933951879,
                            24.852709270000048
                        ],
                        [
                            120.934199672000091,
                            24.85265548700005
                        ],
                        [
                            120.934387087000118,
                            24.852617735000024
                        ],
                        [
                            120.934598410000035,
                            24.85256163300005
                        ],
                        [
                            120.934749360000069,
                            24.852514670000062
                        ],
                        [
                            120.934895280000092,
                            24.852465412000072
                        ],
                        [
                            120.935031135000031,
                            24.852421881000055
                        ],
                        [
                            120.93515818100002,
                            24.85238983000005
                        ],
                        [
                            120.935311648000038,
                            24.85233942900004
                        ],
                        [
                            120.935477691000074,
                            24.852289033000034
                        ],
                        [
                            120.935665121000056,
                            24.852229471000044
                        ],
                        [
                            120.935884009,
                            24.852145826000026
                        ],
                        [
                            120.936034972000016,
                            24.852079359000072
                        ],
                        [
                            120.936270228000012,
                            24.85197620100007
                        ],
                        [
                            120.93652057700001,
                            24.851862703000052
                        ],
                        [
                            120.936663999000075,
                            24.851788188000057
                        ],
                        [
                            120.93685146100006,
                            24.851686148000056
                        ],
                        [
                            120.937091757000076,
                            24.851563479000049
                        ],
                        [
                            120.937309398000025,
                            24.851462603000073
                        ],
                        [
                            120.937485525000056,
                            24.85137777500006
                        ],
                        [
                            120.937689329000023,
                            24.851281482000047
                        ],
                        [
                            120.937890614000025,
                            24.85119437700007
                        ],
                        [
                            120.938066732000038,
                            24.851118729000063
                        ],
                        [
                            120.938299457000085,
                            24.851027050000027
                        ],
                        [
                            120.938507034000054,
                            24.850929611000026
                        ],
                        [
                            120.938664278000033,
                            24.850870025000063
                        ],
                        [
                            120.938856755000074,
                            24.850781761000064
                        ],
                        [
                            120.939027837000026,
                            24.85071528900005
                        ],
                        [
                            120.939255532000061,
                            24.85062130600005
                        ],
                        [
                            120.939315914000076,
                            24.85059609700005
                        ],
                        [
                            120.939416559000051,
                            24.850544503000037
                        ],
                        [
                            120.939520978000019,
                            24.850490618000038
                        ],
                        [
                            120.939617855000051,
                            24.85043328200004
                        ],
                        [
                            120.939805300000103,
                            24.85034730700005
                        ],
                        [
                            120.940001558000063,
                            24.850244126000064
                        ],
                        [
                            120.940117310000119,
                            24.850173029000075
                        ],
                        [
                            120.940302263000035,
                            24.850053764000052
                        ],
                        [
                            120.940449467,
                            24.849962022000057
                        ],
                        [
                            120.940604257000018,
                            24.849812878000023
                        ],
                        [
                            120.940704935000099,
                            24.849714219000077
                        ],
                        [
                            120.940789266000024,
                            24.849615551000056
                        ],
                        [
                            120.94091010000011,
                            24.84946754200007
                        ],
                        [
                            120.941028421000055,
                            24.849319520000051
                        ],
                        [
                            120.941107722000083,
                            24.849217403000068
                        ],
                        [
                            120.941292737000026,
                            24.849005151000028
                        ],
                        [
                            120.941379604000076,
                            24.848875473000078
                        ],
                        [
                            120.941427440000098,
                            24.84880662300003
                        ],
                        [
                            120.94153064000011,
                            24.848694194000075
                        ],
                        [
                            120.941583509000111,
                            24.848626501000069
                        ],
                        [
                            120.941679154000099,
                            24.848527812000043
                        ],
                        [
                            120.941784897000048,
                            24.848376363000057
                        ],
                        [
                            120.941892500000108,
                            24.848252686000023
                        ],
                        [
                            120.941995863000102,
                            24.848111496000058
                        ],
                        [
                            120.942130323000015,
                            24.847962188000054
                        ],
                        [
                            120.942271023000103,
                            24.847754334000058
                        ],
                        [
                            120.942451962000064,
                            24.847538415000031
                        ],
                        [
                            120.942567549000046,
                            24.847382230000051
                        ],
                        [
                            120.942691924000087,
                            24.847209960000043
                        ],
                        [
                            120.942808761000038,
                            24.84704804200004
                        ],
                        [
                            120.942919303000053,
                            24.846880379000027
                        ],
                        [
                            120.943051186000048,
                            24.846665641000072
                        ],
                        [
                            120.9431579620001,
                            24.846504875000051
                        ],
                        [
                            120.94324959100004,
                            24.846283270000072
                        ],
                        [
                            120.943346213000041,
                            24.846020341000042
                        ],
                        [
                            120.943520628000101,
                            24.845539267000049
                        ],
                        [
                            120.943794248000017,
                            24.844873327000073
                        ],
                        [
                            120.943863226000076,
                            24.844649444000027
                        ],
                        [
                            120.9439761860001,
                            24.844370434000041
                        ],
                        [
                            120.944047682000019,
                            24.844145405000063
                        ],
                        [
                            120.944092820000037,
                            24.843984678000027
                        ],
                        [
                            120.944158010000024,
                            24.843742432000056
                        ],
                        [
                            120.944201879000047,
                            24.84356678100005
                        ],
                        [
                            120.944265816000097,
                            24.843325689000039
                        ],
                        [
                            120.944303392000052,
                            24.843151180000064
                        ],
                        [
                            120.944346014000075,
                            24.842988158000026
                        ],
                        [
                            120.944394888000033,
                            24.842784953000034
                        ],
                        [
                            120.944456280000054,
                            24.842515168000034
                        ],
                        [
                            120.944500141000049,
                            24.842333772000075
                        ],
                        [
                            120.944518929000083,
                            24.842244225000059
                        ],
                        [
                            120.944566575000067,
                            24.842074309000054
                        ],
                        [
                            120.944607905000112,
                            24.841874550000057
                        ],
                        [
                            120.944658056000094,
                            24.841697744000044
                        ],
                        [
                            120.944700690000104,
                            24.841548491000026
                        ],
                        [
                            120.944729487000018,
                            24.841398103000074
                        ],
                        [
                            120.944775848000063,
                            24.841204080000068
                        ],
                        [
                            120.944824795000045,
                            24.841082376000031
                        ],
                        [
                            120.944817234000084,
                            24.841066320000039
                        ],
                        [
                            120.944854952000014,
                            24.841047906000028
                        ],
                        [
                            120.94485613400002,
                            24.841047271000036
                        ],
                        [
                            120.944903980000049,
                            24.841021480000052
                        ],
                        [
                            120.944971870000018,
                            24.84098700800007
                        ],
                        [
                            120.945112687,
                            24.840926072000059
                        ],
                        [
                            120.945274870000048,
                            24.840849044000038
                        ],
                        [
                            120.945398085000079,
                            24.840797302000055
                        ],
                        [
                            120.945608048000054,
                            24.840701886000033
                        ],
                        [
                            120.945814235000057,
                            24.840603026000053
                        ],
                        [
                            120.945991503000073,
                            24.840517969000075
                        ],
                        [
                            120.946163743000056,
                            24.840436351000051
                        ],
                        [
                            120.946357363000061,
                            24.840352420000045
                        ],
                        [
                            120.946538407000048,
                            24.840270795000038
                        ],
                        [
                            120.946729519000087,
                            24.840193759000044
                        ],
                        [
                            120.946890465000024,
                            24.840138545000059
                        ],
                        [
                            120.94706270100005,
                            24.840055779000068
                        ],
                        [
                            120.947202262000019,
                            24.839999436000028
                        ],
                        [
                            120.947355646,
                            24.839930458000026
                        ],
                        [
                            120.947495214000014,
                            24.839879848000066
                        ],
                        [
                            120.947597033000079,
                            24.839815503000068
                        ],
                        [
                            120.947713937000117,
                            24.839741952000054
                        ],
                        [
                            120.947778044000074,
                            24.83969944100005
                        ],
                        [
                            120.947869798000056,
                            24.839631651000047
                        ],
                        [
                            120.947941439000033,
                            24.839574201000062
                        ],
                        [
                            120.948013083000092,
                            24.839521344000048
                        ],
                        [
                            120.948132501000032,
                            24.839445503000036
                        ],
                        [
                            120.948260712000092,
                            24.839358178000055
                        ],
                        [
                            120.948336128000051,
                            24.839303031000043
                        ],
                        [
                            120.94847439800003,
                            24.839213399000073
                        ],
                        [
                            120.948657909000076,
                            24.839082414000075
                        ],
                        [
                            120.948851477000062,
                            24.838944523000066
                        ],
                        [
                            120.948973392000084,
                            24.838850316000048
                        ],
                        [
                            120.949094051000088,
                            24.838760696000065
                        ],
                        [
                            120.949202160000027,
                            24.838698634000025
                        ],
                        [
                            120.949345437000034,
                            24.838583750000055
                        ],
                        [
                            120.949517648000096,
                            24.83847571900003
                        ],
                        [
                            120.949747666,
                            24.838313707000054
                        ],
                        [
                            120.949848220000035,
                            24.838243617000046
                        ],
                        [
                            120.950036755000042,
                            24.83810803700004
                        ],
                        [
                            120.950169981000045,
                            24.838005788000032
                        ],
                        [
                            120.950273067000012,
                            24.837952897000037
                        ],
                        [
                            120.95050183,
                            24.837796625000067
                        ],
                        [
                            120.950628769000105,
                            24.837696667000046
                        ],
                        [
                            120.950750700000071,
                            24.837623116000032
                        ],
                        [
                            120.950969410000084,
                            24.837477181000054
                        ],
                        [
                            120.951106422000066,
                            24.837389837000046
                        ],
                        [
                            120.951244693000035,
                            24.837307090000024
                        ],
                        [
                            120.951464665000117,
                            24.837163447000023
                        ],
                        [
                            120.951607937000063,
                            24.837049707000062
                        ],
                        [
                            120.951724833000071,
                            24.836970419000068
                        ],
                        [
                            120.95191085700003,
                            24.836842870000055
                        ],
                        [
                            120.952051638000057,
                            24.836753225000052
                        ],
                        [
                            120.952178559000117,
                            24.836636049000049
                        ],
                        [
                            120.952318070000047,
                            24.836536086000024
                        ],
                        [
                            120.952458845000024,
                            24.836439554000037
                        ],
                        [
                            120.9526146930001,
                            24.836321213000076
                        ],
                        [
                            120.952786889000095,
                            24.836205151000058
                        ],
                        [
                            120.952940212000044,
                            24.836081074000049
                        ],
                        [
                            120.952987523000047,
                            24.836048037000069
                        ],
                        [
                            120.953099837000082,
                            24.835969605000059
                        ],
                        [
                            120.953236815000082,
                            24.835850128000061
                        ],
                        [
                            120.953395177000061,
                            24.835732933000031
                        ],
                        [
                            120.953537186000062,
                            24.835614596000028
                        ],
                        [
                            120.953675434000047,
                            24.835510042000067
                        ],
                        [
                            120.953830020000055,
                            24.835390536000034
                        ],
                        [
                            120.953917985000089,
                            24.835310127000071
                        ],
                        [
                            120.954234693000103,
                            24.835067692000052
                        ],
                        [
                            120.954376712000112,
                            24.834960828000078
                        ],
                        [
                            120.954562728000042,
                            24.83482983500005
                        ],
                        [
                            120.954721101000018,
                            24.834729848000052
                        ],
                        [
                            120.95482666800001,
                            24.834645978000026
                        ],
                        [
                            120.955022742000097,
                            24.834511522000071
                        ],
                        [
                            120.955176098000038,
                            24.834425335000049
                        ],
                        [
                            120.955291743000089,
                            24.834360952000054
                        ],
                        [
                            120.955536891000065,
                            24.834249424000063
                        ],
                        [
                            120.955696559000103,
                            24.834189612000046
                        ],
                        [
                            120.955794624000077,
                            24.834152815000039
                        ],
                        [
                            120.956028449000087,
                            24.834041281000054
                        ],
                        [
                            120.956180567000047,
                            24.833975743000053
                        ],
                        [
                            120.956325141000093,
                            24.833910203000073
                        ],
                        [
                            120.956475979000061,
                            24.83382399900006
                        ],
                        [
                            120.956701,
                            24.833714781000026
                        ],
                        [
                            120.956898380000098,
                            24.833634278000034
                        ],
                        [
                            120.957041700000104,
                            24.833574479000049
                        ],
                        [
                            120.957230333000098,
                            24.833553669000025
                        ],
                        [
                            120.957322151000085,
                            24.833560485000078
                        ],
                        [
                            120.957444175000091,
                            24.833585655000036
                        ],
                        [
                            120.957602662000113,
                            24.833603893000031
                        ],
                        [
                            120.957754865000084,
                            24.833622138000067
                        ],
                        [
                            120.957917132000034,
                            24.833647274000043
                        ],
                        [
                            120.958056724000016,
                            24.833634539000059
                        ],
                        [
                            120.958194322000054,
                            24.833573221000051
                        ],
                        [
                            120.958373104000088,
                            24.833513763000042
                        ],
                        [
                            120.958622073000015,
                            24.833435555000051
                        ],
                        [
                            120.958873554000093,
                            24.833349304000023
                        ],
                        [
                            120.959180361000108,
                            24.833250390000046
                        ],
                        [
                            120.959446932000105,
                            24.833166434000077
                        ],
                        [
                            120.959575191000113,
                            24.833133073000056
                        ],
                        [
                            120.959649377000119,
                            24.833106603000033
                        ],
                        [
                            120.959709731000089,
                            24.833082477000062
                        ],
                        [
                            120.959819129000039,
                            24.833058312000048
                        ],
                        [
                            120.959920981000096,
                            24.833026107000023
                        ],
                        [
                            120.960154866000039,
                            24.832976603000077
                        ],
                        [
                            120.960234089000096,
                            24.832962784000074
                        ],
                        [
                            120.960313307000092,
                            24.832938628000079
                        ],
                        [
                            120.960432774000083,
                            24.832936275000066
                        ],
                        [
                            120.960520802000019,
                            24.832932788000051
                        ],
                        [
                            120.960671713000011,
                            24.832934993000038
                        ],
                        [
                            120.960772318000068,
                            24.83293149900004
                        ],
                        [
                            120.960843999000076,
                            24.832932610000057
                        ],
                        [
                            120.960888016000013,
                            24.832932587000073
                        ],
                        [
                            120.960933287000103,
                            24.832933708000041
                        ],
                        [
                            120.961015017000022,
                            24.832906104000074
                        ],
                        [
                            120.96109423900009,
                            24.832888835000062
                        ],
                        [
                            120.961286625000071,
                            24.832837070000039
                        ],
                        [
                            120.961343208000017,
                            24.832819822000033
                        ],
                        [
                            120.961427453000056,
                            24.83279221600003
                        ],
                        [
                            120.961529306000102,
                            24.832769194000036
                        ],
                        [
                            120.961631159000035,
                            24.832747325000071
                        ],
                        [
                            120.961837375000073,
                            24.832686356000067
                        ],
                        [
                            120.962146712000049,
                            24.83262991600003
                        ],
                        [
                            120.962364259000083,
                            24.832597668000062
                        ],
                        [
                            120.962545336000062,
                            24.832567703000052
                        ],
                        [
                            120.962643420000063,
                            24.832551575000025
                        ],
                        [
                            120.962767916000075,
                            24.832543463000036
                        ],
                        [
                            120.962939403000064,
                            24.832531490000065
                        ],
                        [
                            120.963049603000059,
                            24.832523797000079
                        ],
                        [
                            120.963174089000063,
                            24.832500760000073
                        ],
                        [
                            120.963289785000029,
                            24.832492664000029
                        ],
                        [
                            120.963597889000084,
                            24.832493642000031
                        ],
                        [
                            120.963766400000054,
                            24.832486660000029
                        ],
                        [
                            120.963937428,
                            24.832483117000038
                        ],
                        [
                            120.964146184000015,
                            24.832479574000047
                        ],
                        [
                            120.964295838000112,
                            24.832485217000055
                        ],
                        [
                            120.964405244000091,
                            24.832481715000029
                        ],
                        [
                            120.964525977000108,
                            24.832493129000056
                        ],
                        [
                            120.964774979000026,
                            24.832496438000078
                        ],
                        [
                            120.964944756000023,
                            24.832508973000074
                        ],
                        [
                            120.965076802000112,
                            24.832513483000071
                        ],
                        [
                            120.965256638000028,
                            24.832519133000062
                        ],
                        [
                            120.965432704000023,
                            24.832532807000064
                        ],
                        [
                            120.965518224000107,
                            24.832545396000057
                        ],
                        [
                            120.965671661000101,
                            24.832569410000076
                        ],
                        [
                            120.965889235000077,
                            24.832599147000053
                        ],
                        [
                            120.966074117000062,
                            24.832639240000049
                        ],
                        [
                            120.96617724400005,
                            24.832652961000065
                        ],
                        [
                            120.966345771000078,
                            24.832673530000022
                        ],
                        [
                            120.966545727000039,
                            24.832686053000032
                        ],
                        [
                            120.966613645000052,
                            24.832697491000033
                        ],
                        [
                            120.966686585000048,
                            24.832697449000023
                        ],
                        [
                            120.966798502000074,
                            24.832682453000075
                        ],
                        [
                            120.966865150000103,
                            24.832683560000078
                        ],
                        [
                            120.967044980000082,
                            24.832669688000067
                        ],
                        [
                            120.967187082,
                            24.832663861000071
                        ],
                        [
                            120.967237381000018,
                            24.832659239000066
                        ],
                        [
                            120.967374446,
                            24.832639642000061
                        ],
                        [
                            120.967437318000066,
                            24.832623532000071
                        ],
                        [
                            120.967604559000051,
                            24.832588998000062
                        ],
                        [
                            120.967706414000077,
                            24.832572858000049
                        ],
                        [
                            120.967872398000054,
                            24.832539463000046
                        ],
                        [
                            120.967995620000011,
                            24.832499204000044
                        ],
                        [
                            120.968128906000061,
                            24.832471568000074
                        ],
                        [
                            120.968316268000081,
                            24.832435855000028
                        ],
                        [
                            120.968454578000092,
                            24.832388703000049
                        ],
                        [
                            120.968582833000028,
                            24.832357644000069
                        ],
                        [
                            120.968750066000098,
                            24.832310451000069
                        ],
                        [
                            120.96888082800001,
                            24.832259855000075
                        ],
                        [
                            120.96918637300007,
                            24.832171260000052
                        ],
                        [
                            120.969332222000048,
                            24.832110319000037
                        ],
                        [
                            120.969469271000094,
                            24.832059707000042
                        ],
                        [
                            120.969579912000086,
                            24.832010272000048
                        ],
                        [
                            120.96972073500001,
                            24.831965401000048
                        ],
                        [
                            120.9698779040001,
                            24.831917086000033
                        ],
                        [
                            120.970030041000086,
                            24.831857284000023
                        ],
                        [
                            120.970172111000011,
                            24.831786015000034
                        ],
                        [
                            120.97033556100007,
                            24.831719308000061
                        ],
                        [
                            120.970475123000028,
                            24.831673300000034
                        ],
                        [
                            120.97068006500001,
                            24.831591651000053
                        ],
                        [
                            120.970886256000085,
                            24.831492793000052
                        ],
                        [
                            120.971074848000058,
                            24.831408856000053
                        ],
                        [
                            120.971176690000107,
                            24.831372045000023
                        ],
                        [
                            120.971177047000083,
                            24.831371908000051
                        ],
                        [
                            120.971322538000095,
                            24.831315701000051
                        ],
                        [
                            120.971444486000109,
                            24.831250176000026
                        ],
                        [
                            120.971612963000098,
                            24.83118117600003
                        ],
                        [
                            120.971747497000024,
                            24.831129425000029
                        ],
                        [
                            120.971907171000112,
                            24.831060431000026
                        ],
                        [
                            120.972132220000049,
                            24.830960401000027
                        ],
                        [
                            120.972229028000015,
                            24.830917859000067
                        ],
                        [
                            120.972368582000058,
                            24.830852320000076
                        ],
                        [
                            120.972523224000042,
                            24.830779884000037
                        ],
                        [
                            120.972705519000101,
                            24.830686772000035
                        ],
                        [
                            120.972826213000076,
                            24.83062813500004
                        ],
                        [
                            120.972935589000031,
                            24.830564909000032
                        ],
                        [
                            120.973046216000057,
                            24.830493658000023
                        ],
                        [
                            120.973173183000085,
                            24.830409753000026
                        ],
                        [
                            120.973267473000078,
                            24.83036376900003
                        ],
                        [
                            120.973385661000066,
                            24.830320065000024
                        ],
                        [
                            120.973515166000084,
                            24.830277509000041
                        ],
                        [
                            120.973702503000027,
                            24.830210786000066
                        ],
                        [
                            120.973858414,
                            24.830160172000035
                        ],
                        [
                            120.974067126000023,
                            24.830084261000025
                        ],
                        [
                            120.974184062000063,
                            24.830057774000068
                        ],
                        [
                            120.974464465000096,
                            24.830001338000045
                        ],
                        [
                            120.97464552800011,
                            24.829955298000073
                        ],
                        [
                            120.974822840000115,
                            24.829950589000077
                        ],
                        [
                            120.975034085000061,
                            24.829914862000066
                        ],
                        [
                            120.975216427000078,
                            24.829908997000075
                        ],
                        [
                            120.975438987000075,
                            24.829870980000067
                        ],
                        [
                            120.975696768000034,
                            24.829837516000055
                        ],
                        [
                            120.975924378000059,
                            24.829827046000048
                        ],
                        [
                            120.976162045000024,
                            24.829814255000031
                        ],
                        [
                            120.976398438000047,
                            24.829773927000076
                        ],
                        [
                            120.976546825000014,
                            24.829768090000073
                        ],
                        [
                            120.976706522000086,
                            24.829753055000026
                        ],
                        [
                            120.976912754000068,
                            24.829746037000064
                        ],
                        [
                            120.977137835,
                            24.829713742000024
                        ],
                        [
                            120.977306345000102,
                            24.829710191000061
                        ],
                        [
                            120.977477367,
                            24.829706633000058
                        ],
                        [
                            120.977581734000069,
                            24.829689332000044
                        ],
                        [
                            120.977761563000058,
                            24.829693820000045
                        ],
                        [
                            120.977972836000049,
                            24.829706312000042
                        ],
                        [
                            120.978125013000067,
                            24.829730333000043
                        ],
                        [
                            120.978274665000072,
                            24.829741713000033
                        ],
                        [
                            120.97839414900011,
                            24.82977263500004
                        ],
                        [
                            120.978527461000112,
                            24.82979552300003
                        ],
                        [
                            120.978639396000062,
                            24.829818411000076
                        ],
                        [
                            120.978761398000074,
                            24.829856222000046
                        ],
                        [
                            120.978873336000106,
                            24.829886013000078
                        ],
                        [
                            120.979034329000115,
                            24.829937572000063
                        ],
                        [
                            120.97912614400002,
                            24.829958189000024
                        ],
                        [
                            120.979234312000017,
                            24.829992558000072
                        ],
                        [
                            120.979392798000049,
                            24.830055608000066
                        ],
                        [
                            120.979585263000104,
                            24.830159970000068
                        ],
                        [
                            120.979719856000088,
                            24.830224182000052
                        ],
                        [
                            120.979807917000016,
                            24.83027465400005
                        ],
                        [
                            120.979878364000115,
                            24.83031823500005
                        ],
                        [
                            120.980133729000045,
                            24.830467343000066
                        ],
                        [
                            120.9802205310001,
                            24.830515502000026
                        ],
                        [
                            120.980292235000093,
                            24.83056024900003
                        ],
                        [
                            120.980361426000059,
                            24.830601537000064
                        ],
                        [
                            120.980533771000069,
                            24.83070705800003
                        ],
                        [
                            120.980629377000014,
                            24.830758662000051
                        ],
                        [
                            120.980706111000018,
                            24.830802243000051
                        ],
                        [
                            120.980770265000046,
                            24.830833210000037
                        ],
                        [
                            120.980863370000066,
                            24.830913523000049
                        ],
                        [
                            120.981073449000064,
                            24.831022472000029
                        ],
                        [
                            120.98116906000007,
                            24.831087850000074
                        ],
                        [
                            120.981249581000043,
                            24.831155538000075
                        ],
                        [
                            120.981298646000027,
                            24.83118421000006
                        ],
                        [
                            120.981374120000055,
                            24.831218610000064
                        ],
                        [
                            120.981458383000017,
                            24.831230042000072
                        ],
                        [
                            120.98161428800006,
                            24.831180557000039
                        ],
                        [
                            120.981717394000043,
                            24.831155227000067
                        ],
                        [
                            120.981903478000049,
                            24.831102281000028
                        ],
                        [
                            120.982056906000025,
                            24.831111373000056
                        ],
                        [
                            120.982178885000053,
                            24.831108996000069
                        ],
                        [
                            120.982309650000047,
                            24.831073303000039
                        ],
                        [
                            120.982377542000108,
                            24.831046847000039
                        ],
                        [
                            120.982502011000065,
                            24.831001982000032
                        ],
                        [
                            120.98262270500004,
                            24.830950226000027
                        ],
                        [
                            120.982729581000058,
                            24.830922603000033
                        ],
                        [
                            120.982856586000025,
                            24.830912191000039
                        ],
                        [
                            120.982925762000036,
                            24.830928215000029
                        ],
                        [
                            120.982996190000108,
                            24.830939644000068
                        ],
                        [
                            120.983067159000029,
                            24.830931425000074
                        ],
                        [
                            120.983090683000114,
                            24.830928700000072
                        ],
                        [
                            120.983173742000076,
                            24.830899586000044
                        ],
                        [
                            120.983250412000075,
                            24.830867557000033
                        ],
                        [
                            120.98340923,
                            24.830800643000032
                        ],
                        [
                            120.983530389000066,
                            24.83075444800005
                        ],
                        [
                            120.983613770000034,
                            24.830713703000072
                        ],
                        [
                            120.98373252500005,
                            24.830656004000048
                        ],
                        [
                            120.983895526000083,
                            24.830573358000038
                        ],
                        [
                            120.984070151000083,
                            24.830457476000049
                        ],
                        [
                            120.984214404000113,
                            24.830362043000036
                        ],
                        [
                            120.984309397000061,
                            24.830289229000073
                        ],
                        [
                            120.984453800000097,
                            24.830177741000057
                        ],
                        [
                            120.984620888000109,
                            24.830060659000026
                        ],
                        [
                            120.9847487830001,
                            24.829966260000049
                        ],
                        [
                            120.98475643200004,
                            24.829954830000077
                        ],
                        [
                            120.984919737000041,
                            24.829838867000035
                        ],
                        [
                            120.985074262000012,
                            24.829720545000043
                        ],
                        [
                            120.985251676000075,
                            24.829574824000076
                        ],
                        [
                            120.985431944000084,
                            24.829392375000054
                        ],
                        [
                            120.985601492000114,
                            24.829144359000054
                        ],
                        [
                            120.985705956000061,
                            24.828999262000025
                        ],
                        [
                            120.98579772700009,
                            24.828866695000045
                        ],
                        [
                            120.985886916000027,
                            24.828741008000065
                        ],
                        [
                            120.985931619000098,
                            24.828666671000065
                        ],
                        [
                            120.98607585700006,
                            24.828435708000029
                        ],
                        [
                            120.986163874000113,
                            24.828300818000059
                        ],
                        [
                            120.986251925000033,
                            24.828162484000075
                        ],
                        [
                            120.986490329000048,
                            24.827674926000043
                        ],
                        [
                            120.986544284000047,
                            24.827551274000029
                        ],
                        [
                            120.986612276000074,
                            24.827405885000076
                        ],
                        [
                            120.986699764000036,
                            24.82719174600004
                        ],
                        [
                            120.986744865000105,
                            24.827073772000062
                        ],
                        [
                            120.986806505000118,
                            24.826935244000026
                        ],
                        [
                            120.986850201000038,
                            24.826833334000071
                        ],
                        [
                            120.986896793000028,
                            24.826690099000075
                        ],
                        [
                            120.986942950000071,
                            24.826593947000049
                        ],
                        [
                            120.987028723000094,
                            24.826429185000052
                        ],
                        [
                            120.987153852,
                            24.826224500000023
                        ],
                        [
                            120.987244478000093,
                            24.826079284000059
                        ],
                        [
                            120.98731065000004,
                            24.825994773000048
                        ],
                        [
                            120.987420074000056,
                            24.825856592000036
                        ],
                        [
                            120.987486287000024,
                            24.825767495000036
                        ],
                        [
                            120.987554838000051,
                            24.825697926000032
                        ],
                        [
                            120.987623283000062,
                            24.825639850000073
                        ],
                        [
                            120.987691896000115,
                            24.825563394000028
                        ],
                        [
                            120.987802072000022,
                            24.82548035800005
                        ],
                        [
                            120.987910820000025,
                            24.825415677000024
                        ],
                        [
                            120.988020593000101,
                            24.825376285000061
                        ],
                        [
                            120.988107490000061,
                            24.825363137000068
                        ],
                        [
                            120.988204478000057,
                            24.825346625000066
                        ],
                        [
                            120.988335427000038,
                            24.825329200000056
                        ],
                        [
                            120.988453677000052,
                            24.825325472000031
                        ],
                        [
                            120.988528052000106,
                            24.825306491000049
                        ],
                        [
                            120.988616109000077,
                            24.825303690000055
                        ],
                        [
                            120.988680370000111,
                            24.825290378000034
                        ],
                        [
                            120.988716955000086,
                            24.825278003000051
                        ],
                        [
                            120.988815317000103,
                            24.825248866000038
                        ],
                        [
                            120.988918790000071,
                            24.825210557000048
                        ],
                        [
                            120.9890513900001,
                            24.825150671000074
                        ],
                        [
                            120.989211951000016,
                            24.825058800000079
                        ],
                        [
                            120.98937632500008,
                            24.824962377000077
                        ],
                        [
                            120.989520336000055,
                            24.824892219000048
                        ],
                        [
                            120.989596220000067,
                            24.824845681000056
                        ],
                        [
                            120.989673381000102,
                            24.824796852000077
                        ],
                        [
                            120.989777096000012,
                            24.824732133000055
                        ],
                        [
                            120.989913689000105,
                            24.824648141000068
                        ],
                        [
                            120.989975720000075,
                            24.824603797000066
                        ],
                        [
                            120.990052964000029,
                            24.824545787000034
                        ],
                        [
                            120.990109890000099,
                            24.824509449000061
                        ],
                        [
                            120.99026050000009,
                            24.824404873000049
                        ],
                        [
                            120.990354244000059,
                            24.824330899000074
                        ],
                        [
                            120.990411116000018,
                            24.824300304000076
                        ],
                        [
                            120.990519746000018,
                            24.824248261000037
                        ],
                        [
                            120.990604413000028,
                            24.824204080000072
                        ],
                        [
                            120.990640066000083,
                            24.824188131000028
                        ],
                        [
                            120.99066252700004,
                            24.824178080000024
                        ],
                        [
                            120.990793827000061,
                            24.824119325000026
                        ],
                        [
                            120.990872049000018,
                            24.824092325000038
                        ],
                        [
                            120.990983171000039,
                            24.824042594000048
                        ],
                        [
                            120.99104636200002,
                            24.824017590000039
                        ],
                        [
                            120.990330300000096,
                            24.823988389000078
                        ],
                        [
                            120.990099257000111,
                            24.823839408000026
                        ],
                        [
                            120.990050221000047,
                            24.823807788000067
                        ],
                        [
                            120.989656530000047,
                            24.82360912300004
                        ],
                        [
                            120.989376607000054,
                            24.823446579000063
                        ],
                        [
                            120.989123420000055,
                            24.823338209000042
                        ],
                        [
                            120.988820843000099,
                            24.823239577000038
                        ],
                        [
                            120.988790938000079,
                            24.823229830000059
                        ],
                        [
                            120.988325986000063,
                            24.82309435600007
                        ],
                        [
                            120.988027209000052,
                            24.822931808000078
                        ],
                        [
                            120.987992018000114,
                            24.822920730000078
                        ],
                        [
                            120.987740327000097,
                            24.822841489000041
                        ],
                        [
                            120.98753862,
                            24.822733119000077
                        ],
                        [
                            120.987293323000017,
                            24.822606690000043
                        ],
                        [
                            120.986964872000044,
                            24.822426079000024
                        ],
                        [
                            120.986777858000096,
                            24.822236454000063
                        ],
                        [
                            120.986772897000037,
                            24.822226245000024
                        ],
                        [
                            120.986754346000112,
                            24.822188069000049
                        ],
                        [
                            120.978849238000066,
                            24.824296220000065
                        ],
                        [
                            120.978712152000071,
                            24.824022059000072
                        ],
                        [
                            120.978568534000033,
                            24.823765776000073
                        ],
                        [
                            120.978659981000078,
                            24.823616799000035
                        ],
                        [
                            120.978653581000117,
                            24.822846817000027
                        ],
                        [
                            120.978464299000052,
                            24.822334264000062
                        ],
                        [
                            120.978568802000041,
                            24.822192440000038
                        ],
                        [
                            120.978647214000034,
                            24.821888510000065
                        ],
                        [
                            120.978699499000072,
                            24.821621529000026
                        ],
                        [
                            120.978725641000096,
                            24.821484461000068
                        ],
                        [
                            120.978764839000064,
                            24.821377194000036
                        ],
                        [
                            120.978967294000086,
                            24.821216313000036
                        ],
                        [
                            120.979052203000037,
                            24.82109117300007
                        ],
                        [
                            120.979058771000041,
                            24.820864709000034
                        ],
                        [
                            120.979045752000047,
                            24.820615595000049
                        ],
                        [
                            120.979052301000024,
                            24.820502364000049
                        ],
                        [
                            120.979104563000078,
                            24.820365301000038
                        ],
                        [
                            120.979137231000095,
                            24.820252071000027
                        ],
                        [
                            120.979254804000107,
                            24.820031583000059
                        ],
                        [
                            120.979378913000119,
                            24.819775337000067
                        ],
                        [
                            120.979533599000092,
                            24.819313489000024
                        ],
                        [
                            120.979649797000093,
                            24.819272042000023
                        ],
                        [
                            120.979854507000027,
                            24.819090922000044
                        ],
                        [
                            120.979980641000111,
                            24.818985269000052
                        ],
                        [
                            120.9800447450001,
                            24.81890979800005
                        ],
                        [
                            120.980063365000092,
                            24.818826776000037
                        ],
                        [
                            120.9800468520001,
                            24.818660721000072
                        ],
                        [
                            120.980044800000087,
                            24.818553165000026
                        ],
                        [
                            120.980189562000078,
                            24.818311653000023
                        ],
                        [
                            120.98028260500007,
                            24.818272040000068
                        ],
                        [
                            120.980359835000058,
                            24.818222989000049
                        ],
                        [
                            120.980046764,
                            24.817935031000047
                        ],
                        [
                            120.979944317000104,
                            24.81783682400004
                        ],
                        [
                            120.980296460000091,
                            24.817404852000038
                        ],
                        [
                            120.980405488000088,
                            24.817271108000057
                        ],
                        [
                            120.980743685000107,
                            24.816798893000055
                        ],
                        [
                            120.980779567000013,
                            24.81666797500003
                        ],
                        [
                            120.980856438000046,
                            24.816485626000031
                        ],
                        [
                            120.980938436000088,
                            24.816284576000044
                        ],
                        [
                            120.980969216000062,
                            24.815985325000042
                        ],
                        [
                            120.980394664000073,
                            24.815482245000055
                        ],
                        [
                            120.980257169000083,
                            24.81536029800003
                        ],
                        [
                            120.980159100000037,
                            24.815455952000036
                        ],
                        [
                            120.979595430000018,
                            24.815563077000036
                        ],
                        [
                            120.979348111000036,
                            24.815631215000053
                        ],
                        [
                            120.979103099000099,
                            24.815757889000054
                        ],
                        [
                            120.978768253000112,
                            24.815884553000046
                        ],
                        [
                            120.978702917000078,
                            24.815914357000054
                        ],
                        [
                            120.978221093000116,
                            24.815936647000058
                        ],
                        [
                            120.977959761000079,
                            24.815973874000065
                        ],
                        [
                            120.977665745000081,
                            24.816107995000038
                        ],
                        [
                            120.977445234000015,
                            24.816212311000072
                        ],
                        [
                            120.977216573000078,
                            24.816212275000055
                        ],
                        [
                            120.976852024000095,
                            24.816156793000061
                        ],
                        [
                            120.976632181000014,
                            24.816094648000046
                        ],
                        [
                            120.976443744000107,
                            24.816042064000044
                        ],
                        [
                            120.976137081000047,
                            24.816006769000069
                        ],
                        [
                            120.976116847000071,
                            24.816004439000039
                        ],
                        [
                            120.975737088000074,
                            24.815960729000039
                        ],
                        [
                            120.975025253000013,
                            24.815587954000023
                        ],
                        [
                            120.974726887000088,
                            24.815535349000072
                        ],
                        [
                            120.974355277000086,
                            24.815262960000041
                        ],
                        [
                            120.974062158000038,
                            24.815143468000031
                        ],
                        [
                            120.973863249000033,
                            24.815105212000049
                        ],
                        [
                            120.973543913000071,
                            24.81521026300004
                        ],
                        [
                            120.973386858000026,
                            24.815286678000064
                        ],
                        [
                            120.973343894000095,
                            24.815314261000026
                        ],
                        [
                            120.973245503000044,
                            24.815377427000044
                        ],
                        [
                            120.972962812000105,
                            24.815468150000072
                        ],
                        [
                            120.972475958000018,
                            24.815601835000052
                        ],
                        [
                            120.972250854000094,
                            24.81566390200004
                        ],
                        [
                            120.97172209900009,
                            24.815640737000024
                        ],
                        [
                            120.971006750000015,
                            24.815774692000048
                        ],
                        [
                            120.97091187400008,
                            24.815792459000079
                        ],
                        [
                            120.970881028,
                            24.816189852000036
                        ],
                        [
                            120.970702596000024,
                            24.816168987000026
                        ],
                        [
                            120.970608815000105,
                            24.816091942000071
                        ],
                        [
                            120.970465519000072,
                            24.816009784000073
                        ],
                        [
                            120.970110893000083,
                            24.815903068000068
                        ],
                        [
                            120.970168153000031,
                            24.81563161400004
                        ],
                        [
                            120.970191089000082,
                            24.815381036000076
                        ],
                        [
                            120.97022546300002,
                            24.815140901000063
                        ],
                        [
                            120.970261098000037,
                            24.815043393000053
                        ],
                        [
                            120.970317035000107,
                            24.814890336000076
                        ],
                        [
                            120.970351392000111,
                            24.814723288000039
                        ],
                        [
                            120.969995885000117,
                            24.814516272000049
                        ],
                        [
                            120.969530863000045,
                            24.814245484000025
                        ],
                        [
                            120.969472363000023,
                            24.81414131300005
                        ],
                        [
                            120.969454813000084,
                            24.81411193100007
                        ],
                        [
                            120.969428477000065,
                            24.814109254000073
                        ],
                        [
                            120.969399201000101,
                            24.81417067600006
                        ],
                        [
                            120.969340674000023,
                            24.81417867600004
                        ],
                        [
                            120.968254763000118,
                            24.812940547000039
                        ],
                        [
                            120.969915229000094,
                            24.810938055000065
                        ],
                        [
                            120.969778204000022,
                            24.810864072000072
                        ],
                        [
                            120.969383534000031,
                            24.810614655000052
                        ],
                        [
                            120.969392081000024,
                            24.810416093000072
                        ],
                        [
                            120.969399840000051,
                            24.810268001000054
                        ],
                        [
                            120.969438518000061,
                            24.81007055300006
                        ],
                        [
                            120.969461054000021,
                            24.809931905000042
                        ],
                        [
                            120.969469466000078,
                            24.809880154000041
                        ],
                        [
                            120.969454054000039,
                            24.809703851000052
                        ],
                        [
                            120.969415479000077,
                            24.809464075000051
                        ],
                        [
                            120.969284189000064,
                            24.809220048000043
                        ],
                        [
                            120.969191508000108,
                            24.809071936000066
                        ],
                        [
                            120.969122004000042,
                            24.808937935000074
                        ],
                        [
                            120.969199333,
                            24.808648817000062
                        ],
                        [
                            120.968843981000077,
                            24.808430132000069
                        ],
                        [
                            120.970219648000011,
                            24.806639193000024
                        ],
                        [
                            120.969125188000021,
                            24.805915755000058
                        ],
                        [
                            120.968211194000105,
                            24.805311595000035
                        ],
                        [
                            120.966952187000061,
                            24.804498576000071
                        ],
                        [
                            120.966857738000044,
                            24.804399054000044
                        ],
                        [
                            120.966806943000051,
                            24.804099213000029
                        ],
                        [
                            120.966758538000022,
                            24.803843958000073
                        ],
                        [
                            120.966712597000082,
                            24.803601689000061
                        ],
                        [
                            120.966602875000035,
                            24.803530184000067
                        ],
                        [
                            120.965238369000076,
                            24.802640928000073
                        ],
                        [
                            120.965164938000044,
                            24.802593070000057
                        ],
                        [
                            120.963927778000084,
                            24.801822515000026
                        ],
                        [
                            120.96400324800004,
                            24.801771003000056
                        ],
                        [
                            120.964846983000029,
                            24.801195095000026
                        ],
                        [
                            120.964487453000061,
                            24.800743612000076
                        ],
                        [
                            120.964370889000065,
                            24.800597236000044
                        ],
                        [
                            120.964125400000057,
                            24.800302381000051
                        ],
                        [
                            120.963998936000053,
                            24.800152914000023
                        ],
                        [
                            120.963675293000051,
                            24.799936833000061
                        ],
                        [
                            120.962774530000047,
                            24.799360310000054
                        ],
                        [
                            120.963631683000017,
                            24.798603118000074
                        ],
                        [
                            120.962959758000011,
                            24.798178183000061
                        ],
                        [
                            120.963090394,
                            24.798002193000059
                        ],
                        [
                            120.963441092000039,
                            24.797923448000063
                        ],
                        [
                            120.96345942500011,
                            24.797893136000027
                        ],
                        [
                            120.963665852000076,
                            24.797770618000072
                        ],
                        [
                            120.964030047000051,
                            24.797554459000025
                        ],
                        [
                            120.964245635000111,
                            24.797231749000048
                        ],
                        [
                            120.964518279000117,
                            24.79695872700006
                        ],
                        [
                            120.963729431000047,
                            24.796574443000054
                        ],
                        [
                            120.962624968000114,
                            24.796318111000062
                        ],
                        [
                            120.961800971000116,
                            24.796245888000044
                        ],
                        [
                            120.960722726000085,
                            24.796269620000032
                        ],
                        [
                            120.960716085000058,
                            24.796750701000065
                        ],
                        [
                            120.958801515000118,
                            24.796791642000073
                        ],
                        [
                            120.958909500000118,
                            24.796227006000038
                        ],
                        [
                            120.958929417000036,
                            24.795349804000068
                        ],
                        [
                            120.959148085000038,
                            24.794824039000048
                        ],
                        [
                            120.959505726000089,
                            24.794497762000049
                        ],
                        [
                            120.960220919000108,
                            24.794099050000057
                        ],
                        [
                            120.960853383000085,
                            24.793704328000047
                        ],
                        [
                            120.96129836800003,
                            24.793334177000077
                        ],
                        [
                            120.961651771000106,
                            24.792931152000051
                        ],
                        [
                            120.962028964000069,
                            24.792376988000058
                        ],
                        [
                            120.962390826000046,
                            24.791899966000074
                        ],
                        [
                            120.962532073000034,
                            24.792105440000057
                        ],
                        [
                            120.96294479900007,
                            24.792238992000023
                        ],
                        [
                            120.963044904000071,
                            24.792061107000052
                        ],
                        [
                            120.963275843000019,
                            24.79194486800003
                        ],
                        [
                            120.963602327000103,
                            24.79182865100006
                        ],
                        [
                            120.963841234000029,
                            24.791690607000078
                        ],
                        [
                            120.964038229000039,
                            24.791489654000031
                        ],
                        [
                            120.964011497000115,
                            24.791394383000068
                        ],
                        [
                            120.963887839000108,
                            24.791274463000036
                        ],
                        [
                            120.963978362000034,
                            24.791173461000028
                        ],
                        [
                            120.963893136000024,
                            24.791054693000035
                        ],
                        [
                            120.963746642000046,
                            24.790896996000072
                        ],
                        [
                            120.964151681000089,
                            24.790608415000065
                        ],
                        [
                            120.964317249000032,
                            24.790405036000038
                        ],
                        [
                            120.964395840000066,
                            24.790104063000058
                        ],
                        [
                            120.964385472000117,
                            24.789764847000072
                        ],
                        [
                            120.96427561500002,
                            24.789597604000051
                        ],
                        [
                            120.963935504,
                            24.78936341800005
                        ],
                        [
                            120.963738020000051,
                            24.789367525000046
                        ],
                        [
                            120.963078944000017,
                            24.789360133000059
                        ],
                        [
                            120.962278198000035,
                            24.789464984000062
                        ],
                        [
                            120.960985556000082,
                            24.790107219000049
                        ],
                        [
                            120.96044689900009,
                            24.789515517000041
                        ],
                        [
                            120.960095596000087,
                            24.789129612000067
                        ],
                        [
                            120.960073368000053,
                            24.788995333000059
                        ],
                        [
                            120.959978463000084,
                            24.788421989000028
                        ],
                        [
                            120.959722298000088,
                            24.786874417000035
                        ],
                        [
                            120.960148830000094,
                            24.786546808000026
                        ],
                        [
                            120.96016196100004,
                            24.786403481000036
                        ],
                        [
                            120.960103130000107,
                            24.786266108000063
                        ],
                        [
                            120.959900423000022,
                            24.786003282000024
                        ],
                        [
                            120.959676750000085,
                            24.785838392000073
                        ],
                        [
                            120.959550307000086,
                            24.785691467000049
                        ],
                        [
                            120.959468822000076,
                            24.785544510000022
                        ],
                        [
                            120.959460986000067,
                            24.785501509000028
                        ],
                        [
                            120.959397029000115,
                            24.785127631000023
                        ],
                        [
                            120.956921310000098,
                            24.784775953000064
                        ],
                        [
                            120.95638920500005,
                            24.784631567000076
                        ],
                        [
                            120.956205445000023,
                            24.78455737400003
                        ],
                        [
                            120.95568662300002,
                            24.784516692000068
                        ],
                        [
                            120.955451284000105,
                            24.784507585000028
                        ],
                        [
                            120.955150678000109,
                            24.784642912000038
                        ],
                        [
                            120.95503196300001,
                            24.784742192000067
                        ],
                        [
                            120.954944736000016,
                            24.784931757000038
                        ],
                        [
                            120.954876585000079,
                            24.785051815000031
                        ],
                        [
                            120.954832008000039,
                            24.785130344000038
                        ],
                        [
                            120.954637941000101,
                            24.78547336400004
                        ],
                        [
                            120.954574680000064,
                            24.785603539000078
                        ],
                        [
                            120.954506332000051,
                            24.78574418200003
                        ],
                        [
                            120.95443803,
                            24.786132383000052
                        ],
                        [
                            120.954313154000033,
                            24.786565710000048
                        ],
                        [
                            120.954295254000044,
                            24.786890735000043
                        ],
                        [
                            120.954188296000098,
                            24.787342132000049
                        ],
                        [
                            120.95419693100007,
                            24.787669128000061
                        ],
                        [
                            120.954184002000034,
                            24.787814088000061
                        ],
                        [
                            120.954153827000027,
                            24.787871378000034
                        ],
                        [
                            120.954183458000102,
                            24.788136532000067
                        ],
                        [
                            120.954143215000045,
                            24.788251198000069
                        ],
                        [
                            120.95394425500001,
                            24.788480464000031
                        ],
                        [
                            120.953653730000042,
                            24.788657146000048
                        ],
                        [
                            120.9534077080001,
                            24.788781287000063
                        ],
                        [
                            120.952918415000113,
                            24.78868557900006
                        ],
                        [
                            120.952706422,
                            24.788778678000028
                        ],
                        [
                            120.952604311000073,
                            24.78892914100004
                        ],
                        [
                            120.952455050000026,
                            24.789194254000051
                        ],
                        [
                            120.952376560000062,
                            24.789165562000051
                        ],
                        [
                            120.952120536000052,
                            24.789753430000076
                        ],
                        [
                            120.952270982000073,
                            24.78980424100007
                        ],
                        [
                            120.952107401000035,
                            24.789884811000036
                        ],
                        [
                            120.951884853000024,
                            24.790195288000064
                        ],
                        [
                            120.951803029000075,
                            24.790314700000067
                        ],
                        [
                            120.951776854000059,
                            24.790332610000064
                        ],
                        [
                            120.951688527000101,
                            24.790356469000074
                        ],
                        [
                            120.951642726000046,
                            24.790377356000079
                        ],
                        [
                            120.951596905000088,
                            24.790449007000063
                        ],
                        [
                            120.951580527000033,
                            24.790502748000051
                        ],
                        [
                            120.951181371000075,
                            24.790738516000033
                        ],
                        [
                            120.951007941000057,
                            24.790905675000033
                        ],
                        [
                            120.949820972000111,
                            24.791518014000076
                        ],
                        [
                            120.949716270000067,
                            24.791589644000055
                        ],
                        [
                            120.949695256000041,
                            24.791780742000071
                        ],
                        [
                            120.949731781000082,
                            24.792038750000074
                        ],
                        [
                            120.951110345000075,
                            24.792616230000078
                        ],
                        [
                            120.951330085000109,
                            24.792797852000035
                        ],
                        [
                            120.951492280000025,
                            24.792912571000045
                        ],
                        [
                            120.95160050100003,
                            24.792936705000045
                        ],
                        [
                            120.951610432000052,
                            24.793002453000042
                        ],
                        [
                            120.951579919000096,
                            24.792983381000056
                        ],
                        [
                            120.95153343800007,
                            24.793078338000043
                        ],
                        [
                            120.951989049000076,
                            24.793290263000074
                        ],
                        [
                            120.952059464000058,
                            24.79331675800006
                        ],
                        [
                            120.952233437000018,
                            24.793365976000075
                        ],
                        [
                            120.952450369000076,
                            24.793473998000024
                        ],
                        [
                            120.952638824000019,
                            24.793715029000055
                        ],
                        [
                            120.952733347000049,
                            24.793805920000068
                        ],
                        [
                            120.95286334900004,
                            24.793930929000055
                        ],
                        [
                            120.952877566000097,
                            24.793944600000032
                        ],
                        [
                            120.953279676000079,
                            24.794288971000071
                        ],
                        [
                            120.953656688000024,
                            24.794530059000067
                        ],
                        [
                            120.953824263000115,
                            24.794764499000053
                        ],
                        [
                            120.953963911000073,
                            24.794956832000025
                        ],
                        [
                            120.953963935000047,
                            24.794956866000064
                        ],
                        [
                            120.953964722000023,
                            24.794957950000025
                        ],
                        [
                            120.954393733000074,
                            24.795548814000028
                        ],
                        [
                            120.955406033000031,
                            24.796796033000078
                        ],
                        [
                            120.956207432000042,
                            24.797869117000062
                        ],
                        [
                            120.956728059000056,
                            24.798566227000038
                        ],
                        [
                            120.957019258000059,
                            24.798956133000047
                        ],
                        [
                            120.956391735000011,
                            24.799352258000056
                        ],
                        [
                            120.954711230000044,
                            24.80041239600007
                        ],
                        [
                            120.954289439000036,
                            24.800650722000057
                        ],
                        [
                            120.953823880000073,
                            24.800913775000026
                        ],
                        [
                            120.952080771000055,
                            24.80135754500003
                        ],
                        [
                            120.950855875000116,
                            24.801672470000028
                        ],
                        [
                            120.950588926000023,
                            24.801701048000041
                        ],
                        [
                            120.950039365000066,
                            24.801650699000049
                        ],
                        [
                            120.94850069600011,
                            24.801363507000076
                        ],
                        [
                            120.94770779800001,
                            24.801255730000037
                        ],
                        [
                            120.947472291000054,
                            24.801205480000078
                        ],
                        [
                            120.946922729000107,
                            24.801205281000023
                        ],
                        [
                            120.946663603000047,
                            24.801312684000038
                        ],
                        [
                            120.945972539000081,
                            24.80174958200007
                        ],
                        [
                            120.945008374000054,
                            24.802580606000049
                        ],
                        [
                            120.94490431700001,
                            24.802881484000068
                        ],
                        [
                            120.94486091300007,
                            24.803393869000047
                        ],
                        [
                            120.944690632000061,
                            24.803793932000076
                        ],
                        [
                            120.944278263000115,
                            24.804217790000052
                        ],
                        [
                            120.944029371000056,
                            24.804350094000029
                        ],
                        [
                            120.944030288000022,
                            24.804350118000059
                        ],
                        [
                            120.943915154000024,
                            24.804424406000066
                        ],
                        [
                            120.943915378000042,
                            24.804426378000073
                        ],
                        [
                            120.943931797000118,
                            24.80457068100003
                        ],
                        [
                            120.943929045000118,
                            24.804613484000072
                        ],
                        [
                            120.94389839300004,
                            24.805090265000047
                        ],
                        [
                            120.943240022000055,
                            24.805087440000023
                        ],
                        [
                            120.943241759000102,
                            24.805546510000056
                        ],
                        [
                            120.943259887000067,
                            24.806150829000046
                        ],
                        [
                            120.943272266,
                            24.806556455000077
                        ],
                        [
                            120.943320738000011,
                            24.807015127000057
                        ],
                        [
                            120.943352110000092,
                            24.807088237000073
                        ],
                        [
                            120.943450988000109,
                            24.807197205000023
                        ],
                        [
                            120.943537329000037,
                            24.807250270000054
                        ],
                        [
                            120.943639389000055,
                            24.807267508000052
                        ],
                        [
                            120.943684930000018,
                            24.807257492000076
                        ],
                        [
                            120.94374933600011,
                            24.807204486000046
                        ],
                        [
                            120.944032082000035,
                            24.806983866000053
                        ],
                        [
                            120.944195777000118,
                            24.806889092000063
                        ],
                        [
                            120.944339514000035,
                            24.806866304000039
                        ],
                        [
                            120.944695970000112,
                            24.806850673000042
                        ],
                        [
                            120.945237719000033,
                            24.806830810000065
                        ],
                        [
                            120.945726077000018,
                            24.806815224000047
                        ],
                        [
                            120.94572921800011,
                            24.806815226000026
                        ],
                        [
                            120.945770654000057,
                            24.806929195000066
                        ],
                        [
                            120.945941534000099,
                            24.807364971000027
                        ],
                        [
                            120.946129091000103,
                            24.807843265000031
                        ],
                        [
                            120.946402891000048,
                            24.808541489000049
                        ],
                        [
                            120.946404427000061,
                            24.808545406000064
                        ],
                        [
                            120.94670665600006,
                            24.809316109000065
                        ],
                        [
                            120.946472435000032,
                            24.809560173000023
                        ],
                        [
                            120.946467160000111,
                            24.809565668000062
                        ],
                        [
                            120.94639595700005,
                            24.809639863000029
                        ],
                        [
                            120.944965873000115,
                            24.811130007000031
                        ],
                        [
                            120.944962466000106,
                            24.811133557000062
                        ],
                        [
                            120.943288590000066,
                            24.811126357000035
                        ],
                        [
                            120.94328259100007,
                            24.812883918000068
                        ],
                        [
                            120.943286052000076,
                            24.81304814300006
                        ],
                        [
                            120.943283170000086,
                            24.813048276000075
                        ],
                        [
                            120.943009295000024,
                            24.813060886000073
                        ],
                        [
                            120.942740338000021,
                            24.813096888000075
                        ],
                        [
                            120.942365350000046,
                            24.813132856000038
                        ],
                        [
                            120.942158194000058,
                            24.813342737000028
                        ],
                        [
                            120.942071388000045,
                            24.813430684000025
                        ],
                        [
                            120.941783441000098,
                            24.813755608000065
                        ],
                        [
                            120.941532166000115,
                            24.81365618500007
                        ],
                        [
                            120.941407656000024,
                            24.813511670000025
                        ],
                        [
                            120.941193971000075,
                            24.813349060000064
                        ],
                        [
                            120.940849735000029,
                            24.813403093000034
                        ],
                        [
                            120.940492617000018,
                            24.813565465000067
                        ],
                        [
                            120.940196195000112,
                            24.813708035000047
                        ],
                        [
                            120.940079992000051,
                            24.813763925000046
                        ],
                        [
                            120.940005858000063,
                            24.813856349000048
                        ],
                        [
                            120.939848318000031,
                            24.814052754000045
                        ],
                        [
                            120.939560467000092,
                            24.814160979000064
                        ],
                        [
                            120.939447495000081,
                            24.814449857000056
                        ],
                        [
                            120.939335693000089,
                            24.814558152000075
                        ],
                        [
                            120.939228841000045,
                            24.814657423000028
                        ],
                        [
                            120.93908736100002,
                            24.814765708000039
                        ],
                        [
                            120.938984383000047,
                            24.814846922000072
                        ],
                        [
                            120.938827955000079,
                            24.815171896000038
                        ],
                        [
                            120.938590371000032,
                            24.815523929000051
                        ],
                        [
                            120.938408130000084,
                            24.81584889100003
                        ],
                        [
                            120.938289281000038,
                            24.816137763000029
                        ],
                        [
                            120.938083378000101,
                            24.816489801000046
                        ],
                        [
                            120.938189127000101,
                            24.816751683000064
                        ],
                        [
                            120.93838392300006,
                            24.816986517000032
                        ],
                        [
                            120.938440223000043,
                            24.817041753000069
                        ],
                        [
                            120.938678541000058,
                            24.817275572000028
                        ],
                        [
                            120.939029588000039,
                            24.81754658400007
                        ],
                        [
                            120.939373680000017,
                            24.817817602000048
                        ],
                        [
                            120.939394707000019,
                            24.817842750000068
                        ],
                        [
                            120.93970596500003,
                            24.818215014000032
                        ],
                        [
                            120.939987718000111,
                            24.818594348000033
                        ],
                        [
                            120.940124934000096,
                            24.819000708000033
                        ],
                        [
                            120.939956561000031,
                            24.819424993000041
                        ],
                        [
                            120.939830825000058,
                            24.819569399000045
                        ],
                        [
                            120.939354933000118,
                            24.819822012000031
                        ],
                        [
                            120.939136343000087,
                            24.819876094000051
                        ],
                        [
                            120.938748412000109,
                            24.820101647000058
                        ],
                        [
                            120.938434707000056,
                            24.820264032000068
                        ],
                        [
                            120.938109166000118,
                            24.820290982000074
                        ],
                        [
                            120.937853053000026,
                            24.820263789000023
                        ],
                        [
                            120.937589719000016,
                            24.82045327700007
                        ],
                        [
                            120.937289019000104,
                            24.820570521000036
                        ],
                        [
                            120.937176144000091,
                            24.820642701000054
                        ],
                        [
                            120.937032651000095,
                            24.820741965000025
                        ],
                        [
                            120.936876264000034,
                            24.820967611000071
                        ],
                        [
                            120.936556656000107,
                            24.821175141000026
                        ],
                        [
                            120.936381446000041,
                            24.821328553000058
                        ],
                        [
                            120.93614355200009,
                            24.821485119000045
                        ],
                        [
                            120.936093536000044,
                            24.821518037000033
                        ],
                        [
                            120.935786764000113,
                            24.821707504000074
                        ],
                        [
                            120.935461134000093,
                            24.821896971000058
                        ],
                        [
                            120.935204750000025,
                            24.822086460000037
                        ],
                        [
                            120.934798125000043,
                            24.82226686100006
                        ],
                        [
                            120.934415166,
                            24.822420179000062
                        ],
                        [
                            120.934115349000081,
                            24.822600617000035
                        ],
                        [
                            120.933858864000058,
                            24.822701808000033
                        ],
                        [
                            120.933658176000108,
                            24.822780985000065
                        ],
                        [
                            120.933326690000058,
                            24.822925301000055
                        ],
                        [
                            120.93313166400003,
                            24.82312384200003
                        ],
                        [
                            120.932949631000042,
                            24.823231346000057
                        ],
                        [
                            120.932749744000034,
                            24.823349393000058
                        ],
                        [
                            120.932410561000097,
                            24.823473291000028
                        ],
                        [
                            120.932305406000069,
                            24.823511704000055
                        ],
                        [
                            120.931961089000083,
                            24.823656005000032
                        ],
                        [
                            120.931553960000087,
                            24.823813047000044
                        ],
                        [
                            120.93151690000002,
                            24.823827342000072
                        ],
                        [
                            120.931445600000075,
                            24.823845744000039
                        ],
                        [
                            120.931159732000083,
                            24.823977809000041
                        ],
                        [
                            120.931070725000041,
                            24.824001657000053
                        ],
                        [
                            120.930981694000025,
                            24.824070891000076
                        ],
                        [
                            120.930952846000082,
                            24.824175985000068
                        ],
                        [
                            120.930965897000078,
                            24.824242879000053
                        ],
                        [
                            120.930790400000092,
                            24.824474512000052
                        ],
                        [
                            120.930337327000075,
                            24.82493295300003
                        ],
                        [
                            120.929891613000109,
                            24.825016352000034
                        ],
                        [
                            120.929818323000063,
                            24.825016317000063
                        ],
                        [
                            120.929645594000021,
                            24.824973236000062
                        ],
                        [
                            120.929399591000106,
                            24.824901455000031
                        ],
                        [
                            120.92900179600008,
                            24.824791380000079
                        ],
                        [
                            120.928838251000116,
                            24.824769567000033
                        ],
                        [
                            120.928575179000063,
                            24.82483505600004
                        ],
                        [
                            120.928390022000031,
                            24.824881149000078
                        ],
                        [
                            120.927766170000041,
                            24.825106106000078
                        ],
                        [
                            120.927514829000074,
                            24.825215870000022
                        ],
                        [
                            120.926928333000092,
                            24.825526129000025
                        ],
                        [
                            120.926509417000034,
                            24.825726582000073
                        ],
                        [
                            120.926310441000055,
                            24.825807704000056
                        ],
                        [
                            120.926205727000024,
                            24.825831540000024
                        ],
                        [
                            120.926069620000021,
                            24.825826695000046
                        ],
                        [
                            120.925944014000038,
                            24.825769300000047
                        ],
                        [
                            120.925797525,
                            24.825616342000046
                        ],
                        [
                            120.925494066000056,
                            24.825329532000069
                        ],
                        [
                            120.925284755,
                            24.82518132000007
                        ],
                        [
                            120.925059672000089,
                            24.825147763000075
                        ],
                        [
                            120.924897361000035,
                            24.825195458000053
                        ],
                        [
                            120.924583095000116,
                            24.825477179000075
                        ],
                        [
                            120.924373597000113,
                            24.82564429100006
                        ],
                        [
                            120.924158050000074,
                            24.825713059000066
                        ],
                        [
                            120.923785049000116,
                            24.825730784000029
                        ],
                        [
                            120.923340052000071,
                            24.82577236000003
                        ],
                        [
                            120.922953929000073,
                            24.825843825000049
                        ],
                        [
                            120.922685642000033,
                            24.825837715000034
                        ],
                        [
                            120.922528611000075,
                            24.825807772000076
                        ],
                        [
                            120.922267004000105,
                            24.825580698000067
                        ],
                        [
                            120.921972686000117,
                            24.825341661000039
                        ],
                        [
                            120.921606328000053,
                            24.825204113000041
                        ],
                        [
                            120.921167958000069,
                            24.825114300000052
                        ],
                        [
                            120.920860417000085,
                            24.825096221000024
                        ],
                        [
                            120.920670674,
                            24.825060288000032
                        ],
                        [
                            120.920389372000045,
                            24.824940697000045
                        ],
                        [
                            120.920153887000083,
                            24.824803213000052
                        ],
                        [
                            120.91947838100009,
                            24.824985354000034
                        ],
                        [
                            120.912378518000082,
                            24.826835076000066
                        ],
                        [
                            120.905773557000089,
                            24.828512821000061
                        ],
                        [
                            120.907395960000031,
                            24.830185525000047
                        ],
                        [
                            120.908327401000065,
                            24.831591508000031
                        ],
                        [
                            120.908816733000094,
                            24.83264811500004
                        ],
                        [
                            120.909313270000098,
                            24.834229801000049
                        ],
                        [
                            120.910038695000026,
                            24.835192550000045
                        ],
                        [
                            120.910771200000113,
                            24.835755732000052
                        ],
                        [
                            120.911745067000084,
                            24.83569998300004
                        ],
                        [
                            120.91223327900002,
                            24.835763394000026
                        ],
                        [
                            120.913131302000011,
                            24.836553134000042
                        ],
                        [
                            120.913984670000104,
                            24.837731480000059
                        ],
                        [
                            120.914838981000116,
                            24.838978276000034
                        ],
                        [
                            120.915755612000112,
                            24.841126363000058
                        ],
                        [
                            120.915865172000053,
                            24.842734717000042
                        ],
                        [
                            120.915532432000077,
                            24.845808882000028
                        ],
                        [
                            120.916233340000076,
                            24.847719339000037
                        ],
                        [
                            120.916744931000039,
                            24.848716616000047
                        ],
                        [
                            120.916759798000044,
                            24.848745601000076
                        ],
                        [
                            120.91587688900006,
                            24.849548465000055
                        ],
                        [
                            120.914531277000037,
                            24.850813640000069
                        ],
                        [
                            120.914049418000104,
                            24.851255006000031
                        ],
                        [
                            120.913900622000028,
                            24.851393246000043
                        ],
                        [
                            120.913554167000029,
                            24.851698842000076
                        ],
                        [
                            120.913521296000113,
                            24.85167539300005
                        ],
                        [
                            120.913242712000056,
                            24.851921805000075
                        ],
                        [
                            120.913242392000029,
                            24.851922088000038
                        ],
                        [
                            120.913248902000078,
                            24.851927627000066
                        ],
                        [
                            120.913273612000012,
                            24.851948651000043
                        ],
                        [
                            120.91327329100011,
                            24.851950566000028
                        ],
                        [
                            120.912966880000113,
                            24.853779924000037
                        ],
                        [
                            120.91295931500008,
                            24.853825081000025
                        ],
                        [
                            120.91297105600006,
                            24.853834279000068
                        ],
                        [
                            120.91296885700001,
                            24.854057373000046
                        ],
                        [
                            120.912968656000089,
                            24.854077769000071
                        ],
                        [
                            120.913240298000119,
                            24.854062667000051
                        ],
                        [
                            120.91366016500001,
                            24.854046400000072
                        ],
                        [
                            120.91412769100009,
                            24.854043149000063
                        ],
                        [
                            120.914162661000091,
                            24.854045597000038
                        ],
                        [
                            120.914164091000089,
                            24.85404569700006
                        ],
                        [
                            120.914180748000035,
                            24.854045868000071
                        ],
                        [
                            120.91419298400001,
                            24.854045992000067
                        ],
                        [
                            120.914354740000022,
                            24.853954349000048
                        ],
                        [
                            120.914348481000047,
                            24.853941329000065
                        ],
                        [
                            120.914337541,
                            24.853918569000029
                        ],
                        [
                            120.914327593000053,
                            24.853905922000024
                        ],
                        [
                            120.914340147000075,
                            24.853898174000051
                        ],
                        [
                            120.914347763000023,
                            24.853893474000074
                        ],
                        [
                            120.914845674000048,
                            24.853616285000044
                        ],
                        [
                            120.915755173000093,
                            24.853134634000071
                        ],
                        [
                            120.916391712000063,
                            24.852795575000073
                        ],
                        [
                            120.917354019000072,
                            24.85290131000005
                        ],
                        [
                            120.918164950000119,
                            24.852982832000066
                        ],
                        [
                            120.918182399000102,
                            24.852984584000069
                        ],
                        [
                            120.918274423000071,
                            24.853297520000069
                        ],
                        [
                            120.918419,
                            24.853758467000034
                        ],
                        [
                            120.918421921000117,
                            24.853767778000076
                        ],
                        [
                            120.918590826000013,
                            24.853718655000023
                        ],
                        [
                            120.91837745600003,
                            24.853007632000072
                        ],
                        [
                            120.919607030000066,
                            24.853174549000073
                        ],
                        [
                            120.921247971000071,
                            24.853465663000065
                        ],
                        [
                            120.922731103000046,
                            24.854089413000054
                        ],
                        [
                            120.924650319000079,
                            24.854628685000023
                        ],
                        [
                            120.925229,
                            24.854811090000055
                        ],
                        [
                            120.92533018000006,
                            24.854773076000072
                        ]
                    ]
                ]
            }
        },
        {
            "type": "Feature",
            "properties": {
                "TOWNID": "O03",
                "TOWNCODE": "10018030",
                "COUNTYNAME": "新竹市",
                "TOWNNAME": "香山區",
                "TOWNENG": "Xiangshan District",
                "COUNTYID": "O",
                "COUNTYCODE": "10018"
            },
            "geometry": {
                "type": "Polygon",
                "coordinates": [
                    [
                        [
                            120.903593378000096,
                            24.825350277000041
                        ],
                        [
                            120.904085543000065,
                            24.826095659000032
                        ],
                        [
                            120.904716370000074,
                            24.827051035000068
                        ],
                        [
                            120.905773557000089,
                            24.828512821000061
                        ],
                        [
                            120.912378518000082,
                            24.826835076000066
                        ],
                        [
                            120.91947838100009,
                            24.824985354000034
                        ],
                        [
                            120.920153887000083,
                            24.824803213000052
                        ],
                        [
                            120.920389372000045,
                            24.824940697000045
                        ],
                        [
                            120.920670674,
                            24.825060288000032
                        ],
                        [
                            120.920860417000085,
                            24.825096221000024
                        ],
                        [
                            120.921167958000069,
                            24.825114300000052
                        ],
                        [
                            120.921606328000053,
                            24.825204113000041
                        ],
                        [
                            120.921972686000117,
                            24.825341661000039
                        ],
                        [
                            120.922267004000105,
                            24.825580698000067
                        ],
                        [
                            120.922528611000075,
                            24.825807772000076
                        ],
                        [
                            120.922685642000033,
                            24.825837715000034
                        ],
                        [
                            120.922953929000073,
                            24.825843825000049
                        ],
                        [
                            120.923340052000071,
                            24.82577236000003
                        ],
                        [
                            120.923785049000116,
                            24.825730784000029
                        ],
                        [
                            120.924158050000074,
                            24.825713059000066
                        ],
                        [
                            120.924373597000113,
                            24.82564429100006
                        ],
                        [
                            120.924583095000116,
                            24.825477179000075
                        ],
                        [
                            120.924897361000035,
                            24.825195458000053
                        ],
                        [
                            120.925059672000089,
                            24.825147763000075
                        ],
                        [
                            120.925284755,
                            24.82518132000007
                        ],
                        [
                            120.925494066000056,
                            24.825329532000069
                        ],
                        [
                            120.925797525,
                            24.825616342000046
                        ],
                        [
                            120.925944014000038,
                            24.825769300000047
                        ],
                        [
                            120.926069620000021,
                            24.825826695000046
                        ],
                        [
                            120.926205727000024,
                            24.825831540000024
                        ],
                        [
                            120.926310441000055,
                            24.825807704000056
                        ],
                        [
                            120.926509417000034,
                            24.825726582000073
                        ],
                        [
                            120.926928333000092,
                            24.825526129000025
                        ],
                        [
                            120.927514829000074,
                            24.825215870000022
                        ],
                        [
                            120.927766170000041,
                            24.825106106000078
                        ],
                        [
                            120.928390022000031,
                            24.824881149000078
                        ],
                        [
                            120.928575179000063,
                            24.82483505600004
                        ],
                        [
                            120.928838251000116,
                            24.824769567000033
                        ],
                        [
                            120.92900179600008,
                            24.824791380000079
                        ],
                        [
                            120.929399591000106,
                            24.824901455000031
                        ],
                        [
                            120.929645594000021,
                            24.824973236000062
                        ],
                        [
                            120.929818323000063,
                            24.825016317000063
                        ],
                        [
                            120.929891613000109,
                            24.825016352000034
                        ],
                        [
                            120.930337327000075,
                            24.82493295300003
                        ],
                        [
                            120.930790400000092,
                            24.824474512000052
                        ],
                        [
                            120.930965897000078,
                            24.824242879000053
                        ],
                        [
                            120.930952846000082,
                            24.824175985000068
                        ],
                        [
                            120.930981694000025,
                            24.824070891000076
                        ],
                        [
                            120.931070725000041,
                            24.824001657000053
                        ],
                        [
                            120.931159732000083,
                            24.823977809000041
                        ],
                        [
                            120.931445600000075,
                            24.823845744000039
                        ],
                        [
                            120.93151690000002,
                            24.823827342000072
                        ],
                        [
                            120.931553960000087,
                            24.823813047000044
                        ],
                        [
                            120.931961089000083,
                            24.823656005000032
                        ],
                        [
                            120.932305406000069,
                            24.823511704000055
                        ],
                        [
                            120.932410561000097,
                            24.823473291000028
                        ],
                        [
                            120.932749744000034,
                            24.823349393000058
                        ],
                        [
                            120.932949631000042,
                            24.823231346000057
                        ],
                        [
                            120.93313166400003,
                            24.82312384200003
                        ],
                        [
                            120.933326690000058,
                            24.822925301000055
                        ],
                        [
                            120.933658176000108,
                            24.822780985000065
                        ],
                        [
                            120.933858864000058,
                            24.822701808000033
                        ],
                        [
                            120.934115349000081,
                            24.822600617000035
                        ],
                        [
                            120.934415166,
                            24.822420179000062
                        ],
                        [
                            120.934798125000043,
                            24.82226686100006
                        ],
                        [
                            120.935204750000025,
                            24.822086460000037
                        ],
                        [
                            120.935461134000093,
                            24.821896971000058
                        ],
                        [
                            120.935786764000113,
                            24.821707504000074
                        ],
                        [
                            120.936093536000044,
                            24.821518037000033
                        ],
                        [
                            120.93614355200009,
                            24.821485119000045
                        ],
                        [
                            120.936381446000041,
                            24.821328553000058
                        ],
                        [
                            120.936556656000107,
                            24.821175141000026
                        ],
                        [
                            120.936876264000034,
                            24.820967611000071
                        ],
                        [
                            120.937032651000095,
                            24.820741965000025
                        ],
                        [
                            120.937176144000091,
                            24.820642701000054
                        ],
                        [
                            120.937289019000104,
                            24.820570521000036
                        ],
                        [
                            120.937589719000016,
                            24.82045327700007
                        ],
                        [
                            120.937853053000026,
                            24.820263789000023
                        ],
                        [
                            120.938109166000118,
                            24.820290982000074
                        ],
                        [
                            120.938434707000056,
                            24.820264032000068
                        ],
                        [
                            120.938748412000109,
                            24.820101647000058
                        ],
                        [
                            120.939136343000087,
                            24.819876094000051
                        ],
                        [
                            120.939354933000118,
                            24.819822012000031
                        ],
                        [
                            120.939830825000058,
                            24.819569399000045
                        ],
                        [
                            120.939956561000031,
                            24.819424993000041
                        ],
                        [
                            120.940124934000096,
                            24.819000708000033
                        ],
                        [
                            120.939987718000111,
                            24.818594348000033
                        ],
                        [
                            120.93970596500003,
                            24.818215014000032
                        ],
                        [
                            120.939394707000019,
                            24.817842750000068
                        ],
                        [
                            120.939373680000017,
                            24.817817602000048
                        ],
                        [
                            120.939029588000039,
                            24.81754658400007
                        ],
                        [
                            120.938678541000058,
                            24.817275572000028
                        ],
                        [
                            120.938440223000043,
                            24.817041753000069
                        ],
                        [
                            120.93838392300006,
                            24.816986517000032
                        ],
                        [
                            120.938189127000101,
                            24.816751683000064
                        ],
                        [
                            120.938083378000101,
                            24.816489801000046
                        ],
                        [
                            120.938289281000038,
                            24.816137763000029
                        ],
                        [
                            120.938408130000084,
                            24.81584889100003
                        ],
                        [
                            120.938590371000032,
                            24.815523929000051
                        ],
                        [
                            120.938827955000079,
                            24.815171896000038
                        ],
                        [
                            120.938984383000047,
                            24.814846922000072
                        ],
                        [
                            120.93908736100002,
                            24.814765708000039
                        ],
                        [
                            120.939228841000045,
                            24.814657423000028
                        ],
                        [
                            120.939335693000089,
                            24.814558152000075
                        ],
                        [
                            120.939447495000081,
                            24.814449857000056
                        ],
                        [
                            120.939560467000092,
                            24.814160979000064
                        ],
                        [
                            120.939848318000031,
                            24.814052754000045
                        ],
                        [
                            120.940005858000063,
                            24.813856349000048
                        ],
                        [
                            120.940079992000051,
                            24.813763925000046
                        ],
                        [
                            120.940196195000112,
                            24.813708035000047
                        ],
                        [
                            120.940492617000018,
                            24.813565465000067
                        ],
                        [
                            120.940849735000029,
                            24.813403093000034
                        ],
                        [
                            120.941193971000075,
                            24.813349060000064
                        ],
                        [
                            120.941407656000024,
                            24.813511670000025
                        ],
                        [
                            120.941532166000115,
                            24.81365618500007
                        ],
                        [
                            120.941783441000098,
                            24.813755608000065
                        ],
                        [
                            120.942071388000045,
                            24.813430684000025
                        ],
                        [
                            120.942158194000058,
                            24.813342737000028
                        ],
                        [
                            120.942365350000046,
                            24.813132856000038
                        ],
                        [
                            120.942740338000021,
                            24.813096888000075
                        ],
                        [
                            120.943009295000024,
                            24.813060886000073
                        ],
                        [
                            120.943283170000086,
                            24.813048276000075
                        ],
                        [
                            120.943286052000076,
                            24.81304814300006
                        ],
                        [
                            120.94328259100007,
                            24.812883918000068
                        ],
                        [
                            120.943288590000066,
                            24.811126357000035
                        ],
                        [
                            120.944962466000106,
                            24.811133557000062
                        ],
                        [
                            120.944965873000115,
                            24.811130007000031
                        ],
                        [
                            120.94639595700005,
                            24.809639863000029
                        ],
                        [
                            120.946467160000111,
                            24.809565668000062
                        ],
                        [
                            120.946472435000032,
                            24.809560173000023
                        ],
                        [
                            120.94670665600006,
                            24.809316109000065
                        ],
                        [
                            120.946404427000061,
                            24.808545406000064
                        ],
                        [
                            120.946402891000048,
                            24.808541489000049
                        ],
                        [
                            120.946129091000103,
                            24.807843265000031
                        ],
                        [
                            120.945941534000099,
                            24.807364971000027
                        ],
                        [
                            120.945770654000057,
                            24.806929195000066
                        ],
                        [
                            120.94572921800011,
                            24.806815226000026
                        ],
                        [
                            120.945726077000018,
                            24.806815224000047
                        ],
                        [
                            120.945237719000033,
                            24.806830810000065
                        ],
                        [
                            120.944695970000112,
                            24.806850673000042
                        ],
                        [
                            120.944339514000035,
                            24.806866304000039
                        ],
                        [
                            120.944195777000118,
                            24.806889092000063
                        ],
                        [
                            120.944032082000035,
                            24.806983866000053
                        ],
                        [
                            120.94374933600011,
                            24.807204486000046
                        ],
                        [
                            120.943684930000018,
                            24.807257492000076
                        ],
                        [
                            120.943639389000055,
                            24.807267508000052
                        ],
                        [
                            120.943537329000037,
                            24.807250270000054
                        ],
                        [
                            120.943450988000109,
                            24.807197205000023
                        ],
                        [
                            120.943352110000092,
                            24.807088237000073
                        ],
                        [
                            120.943320738000011,
                            24.807015127000057
                        ],
                        [
                            120.943272266,
                            24.806556455000077
                        ],
                        [
                            120.943259887000067,
                            24.806150829000046
                        ],
                        [
                            120.943241759000102,
                            24.805546510000056
                        ],
                        [
                            120.943240022000055,
                            24.805087440000023
                        ],
                        [
                            120.94389839300004,
                            24.805090265000047
                        ],
                        [
                            120.943929045000118,
                            24.804613484000072
                        ],
                        [
                            120.943931797000118,
                            24.80457068100003
                        ],
                        [
                            120.943915378000042,
                            24.804426378000073
                        ],
                        [
                            120.943915154000024,
                            24.804424406000066
                        ],
                        [
                            120.944030288000022,
                            24.804350118000059
                        ],
                        [
                            120.944029371000056,
                            24.804350094000029
                        ],
                        [
                            120.944278263000115,
                            24.804217790000052
                        ],
                        [
                            120.944690632000061,
                            24.803793932000076
                        ],
                        [
                            120.94486091300007,
                            24.803393869000047
                        ],
                        [
                            120.94490431700001,
                            24.802881484000068
                        ],
                        [
                            120.945008374000054,
                            24.802580606000049
                        ],
                        [
                            120.945972539000081,
                            24.80174958200007
                        ],
                        [
                            120.946663603000047,
                            24.801312684000038
                        ],
                        [
                            120.946922729000107,
                            24.801205281000023
                        ],
                        [
                            120.947472291000054,
                            24.801205480000078
                        ],
                        [
                            120.94770779800001,
                            24.801255730000037
                        ],
                        [
                            120.94850069600011,
                            24.801363507000076
                        ],
                        [
                            120.950039365000066,
                            24.801650699000049
                        ],
                        [
                            120.950588926000023,
                            24.801701048000041
                        ],
                        [
                            120.950855875000116,
                            24.801672470000028
                        ],
                        [
                            120.952080771000055,
                            24.80135754500003
                        ],
                        [
                            120.953823880000073,
                            24.800913775000026
                        ],
                        [
                            120.954289439000036,
                            24.800650722000057
                        ],
                        [
                            120.954711230000044,
                            24.80041239600007
                        ],
                        [
                            120.956391735000011,
                            24.799352258000056
                        ],
                        [
                            120.957019258000059,
                            24.798956133000047
                        ],
                        [
                            120.956728059000056,
                            24.798566227000038
                        ],
                        [
                            120.956207432000042,
                            24.797869117000062
                        ],
                        [
                            120.955406033000031,
                            24.796796033000078
                        ],
                        [
                            120.954393733000074,
                            24.795548814000028
                        ],
                        [
                            120.953964722000023,
                            24.794957950000025
                        ],
                        [
                            120.953963935000047,
                            24.794956866000064
                        ],
                        [
                            120.953963911000073,
                            24.794956832000025
                        ],
                        [
                            120.953824263000115,
                            24.794764499000053
                        ],
                        [
                            120.953656688000024,
                            24.794530059000067
                        ],
                        [
                            120.953279676000079,
                            24.794288971000071
                        ],
                        [
                            120.952877566000097,
                            24.793944600000032
                        ],
                        [
                            120.95286334900004,
                            24.793930929000055
                        ],
                        [
                            120.952733347000049,
                            24.793805920000068
                        ],
                        [
                            120.952638824000019,
                            24.793715029000055
                        ],
                        [
                            120.952450369000076,
                            24.793473998000024
                        ],
                        [
                            120.952233437000018,
                            24.793365976000075
                        ],
                        [
                            120.952059464000058,
                            24.79331675800006
                        ],
                        [
                            120.951989049000076,
                            24.793290263000074
                        ],
                        [
                            120.95153343800007,
                            24.793078338000043
                        ],
                        [
                            120.951579919000096,
                            24.792983381000056
                        ],
                        [
                            120.951610432000052,
                            24.793002453000042
                        ],
                        [
                            120.95160050100003,
                            24.792936705000045
                        ],
                        [
                            120.951492280000025,
                            24.792912571000045
                        ],
                        [
                            120.951330085000109,
                            24.792797852000035
                        ],
                        [
                            120.951110345000075,
                            24.792616230000078
                        ],
                        [
                            120.949731781000082,
                            24.792038750000074
                        ],
                        [
                            120.949695256000041,
                            24.791780742000071
                        ],
                        [
                            120.949716270000067,
                            24.791589644000055
                        ],
                        [
                            120.949820972000111,
                            24.791518014000076
                        ],
                        [
                            120.951007941000057,
                            24.790905675000033
                        ],
                        [
                            120.951181371000075,
                            24.790738516000033
                        ],
                        [
                            120.951580527000033,
                            24.790502748000051
                        ],
                        [
                            120.951596905000088,
                            24.790449007000063
                        ],
                        [
                            120.951642726000046,
                            24.790377356000079
                        ],
                        [
                            120.951688527000101,
                            24.790356469000074
                        ],
                        [
                            120.951776854000059,
                            24.790332610000064
                        ],
                        [
                            120.951803029000075,
                            24.790314700000067
                        ],
                        [
                            120.951884853000024,
                            24.790195288000064
                        ],
                        [
                            120.952107401000035,
                            24.789884811000036
                        ],
                        [
                            120.952270982000073,
                            24.78980424100007
                        ],
                        [
                            120.952120536000052,
                            24.789753430000076
                        ],
                        [
                            120.952376560000062,
                            24.789165562000051
                        ],
                        [
                            120.952455050000026,
                            24.789194254000051
                        ],
                        [
                            120.952604311000073,
                            24.78892914100004
                        ],
                        [
                            120.952706422,
                            24.788778678000028
                        ],
                        [
                            120.952918415000113,
                            24.78868557900006
                        ],
                        [
                            120.9534077080001,
                            24.788781287000063
                        ],
                        [
                            120.953653730000042,
                            24.788657146000048
                        ],
                        [
                            120.95394425500001,
                            24.788480464000031
                        ],
                        [
                            120.954143215000045,
                            24.788251198000069
                        ],
                        [
                            120.954183458000102,
                            24.788136532000067
                        ],
                        [
                            120.954153827000027,
                            24.787871378000034
                        ],
                        [
                            120.954184002000034,
                            24.787814088000061
                        ],
                        [
                            120.95419693100007,
                            24.787669128000061
                        ],
                        [
                            120.954188296000098,
                            24.787342132000049
                        ],
                        [
                            120.954295254000044,
                            24.786890735000043
                        ],
                        [
                            120.954313154000033,
                            24.786565710000048
                        ],
                        [
                            120.95443803,
                            24.786132383000052
                        ],
                        [
                            120.954506332000051,
                            24.78574418200003
                        ],
                        [
                            120.954574680000064,
                            24.785603539000078
                        ],
                        [
                            120.954637941000101,
                            24.78547336400004
                        ],
                        [
                            120.954832008000039,
                            24.785130344000038
                        ],
                        [
                            120.954876585000079,
                            24.785051815000031
                        ],
                        [
                            120.954944736000016,
                            24.784931757000038
                        ],
                        [
                            120.95503196300001,
                            24.784742192000067
                        ],
                        [
                            120.955150678000109,
                            24.784642912000038
                        ],
                        [
                            120.955451284000105,
                            24.784507585000028
                        ],
                        [
                            120.95568662300002,
                            24.784516692000068
                        ],
                        [
                            120.956205445000023,
                            24.78455737400003
                        ],
                        [
                            120.957147382000016,
                            24.784061376000068
                        ],
                        [
                            120.957725270000083,
                            24.783828821000043
                        ],
                        [
                            120.958150290000049,
                            24.783363499000075
                        ],
                        [
                            120.958796453000105,
                            24.782231101000036
                        ],
                        [
                            120.959323714000107,
                            24.780896977000054
                        ],
                        [
                            120.959442907000039,
                            24.780183332000036
                        ],
                        [
                            120.959528142000067,
                            24.779376586000069
                        ],
                        [
                            120.960118061000117,
                            24.778941592000024
                        ],
                        [
                            120.960915865000061,
                            24.778402146000076
                        ],
                        [
                            120.961148476000062,
                            24.778109540000059
                        ],
                        [
                            120.961461516000099,
                            24.777559603000043
                        ],
                        [
                            120.960755365000068,
                            24.77684461900003
                        ],
                        [
                            120.960408900000061,
                            24.77620898300006
                        ],
                        [
                            120.960535045000029,
                            24.77447472700004
                        ],
                        [
                            120.960440983000012,
                            24.774073378000026
                        ],
                        [
                            120.960859277000054,
                            24.773089729000048
                        ],
                        [
                            120.960793206000062,
                            24.772694318000049
                        ],
                        [
                            120.960728063000033,
                            24.772228811000048
                        ],
                        [
                            120.960696878000022,
                            24.771559930000024
                        ],
                        [
                            120.960822534000044,
                            24.771340192000025
                        ],
                        [
                            120.960886283000036,
                            24.770921495000039
                        ],
                        [
                            120.960843755000042,
                            24.770422887000052
                        ],
                        [
                            120.960864785000012,
                            24.770107567000025
                        ],
                        [
                            120.96095915300009,
                            24.769534272000044
                        ],
                        [
                            120.961074398000051,
                            24.769132980000052
                        ],
                        [
                            120.961105881000094,
                            24.768855884000061
                        ],
                        [
                            120.9607816460001,
                            24.768263366000042
                        ],
                        [
                            120.960647121000079,
                            24.767739965000032
                        ],
                        [
                            120.960723724000104,
                            24.76739077700006
                        ],
                        [
                            120.961004291000108,
                            24.767076565000025
                        ],
                        [
                            120.961386761000085,
                            24.767030107000039
                        ],
                        [
                            120.961985917000106,
                            24.767111749000037
                        ],
                        [
                            120.962737920000109,
                            24.767647399000055
                        ],
                        [
                            120.963273285000014,
                            24.767903623000052
                        ],
                        [
                            120.963260750000018,
                            24.767181923000066
                        ],
                        [
                            120.963490408000098,
                            24.766553406000071
                        ],
                        [
                            120.963452312000072,
                            24.766041221000023
                        ],
                        [
                            120.963592654000081,
                            24.765668768000069
                        ],
                        [
                            120.963718842000048,
                            24.765364094000063
                        ],
                        [
                            120.963687524000079,
                            24.765096536000044
                        ],
                        [
                            120.963394667000102,
                            24.764551806000043
                        ],
                        [
                            120.96312273,
                            24.764045303000046
                        ],
                        [
                            120.962903021000102,
                            24.763873250000074
                        ],
                        [
                            120.962442633000023,
                            24.76366291000005
                        ],
                        [
                            120.962348577000057,
                            24.763242450000064
                        ],
                        [
                            120.962087049000047,
                            24.762946165000074
                        ],
                        [
                            120.961885646000042,
                            24.76282489700003
                        ],
                        [
                            120.961637146000044,
                            24.76268804800003
                        ],
                        [
                            120.961557220000032,
                            24.762543177000055
                        ],
                        [
                            120.961501225,
                            24.762296242000048
                        ],
                        [
                            120.961574592000034,
                            24.761923603000071
                        ],
                        [
                            120.961606091000021,
                            24.761579618000042
                        ],
                        [
                            120.961083091000091,
                            24.760843711000064
                        ],
                        [
                            120.960748278000096,
                            24.760681177000038
                        ],
                        [
                            120.960203940000042,
                            24.760562076000042
                        ],
                        [
                            120.959849617000032,
                            24.760500737000029
                        ],
                        [
                            120.959851523000111,
                            24.760504428000047
                        ],
                        [
                            120.959600974000068,
                            24.760285036000028
                        ],
                        [
                            120.959152192000033,
                            24.75933619400007
                        ],
                        [
                            120.958683367000049,
                            24.75834495600003
                        ],
                        [
                            120.958113445000095,
                            24.757139963000043
                        ],
                        [
                            120.958076417000029,
                            24.756743221000079
                        ],
                        [
                            120.958075788000087,
                            24.756741119000026
                        ],
                        [
                            120.958052850000058,
                            24.756664432000036
                        ],
                        [
                            120.958047445000034,
                            24.756432788000041
                        ],
                        [
                            120.958044002000065,
                            24.756285217000027
                        ],
                        [
                            120.95806780700002,
                            24.756269971000052
                        ],
                        [
                            120.958209643000032,
                            24.756179129000031
                        ],
                        [
                            120.958269451000092,
                            24.756140826000035
                        ],
                        [
                            120.958701388,
                            24.756006434000028
                        ],
                        [
                            120.958733280000047,
                            24.755996511000035
                        ],
                        [
                            120.958989297000016,
                            24.75590629900006
                        ],
                        [
                            120.959345272000064,
                            24.75580708800004
                        ],
                        [
                            120.959356386000081,
                            24.755788450000068
                        ],
                        [
                            120.959528278000107,
                            24.755500158000075
                        ],
                        [
                            120.959549433,
                            24.755337396000073
                        ],
                        [
                            120.959572870000102,
                            24.755157082000039
                        ],
                        [
                            120.959521259000098,
                            24.754999789000067
                        ],
                        [
                            120.95947184900001,
                            24.754849204000038
                        ],
                        [
                            120.95947323200005,
                            24.75483795100007
                        ],
                        [
                            120.959394281000073,
                            24.754589762000023
                        ],
                        [
                            120.959367636000025,
                            24.754506003000074
                        ],
                        [
                            120.95931366700006,
                            24.754392389000031
                        ],
                        [
                            120.95923511,
                            24.754227006000065
                        ],
                        [
                            120.959090750000087,
                            24.753929011000025
                        ],
                        [
                            120.959012849000032,
                            24.753513662000046
                        ],
                        [
                            120.95907517,
                            24.753311527000051
                        ],
                        [
                            120.959132537000073,
                            24.753125454000042
                        ],
                        [
                            120.959295698,
                            24.752833390000035
                        ],
                        [
                            120.959389736000048,
                            24.752665058000048
                        ],
                        [
                            120.959595705000083,
                            24.752383103000057
                        ],
                        [
                            120.959706251000057,
                            24.752231775000041
                        ],
                        [
                            120.959982288000106,
                            24.75179846900005
                        ],
                        [
                            120.960006787000111,
                            24.751766670000052
                        ],
                        [
                            120.960177012000031,
                            24.751545723000049
                        ],
                        [
                            120.96042240700001,
                            24.751292981000063
                        ],
                        [
                            120.960536158000082,
                            24.751121469000054
                        ],
                        [
                            120.960581741000055,
                            24.751077351000049
                        ],
                        [
                            120.960783264000042,
                            24.750882306000051
                        ],
                        [
                            120.960733224000023,
                            24.75084939900006
                        ],
                        [
                            120.960618908000015,
                            24.750769364000064
                        ],
                        [
                            120.960544594000112,
                            24.750678462000053
                        ],
                        [
                            120.960507231000065,
                            24.750620380000043
                        ],
                        [
                            120.960417414000062,
                            24.750426284000071
                        ],
                        [
                            120.960369461000028,
                            24.750335026000073
                        ],
                        [
                            120.960328220000065,
                            24.750270099000033
                        ],
                        [
                            120.960239122000075,
                            24.750196616000039
                        ],
                        [
                            120.960179671000105,
                            24.750169848000041
                        ],
                        [
                            120.960046712,
                            24.750101552000046
                        ],
                        [
                            120.959980644000098,
                            24.750054197000054
                        ],
                        [
                            120.959644634000028,
                            24.749854223000057
                        ],
                        [
                            120.959459290000041,
                            24.749730361000047
                        ],
                        [
                            120.959176003000039,
                            24.749529672000051
                        ],
                        [
                            120.958873613000037,
                            24.749388981000038
                        ],
                        [
                            120.958625119000089,
                            24.749242969000079
                        ],
                        [
                            120.958563121000111,
                            24.74921392300007
                        ],
                        [
                            120.958449655000095,
                            24.749262571000031
                        ],
                        [
                            120.9583998170001,
                            24.749286203000054
                        ],
                        [
                            120.958077975000037,
                            24.749471666000034
                        ],
                        [
                            120.957997295000041,
                            24.749491632000058
                        ],
                        [
                            120.957953216000078,
                            24.749498147000054
                        ],
                        [
                            120.957898900000032,
                            24.749522925000065
                        ],
                        [
                            120.957850912000026,
                            24.749543170000038
                        ],
                        [
                            120.957784063000076,
                            24.749563247000026
                        ],
                        [
                            120.957729788000051,
                            24.749583439000048
                        ],
                        [
                            120.957672991000095,
                            24.749604757000043
                        ],
                        [
                            120.95761625800003,
                            24.749619186000075
                        ],
                        [
                            120.957509103,
                            24.749645815000065
                        ],
                        [
                            120.957475262000116,
                            24.749634059000073
                        ],
                        [
                            120.957451641000034,
                            24.749606343000039
                        ],
                        [
                            120.957416813,
                            24.749567067000044
                        ],
                        [
                            120.957383352000079,
                            24.749516324000069
                        ],
                        [
                            120.957357325000089,
                            24.749477123000077
                        ],
                        [
                            120.957317569000111,
                            24.749427483000034
                        ],
                        [
                            120.957291655000063,
                            24.749376806000043
                        ],
                        [
                            120.957249525000066,
                            24.749312229000054
                        ],
                        [
                            120.957233719000101,
                            24.74925705000004
                        ],
                        [
                            120.957220367000104,
                            24.749207633000026
                        ],
                        [
                            120.957203914000047,
                            24.749089379000054
                        ],
                        [
                            120.957198333000065,
                            24.74901707600003
                        ],
                        [
                            120.957185252000045,
                            24.748940138000023
                        ],
                        [
                            120.957187203000103,
                            24.748869058000025
                        ],
                        [
                            120.957189156000027,
                            24.748797975000059
                        ],
                        [
                            120.957192332000091,
                            24.748730344000023
                        ],
                        [
                            120.95719310700008,
                            24.74865122500006
                        ],
                        [
                            120.95718502200009,
                            24.74857776500005
                        ],
                        [
                            120.957179554000049,
                            24.748493996000036
                        ],
                        [
                            120.957181447000039,
                            24.748428647000026
                        ],
                        [
                            120.957163278000053,
                            24.748357397000063
                        ],
                        [
                            120.957171286000062,
                            24.748310440000068
                        ],
                        [
                            120.957174556000041,
                            24.74828894500007
                        ],
                        [
                            120.95718016100011,
                            24.74825209100004
                        ],
                        [
                            120.957222511000055,
                            24.748206627000059
                        ],
                        [
                            120.957261573000096,
                            24.748181529000078
                        ],
                        [
                            120.957308230000081,
                            24.74814384900003
                        ],
                        [
                            120.957352403000073,
                            24.748099269000079
                        ],
                        [
                            120.957392888000072,
                            24.748035168000058
                        ],
                        [
                            120.957414375000099,
                            24.748005436000028
                        ],
                        [
                            120.957437162000019,
                            24.747966528000063
                        ],
                        [
                            120.957452431000092,
                            24.74792184000006
                        ],
                        [
                            120.957473958000037,
                            24.747882925000056
                        ],
                        [
                            120.957508113000017,
                            24.747830289000035
                        ],
                        [
                            120.957537321000018,
                            24.747758132000058
                        ],
                        [
                            120.957558895000034,
                            24.747707741000056
                        ],
                        [
                            120.957580573000087,
                            24.747633270000051
                        ],
                        [
                            120.957604741000068,
                            24.747564532000069
                        ],
                        [
                            120.957602401000031,
                            24.747523234000028
                        ],
                        [
                            120.957605091000119,
                            24.747481955000069
                        ],
                        [
                            120.957604076000052,
                            24.747424597000077
                        ],
                        [
                            120.95760563500005,
                            24.747353487000055
                        ],
                        [
                            120.957599688000073,
                            24.747273177000068
                        ],
                        [
                            120.95757372300011,
                            24.747173285000031
                        ],
                        [
                            120.957551546000104,
                            24.747068833000071
                        ],
                        [
                            120.957539265000037,
                            24.747001115000046
                        ],
                        [
                            120.957535810000081,
                            24.746926556000062
                        ],
                        [
                            120.95752979800011,
                            24.746862297000064
                        ],
                        [
                            120.957540103000042,
                            24.746802693000063
                        ],
                        [
                            120.957560434000015,
                            24.746749999000031
                        ],
                        [
                            120.957578284000078,
                            24.746689279000066
                        ],
                        [
                            120.957604921000097,
                            24.746630881000044
                        ],
                        [
                            120.95764539400011,
                            24.746569073000046
                        ],
                        [
                            120.957668205000118,
                            24.746524423000039
                        ],
                        [
                            120.957693500000119,
                            24.746485518000043
                        ],
                        [
                            120.957726426000022,
                            24.74642599200007
                        ],
                        [
                            120.957750578000059,
                            24.74636070400004
                        ],
                        [
                            120.957767186000069,
                            24.746296533000077
                        ],
                        [
                            120.957788993,
                            24.746191084000031
                        ],
                        [
                            120.957800697000039,
                            24.746098219000032
                        ],
                        [
                            120.957802303000108,
                            24.746015644000067
                        ],
                        [
                            120.957798855000078,
                            24.745939919000023
                        ],
                        [
                            120.957806674000039,
                            24.74587342600006
                        ],
                        [
                            120.957805757000074,
                            24.745793134000053
                        ],
                        [
                            120.957798569000033,
                            24.74570938100004
                        ],
                        [
                            120.957782606000023,
                            24.745622143000048
                        ],
                        [
                            120.957766520000064,
                            24.745562439000025
                        ],
                        [
                            120.95773410400011,
                            24.745501541000067
                        ],
                        [
                            120.957705376000035,
                            24.745460145000038
                        ],
                        [
                            120.957674175000079,
                            24.745409559000052
                        ],
                        [
                            120.957619149000038,
                            24.745346278000056
                        ],
                        [
                            120.957555234000097,
                            24.745304755000063
                        ],
                        [
                            120.957486234000044,
                            24.745278128000052
                        ],
                        [
                            120.957413382000027,
                            24.745269832000076
                        ],
                        [
                            120.957326666000085,
                            24.745271822000063
                        ],
                        [
                            120.957251299000063,
                            24.745264667000072
                        ],
                        [
                            120.957170851000114,
                            24.745270115000039
                        ],
                        [
                            120.95709045000001,
                            24.745264087000066
                        ],
                        [
                            120.956992465000098,
                            24.745256862000076
                        ],
                        [
                            120.95691333100001,
                            24.745248541000024
                        ],
                        [
                            120.956839228000035,
                            24.745239092000077
                        ],
                        [
                            120.956747513000096,
                            24.745234182000047
                        ],
                        [
                            120.956658344000061,
                            24.745222389000048
                        ],
                        [
                            120.956544025000085,
                            24.745213948000071
                        ],
                        [
                            120.956476273000021,
                            24.745188476000067
                        ],
                        [
                            120.956385946000069,
                            24.745152579000035
                        ],
                        [
                            120.956333293000057,
                            24.745122579000054
                        ],
                        [
                            120.956298221000111,
                            24.745096070000045
                        ],
                        [
                            120.956261937000022,
                            24.745058092000079
                        ],
                        [
                            120.956211981000024,
                            24.744985651000036
                        ],
                        [
                            120.956149476000064,
                            24.744908572000043
                        ],
                        [
                            120.956107038000027,
                            24.744840744000044
                        ],
                        [
                            120.95606968900006,
                            24.744758030000071
                        ],
                        [
                            120.955998504000036,
                            24.74465340200004
                        ],
                        [
                            120.955961118000118,
                            24.744579854000051
                        ],
                        [
                            120.955909853000094,
                            24.74451887400005
                        ],
                        [
                            120.955843511000012,
                            24.744457849000071
                        ],
                        [
                            120.955785848000119,
                            24.744424379000066
                        ],
                        [
                            120.955750683000019,
                            24.744419665000066
                        ],
                        [
                            120.955706715000019,
                            24.74441605800007
                        ],
                        [
                            120.955641233000051,
                            24.744447955000055
                        ],
                        [
                            120.955577018000099,
                            24.74447753100003
                        ],
                        [
                            120.955533019000086,
                            24.744481969000049
                        ],
                        [
                            120.955446293000023,
                            24.744486238000036
                        ],
                        [
                            120.955406101000108,
                            24.744481523000047
                        ],
                        [
                            120.955271690000018,
                            24.744469555000023
                        ],
                        [
                            120.955152411000086,
                            24.744446179000079
                        ],
                        [
                            120.955046994000099,
                            24.744412541000031
                        ],
                        [
                            120.954998079,
                            24.744390567000039
                        ],
                        [
                            120.954935526000099,
                            24.744324964000043
                        ],
                        [
                            120.954904336000027,
                            24.744272083000055
                        ],
                        [
                            120.954855687000077,
                            24.744187034000049
                        ],
                        [
                            120.954822120000017,
                            24.744102038000051
                        ],
                        [
                            120.954752260000078,
                            24.743981349000023
                        ],
                        [
                            120.95471108400011,
                            24.743912384000055
                        ],
                        [
                            120.95465742500005,
                            24.74382386800005
                        ],
                        [
                            120.954606228000102,
                            24.743747975000076
                        ],
                        [
                            120.954519872000105,
                            24.743665082000064
                        ],
                        [
                            120.954410939000013,
                            24.743571792000068
                        ],
                        [
                            120.954321960000016,
                            24.743515262000074
                        ],
                        [
                            120.954264332000093,
                            24.74347375800005
                        ],
                        [
                            120.954184077000036,
                            24.743434476000061
                        ],
                        [
                            120.954102456000101,
                            24.743420411000045
                        ],
                        [
                            120.953984393000042,
                            24.743406225000058
                        ],
                        [
                            120.953901402000042,
                            24.74341854100004
                        ],
                        [
                            120.953842190000046,
                            24.743453887000044
                        ],
                        [
                            120.953800591000117,
                            24.74348470700005
                        ],
                        [
                            120.953729976000091,
                            24.74354180000006
                        ],
                        [
                            120.953682012000058,
                            24.743592091000039
                        ],
                        [
                            120.95362771300006,
                            24.743653839000046
                        ],
                        [
                            120.953528125000048,
                            24.743728033000025
                        ],
                        [
                            120.953409899,
                            24.743751694000025
                        ],
                        [
                            120.953289163000022,
                            24.743775347000053
                        ],
                        [
                            120.953175974000033,
                            24.743796724000049
                        ],
                        [
                            120.953085327000053,
                            24.743836549000036
                        ],
                        [
                            120.953003430000081,
                            24.743886713000052
                        ],
                        [
                            120.952920187000018,
                            24.743958669000051
                        ],
                        [
                            120.952867106000099,
                            24.744029592000061
                        ],
                        [
                            120.952790219,
                            24.744084369000063
                        ],
                        [
                            120.952714670000091,
                            24.744119655000077
                        ],
                        [
                            120.952625361000059,
                            24.744139969000059
                        ],
                        [
                            120.952556322000078,
                            24.744122521000065
                        ],
                        [
                            120.952496255000028,
                            24.744063806000042
                        ],
                        [
                            120.952447507000102,
                            24.744002847000047
                        ],
                        [
                            120.952394952000077,
                            24.743949886000053
                        ],
                        [
                            120.952327411000056,
                            24.74387508600006
                        ],
                        [
                            120.952244721000056,
                            24.743817440000043
                        ],
                        [
                            120.952165693000097,
                            24.743785037000066
                        ],
                        [
                            120.952115468000102,
                            24.74377568400007
                        ],
                        [
                            120.952042607000067,
                            24.743769685000075
                        ],
                        [
                            120.951957070000049,
                            24.743790014000069
                        ],
                        [
                            120.951875047000044,
                            24.743870007000055
                        ],
                        [
                            120.951796785000056,
                            24.74395230500005
                        ],
                        [
                            120.951768958000116,
                            24.743994658000076
                        ],
                        [
                            120.95169825500011,
                            24.744072391000032
                        ],
                        [
                            120.951646456000049,
                            24.744137586000079
                        ],
                        [
                            120.951537803000065,
                            24.744273674000056
                        ],
                        [
                            120.951479701000039,
                            24.744343429000025
                        ],
                        [
                            120.951395216000037,
                            24.744410800000026
                        ],
                        [
                            120.951341051000099,
                            24.744441560000041
                        ],
                        [
                            120.95129569900007,
                            24.744467791000034
                        ],
                        [
                            120.951129631000072,
                            24.74451306800006
                        ],
                        [
                            120.951012709000111,
                            24.744525252000074
                        ],
                        [
                            120.950878175000071,
                            24.744543122000039
                        ],
                        [
                            120.950690899000051,
                            24.74455161700007
                        ],
                        [
                            120.950491124000109,
                            24.744544009000037
                        ],
                        [
                            120.950364276000073,
                            24.744527488000074
                        ],
                        [
                            120.950277569000036,
                            24.744527178000055
                        ],
                        [
                            120.950095328000089,
                            24.744534547000058
                        ],
                        [
                            120.949914481000064,
                            24.744508645000053
                        ],
                        [
                            120.949759946000086,
                            24.744501208000031
                        ],
                        [
                            120.949663269000098,
                            24.744481356000051
                        ],
                        [
                            120.949488648000056,
                            24.744469251000055
                        ],
                        [
                            120.949305263000042,
                            24.744449092000025
                        ],
                        [
                            120.94912690000001,
                            24.744431236000025
                        ],
                        [
                            120.948998698000082,
                            24.744436499000074
                        ],
                        [
                            120.948930781000058,
                            24.744450019000055
                        ],
                        [
                            120.948828818000038,
                            24.744490937000023
                        ],
                        [
                            120.94874681400006,
                            24.744565197000043
                        ],
                        [
                            120.948711230000072,
                            24.744657970000048
                        ],
                        [
                            120.948698299000057,
                            24.74474280000004
                        ],
                        [
                            120.948656365000033,
                            24.744851616000062
                        ],
                        [
                            120.94861182000011,
                            24.744982209000057
                        ],
                        [
                            120.948549878000108,
                            24.745068005000064
                        ],
                        [
                            120.948469163000027,
                            24.745135385000026
                        ],
                        [
                            120.948372173000052,
                            24.745187791000035
                        ],
                        [
                            120.948309278000011,
                            24.745202476000031
                        ],
                        [
                            120.948241364000069,
                            24.745214849000035
                        ],
                        [
                            120.948109347000013,
                            24.745230421000031
                        ],
                        [
                            120.947976240000116,
                            24.745208145000049
                        ],
                        [
                            120.947850706000054,
                            24.745177846000047
                        ],
                        [
                            120.947770392000052,
                            24.745151185000054
                        ],
                        [
                            120.947644946000082,
                            24.74510026400003
                        ],
                        [
                            120.947478190000083,
                            24.745012473000031
                        ],
                        [
                            120.947362854000062,
                            24.744947833000026
                        ],
                        [
                            120.947275129000104,
                            24.744892454000023
                        ],
                        [
                            120.947164728000075,
                            24.744848464000029
                        ],
                        [
                            120.947080629000084,
                            24.744826368000076
                        ],
                        [
                            120.946943757000099,
                            24.744802916000026
                        ],
                        [
                            120.946824420000098,
                            24.744792165000035
                        ],
                        [
                            120.94673388800004,
                            24.744804448000025
                        ],
                        [
                            120.946589281000115,
                            24.744825714000058
                        ],
                        [
                            120.946516239000061,
                            24.744862153000042
                        ],
                        [
                            120.946453140000017,
                            24.744923859000039
                        ],
                        [
                            120.946358495000027,
                            24.745015268000031
                        ],
                        [
                            120.946277725000073,
                            24.745095259000038
                        ],
                        [
                            120.946214557000076,
                            24.745173027000078
                        ],
                        [
                            120.946174040000074,
                            24.745243996000056
                        ],
                        [
                            120.9461500110001,
                            24.745279469000025
                        ],
                        [
                            120.946051843000077,
                            24.745313517000056
                        ],
                        [
                            120.945880976000012,
                            24.745304859000044
                        ],
                        [
                            120.945793139000102,
                            24.74527471600004
                        ],
                        [
                            120.945695230000069,
                            24.74524911900005
                        ],
                        [
                            120.945540896000011,
                            24.745194647000062
                        ],
                        [
                            120.945430587000033,
                            24.745130007000057
                        ],
                        [
                            120.945307881000076,
                            24.745027478000054
                        ],
                        [
                            120.945166700000073,
                            24.744836561000056
                        ],
                        [
                            120.94505683400007,
                            24.744670997000071
                        ],
                        [
                            120.944994333000068,
                            24.744593905000045
                        ],
                        [
                            120.944948115000102,
                            24.74452950500006
                        ],
                        [
                            120.944904241000017,
                            24.744504118000066
                        ],
                        [
                            120.944904202000089,
                            24.744504103000054
                        ],
                        [
                            120.944860328000118,
                            24.744487894000031
                        ],
                        [
                            120.944786214000032,
                            24.744481890000031
                        ],
                        [
                            120.944676847000096,
                            24.744490662000032
                        ],
                        [
                            120.944586335000054,
                            24.744498365000027
                        ],
                        [
                            120.944508464000023,
                            24.744488893000039
                        ],
                        [
                            120.944431859000019,
                            24.744477145000076
                        ],
                        [
                            120.944369135000102,
                            24.744451678000075
                        ],
                        [
                            120.944306410000081,
                            24.744427366000025
                        ],
                        [
                            120.944240093000076,
                            24.744361739000055
                        ],
                        [
                            120.944132585000034,
                            24.744230585000025
                        ],
                        [
                            120.944080088000078,
                            24.744166163000045
                        ],
                        [
                            120.943982601000016,
                            24.744043074000047
                        ],
                        [
                            120.943938911000032,
                            24.743975245000058
                        ],
                        [
                            120.943879091000099,
                            24.743860323000035
                        ],
                        [
                            120.943826840000042,
                            24.743738551000035
                        ],
                        [
                            120.943805923000014,
                            24.743635238000024
                        ],
                        [
                            120.943780102000119,
                            24.743504385000051
                        ],
                        [
                            120.943753354000023,
                            24.743296696000073
                        ],
                        [
                            120.94375564500001,
                            24.743058117000032
                        ],
                        [
                            120.943746410000017,
                            24.742868827000052
                        ],
                        [
                            120.94373831300004,
                            24.742707075000055
                        ],
                        [
                            120.943731122000031,
                            24.742626763000032
                        ],
                        [
                            120.943720451000104,
                            24.742478753000057
                        ],
                        [
                            120.943693489000111,
                            24.74232151700005
                        ],
                        [
                            120.943670228000087,
                            24.742179198000031
                        ],
                        [
                            120.943647119000047,
                            24.742002481000043
                        ],
                        [
                            120.943626566000034,
                            24.741815435000035
                        ],
                        [
                            120.943631045000075,
                            24.741651440000055
                        ],
                        [
                            120.943654388000027,
                            24.741485212000043
                        ],
                        [
                            120.943657604,
                            24.741322346000061
                        ],
                        [
                            120.94360030100006,
                            24.741206297000076
                        ],
                        [
                            120.943553053000073,
                            24.741090270000029
                        ],
                        [
                            120.943499504000101,
                            24.740978815000062
                        ],
                        [
                            120.943433582000011,
                            24.740821438000069
                        ],
                        [
                            120.943376351000097,
                            24.740689319000069
                        ],
                        [
                            120.943336578000071,
                            24.740588235000075
                        ],
                        [
                            120.943300642000054,
                            24.740471112000023
                        ],
                        [
                            120.943272240000056,
                            24.740356301000077
                        ],
                        [
                            120.943241336000028,
                            24.740238050000073
                        ],
                        [
                            120.943186584000046,
                            24.740113975000043
                        ],
                        [
                            120.943151836000084,
                            24.740012911000065
                        ],
                        [
                            120.943115673000079,
                            24.739948543000025
                        ],
                        [
                            120.943083171000012,
                            24.739909426000054
                        ],
                        [
                            120.943052031000093,
                            24.739846231000058
                        ],
                        [
                            120.943044858,
                            24.739761323000039
                        ],
                        [
                            120.943070388000024,
                            24.739669647000028
                        ],
                        [
                            120.943106175000025,
                            24.739530997000031
                        ],
                        [
                            120.94314669500011,
                            24.739458892000073
                        ],
                        [
                            120.943191305000028,
                            24.739314531000048
                        ],
                        [
                            120.943198276000089,
                            24.739155123000046
                        ],
                        [
                            120.943208818000016,
                            24.73904275700005
                        ],
                        [
                            120.943183879000117,
                            24.73899792900005
                        ],
                        [
                            120.943164124000077,
                            24.738917575000073
                        ],
                        [
                            120.94312186600007,
                            24.738809595000077
                        ],
                        [
                            120.943076937000114,
                            24.738738313000056
                        ],
                        [
                            120.942983068000103,
                            24.738651945000072
                        ],
                        [
                            120.942925455000022,
                            24.738608151000051
                        ],
                        [
                            120.942856557000027,
                            24.738558576000059
                        ],
                        [
                            120.942770010000118,
                            24.738522706000026
                        ],
                        [
                            120.942678429000011,
                            24.738487947000067
                        ],
                        [
                            120.942604484000071,
                            24.738442946000077
                        ],
                        [
                            120.942574665000052,
                            24.738364846000024
                        ],
                        [
                            120.942552321000107,
                            24.738301673000024
                        ],
                        [
                            120.942522807000046,
                            24.738153600000032
                        ],
                        [
                            120.942503230000057,
                            24.738031940000042
                        ],
                        [
                            120.942477194000048,
                            24.737951556000041
                        ],
                        [
                            120.94240973300009,
                            24.737860692000027
                        ],
                        [
                            120.942320915000096,
                            24.737768610000046
                        ],
                        [
                            120.94220821600004,
                            24.737678722000055
                        ],
                        [
                            120.942070352000087,
                            24.737595630000044
                        ],
                        [
                            120.942019059000017,
                            24.737543823000067
                        ],
                        [
                            120.941912657000103,
                            24.737449378000065
                        ],
                        [
                            120.941865187000076,
                            24.737386121000043
                        ],
                        [
                            120.941783960000066,
                            24.737282594000078
                        ],
                        [
                            120.941735451000113,
                            24.737168858000075
                        ],
                        [
                            120.941708210000115,
                            24.737075851000043
                        ],
                        [
                            120.941731228000094,
                            24.736984163000045
                        ],
                        [
                            120.941755251000018,
                            24.736949848000052
                        ],
                        [
                            120.941809775000024,
                            24.736837643000058
                        ],
                        [
                            120.941865652000047,
                            24.736702505000039
                        ],
                        [
                            120.941893836000077,
                            24.736578733000044
                        ],
                        [
                            120.941891016000113,
                            24.736360797000032
                        ],
                        [
                            120.941899119000027,
                            24.736231203000045
                        ],
                        [
                            120.941902018000064,
                            24.736142903000029
                        ],
                        [
                            120.941918914000098,
                            24.736014504000025
                        ],
                        [
                            120.941900451000038,
                            24.735926106000079
                        ],
                        [
                            120.941851893000035,
                            24.735822700000028
                        ],
                        [
                            120.941805733000024,
                            24.735746830000039
                        ],
                        [
                            120.941755870000065,
                            24.735654880000027
                        ],
                        [
                            120.941734871000108,
                            24.735572225000055
                        ],
                        [
                            120.941724326000099,
                            24.735396685000069
                        ],
                        [
                            120.94172883300007,
                            24.735226947000058
                        ],
                        [
                            120.941724183000019,
                            24.735140901000022
                        ],
                        [
                            120.941714482000066,
                            24.735060580000038
                        ],
                        [
                            120.941689577000034,
                            24.735008871000048
                        ],
                        [
                            120.941560742000092,
                            24.734873047000065
                        ],
                        [
                            120.941458137000041,
                            24.734774026000025
                        ],
                        [
                            120.941426823000029,
                            24.734750971000039
                        ],
                        [
                            120.941325425000059,
                            24.734663434000026
                        ],
                        [
                            120.941294225000092,
                            24.734613989000025
                        ],
                        [
                            120.941190308000046,
                            24.734527581000066
                        ],
                        [
                            120.941101415000048,
                            24.734453844000029
                        ],
                        [
                            120.941036382000107,
                            24.734383649000051
                        ],
                        [
                            120.940992542000117,
                            24.734351362000041
                        ],
                        [
                            120.940950047000115,
                            24.734299585000031
                        ],
                        [
                            120.940896221000116,
                            24.734252362000063
                        ],
                        [
                            120.940797409000083,
                            24.734147626000038
                        ],
                        [
                            120.940703671000051,
                            24.734032572000046
                        ],
                        [
                            120.940663822000033,
                            24.733949844000051
                        ],
                        [
                            120.940631404000101,
                            24.73389237300006
                        ],
                        [
                            120.94059913000001,
                            24.733801639000035
                        ],
                        [
                            120.940565526000114,
                            24.733728104000079
                        ],
                        [
                            120.940529540000057,
                            24.733623601000033
                        ],
                        [
                            120.940496049000103,
                            24.733523677000051
                        ],
                        [
                            120.940461388000017,
                            24.733404267000026
                        ],
                        [
                            120.940430184000093,
                            24.733355977000031
                        ],
                        [
                            120.940377568000031,
                            24.73332023100005
                        ],
                        [
                            120.940288589000033,
                            24.733265987000038
                        ],
                        [
                            120.940175765000049,
                            24.733205926000039
                        ],
                        [
                            120.94008558400003,
                            24.733139071000039
                        ],
                        [
                            120.940013100000101,
                            24.73304818400004
                        ],
                        [
                            120.939963262000106,
                            24.73295164700005
                        ],
                        [
                            120.939905903000067,
                            24.732850504000055
                        ],
                        [
                            120.939861135000115,
                            24.732743667000022
                        ],
                        [
                            120.939850254000021,
                            24.732646123000052
                        ],
                        [
                            120.939866948000031,
                            24.732563610000057
                        ],
                        [
                            120.939898706,
                            24.732484584000076
                        ],
                        [
                            120.939962969000021,
                            24.732443530000069
                        ],
                        [
                            120.940063714000075,
                            24.732392277000031
                        ],
                        [
                            120.940132984000115,
                            24.732355830000074
                        ],
                        [
                            120.94027901000004,
                            24.732294430000024
                        ],
                        [
                            120.940368375000048,
                            24.732259199000055
                        ],
                        [
                            120.940535774000068,
                            24.732195586000046
                        ],
                        [
                            120.940693064000016,
                            24.732144554000058
                        ],
                        [
                            120.940818843000102,
                            24.732115200000067
                        ],
                        [
                            120.9408931480001,
                            24.732076469000049
                        ],
                        [
                            120.941017836000015,
                            24.732010409000054
                        ],
                        [
                            120.941125056000033,
                            24.731914449000044
                        ],
                        [
                            120.941202109000074,
                            24.731821826000044
                        ],
                        [
                            120.941274225000029,
                            24.731708535000053
                        ],
                        [
                            120.941347526000072,
                            24.731611317000045
                        ],
                        [
                            120.941409421000117,
                            24.731536981000033
                        ],
                        [
                            120.941514215000097,
                            24.731421527000066
                        ],
                        [
                            120.941629041000056,
                            24.731310681000025
                        ],
                        [
                            120.94178184000009,
                            24.731135754000036
                        ],
                        [
                            120.941884258000073,
                            24.730989295000029
                        ],
                        [
                            120.941956287000039,
                            24.730895522000026
                        ],
                        [
                            120.942068672000119,
                            24.730768625000053
                        ],
                        [
                            120.942162135000103,
                            24.730657690000044
                        ],
                        [
                            120.942242965000105,
                            24.730562794000036
                        ],
                        [
                            120.942280895000067,
                            24.730509023000025
                        ],
                        [
                            120.942330194000078,
                            24.730441534000079
                        ],
                        [
                            120.942336776000047,
                            24.730372728000077
                        ],
                        [
                            120.942323323000096,
                            24.730287808000071
                        ],
                        [
                            120.942269712000098,
                            24.730191260000026
                        ],
                        [
                            120.942191039000022,
                            24.730079709000051
                        ],
                        [
                            120.942090128000018,
                            24.729880911000066
                        ],
                        [
                            120.942016642000112,
                            24.72973152000003
                        ],
                        [
                            120.941974368000047,
                            24.729629289000059
                        ],
                        [
                            120.941924587000017,
                            24.729518985000027
                        ],
                        [
                            120.941879859000096,
                            24.729402975000028
                        ],
                        [
                            120.941841397000076,
                            24.729290426000034
                        ],
                        [
                            120.941819271000099,
                            24.729177937000031
                        ],
                        [
                            120.941784684000027,
                            24.729042464000031
                        ],
                        [
                            120.941772607000075,
                            24.728931153000076
                        ],
                        [
                            120.941765665000048,
                            24.728794636000032
                        ],
                        [
                            120.941789945000096,
                            24.728701823000051
                        ],
                        [
                            120.941812903000027,
                            24.728623905000063
                        ],
                        [
                            120.941821989000118,
                            24.728557411000054
                        ],
                        [
                            120.941754504000073,
                            24.728474572000039
                        ],
                        [
                            120.941563745000053,
                            24.728422257000034
                        ],
                        [
                            120.941395483000065,
                            24.728397553000036
                        ],
                        [
                            120.941256060000114,
                            24.728386717000035
                        ],
                        [
                            120.941097853000088,
                            24.728360896000027
                        ],
                        [
                            120.940852828000061,
                            24.728363435000063
                        ],
                        [
                            120.940766048000114,
                            24.728382612000075
                        ],
                        [
                            120.940617552000049,
                            24.728433685000027
                        ],
                        [
                            120.94060335000006,
                            24.728520796000055
                        ],
                        [
                            120.940595347000112,
                            24.728626304000045
                        ],
                        [
                            120.94056602,
                            24.728723684000045
                        ],
                        [
                            120.940544527000043,
                            24.728753433000065
                        ],
                        [
                            120.940495079000016,
                            24.728855332000023
                        ],
                        [
                            120.940455932000077,
                            24.728899925000064
                        ],
                        [
                            120.940356278000081,
                            24.728989019000039
                        ],
                        [
                            120.940207506000093,
                            24.729103181000028
                        ],
                        [
                            120.940168480000011,
                            24.729120237000075
                        ],
                        [
                            120.940099171000043,
                            24.729165860000023
                        ],
                        [
                            120.940046220000113,
                            24.729206954000063
                        ],
                        [
                            120.93993401900002,
                            24.729291420000038
                        ],
                        [
                            120.939760020000108,
                            24.729429570000036
                        ],
                        [
                            120.93967934300008,
                            24.729488918000072
                        ],
                        [
                            120.93957479900007,
                            24.729547031000038
                        ],
                        [
                            120.939384671000084,
                            24.729636934000041
                        ],
                        [
                            120.939204724000092,
                            24.729698211000027
                        ],
                        [
                            120.939111635000017,
                            24.72972310800003
                        ],
                        [
                            120.938953145000028,
                            24.729761507000035
                        ],
                        [
                            120.938760717000036,
                            24.729803249000042
                        ],
                        [
                            120.938557082000102,
                            24.729821990000062
                        ],
                        [
                            120.938452816000108,
                            24.729817007000065
                        ],
                        [
                            120.938403859000118,
                            24.729806515000064
                        ],
                        [
                            120.938234546000103,
                            24.729734765000046
                        ],
                        [
                            120.938106898000115,
                            24.729617303000055
                        ],
                        [
                            120.938069400000018,
                            24.729572425000072
                        ],
                        [
                            120.938030799000103,
                            24.729491989000053
                        ],
                        [
                            120.938012263000019,
                            24.729420807000054
                        ],
                        [
                            120.93805662200009,
                            24.729333799000074
                        ],
                        [
                            120.938133545000028,
                            24.729270991000078
                        ],
                        [
                            120.93826075700008,
                            24.729201495000041
                        ],
                        [
                            120.938326207000046,
                            24.729176503000076
                        ],
                        [
                            120.938420706000102,
                            24.729116067000064
                        ],
                        [
                            120.938474924000047,
                            24.729073826000047
                        ],
                        [
                            120.938576121000096,
                            24.728920497000047
                        ],
                        [
                            120.938652236000053,
                            24.728755619000026
                        ],
                        [
                            120.938713255000039,
                            24.728595259000031
                        ],
                        [
                            120.938773158000117,
                            24.728402773000028
                        ],
                        [
                            120.93884825300006,
                            24.728183974000046
                        ],
                        [
                            120.938886509000099,
                            24.728056792000075
                        ],
                        [
                            120.938923454000019,
                            24.72794222300007
                        ],
                        [
                            120.938952914000083,
                            24.727815021000026
                        ],
                        [
                            120.93894092000005,
                            24.727684217000046
                        ],
                        [
                            120.938887117000036,
                            24.727633543000024
                        ],
                        [
                            120.938761496000097,
                            24.727627344000041
                        ],
                        [
                            120.938649739000084,
                            24.727612021000027
                        ],
                        [
                            120.938495246000116,
                            24.727599984000051
                        ],
                        [
                            120.938304411000104,
                            24.727566014000047
                        ],
                        [
                            120.938138796000089,
                            24.727511483000058
                        ],
                        [
                            120.937978343000054,
                            24.72742601300007
                        ],
                        [
                            120.937876870000082,
                            24.727357966000056
                        ],
                        [
                            120.937830636000058,
                            24.727300435000075
                        ],
                        [
                            120.937829632000103,
                            24.727243084000065
                        ],
                        [
                            120.937867558000107,
                            24.727190462000067
                        ],
                        [
                            120.937928168000099,
                            24.727123005000067
                        ],
                        [
                            120.938064184000041,
                            24.727051248000066
                        ],
                        [
                            120.938201444000015,
                            24.72698179300005
                        ],
                        [
                            120.938370132000045,
                            24.726909009000053
                        ],
                        [
                            120.938559036000015,
                            24.72681106400006
                        ],
                        [
                            120.938698995000095,
                            24.726699175000078
                        ],
                        [
                            120.938839435000091,
                            24.726478326000063
                        ],
                        [
                            120.938926773000048,
                            24.726332973000069
                        ],
                        [
                            120.938991599000019,
                            24.726163449000069
                        ],
                        [
                            120.939050053000074,
                            24.726014561000056
                        ],
                        [
                            120.939121174000093,
                            24.725841617000071
                        ],
                        [
                            120.939177142000062,
                            24.725686969000037
                        ],
                        [
                            120.939235532000112,
                            24.725551842000073
                        ],
                        [
                            120.93927381900005,
                            24.725417782000022
                        ],
                        [
                            120.939258018000032,
                            24.725296140000069
                        ],
                        [
                            120.939184261000037,
                            24.725210997000033
                        ],
                        [
                            120.939084001000083,
                            24.725153270000078
                        ],
                        [
                            120.938972328000091,
                            24.725118445000078
                        ],
                        [
                            120.938838205000025,
                            24.725046838000026
                        ],
                        [
                            120.938704139000038,
                            24.724961453000049
                        ],
                        [
                            120.938646725000012,
                            24.724875224000073
                        ],
                        [
                            120.93864583800007,
                            24.724791499000048
                        ],
                        [
                            120.938675422000074,
                            24.724635594000063
                        ],
                        [
                            120.938717577000034,
                            24.724478610000062
                        ],
                        [
                            120.93877735,
                            24.724314808000031
                        ],
                        [
                            120.938823220000017,
                            24.724170448000052
                        ],
                        [
                            120.938838977000046,
                            24.724015664000035
                        ],
                        [
                            120.938831935000053,
                            24.72390322800004
                        ],
                        [
                            120.938832769000101,
                            24.723713968000027
                        ],
                        [
                            120.938833404000093,
                            24.723569453000039
                        ],
                        [
                            120.938848956000015,
                            24.723461683000039
                        ],
                        [
                            120.938853053000116,
                            24.723387144000071
                        ],
                        [
                            120.938865984000017,
                            24.723303461000057
                        ],
                        [
                            120.938880184000027,
                            24.723254634000057
                        ],
                        [
                            120.938890893,
                            24.723222255000053
                        ],
                        [
                            120.938911897000025,
                            24.723171837000052
                        ],
                        [
                            120.938995034000072,
                            24.723037671000043
                        ],
                        [
                            120.939022427000054,
                            24.723006569000063
                        ],
                        [
                            120.939055995000103,
                            24.722960519000026
                        ],
                        [
                            120.939104461000056,
                            24.722891469000047
                        ],
                        [
                            120.939112774000023,
                            24.722824957000057
                        ],
                        [
                            120.939098432000037,
                            24.722750555000061
                        ],
                        [
                            120.939076700000101,
                            24.722695687000055
                        ],
                        [
                            120.939027094000039,
                            24.722605470000076
                        ],
                        [
                            120.938956258000076,
                            24.722530284000072
                        ],
                        [
                            120.938870382000118,
                            24.722458617000029
                        ],
                        [
                            120.938816149000104,
                            24.722423426000034
                        ],
                        [
                            120.938760648000084,
                            24.722385952000025
                        ],
                        [
                            120.938703855000085,
                            24.722343901000045
                        ],
                        [
                            120.938631892000103,
                            24.722287044000041
                        ],
                        [
                            120.938577506000115,
                            24.722230086000025
                        ],
                        [
                            120.938491426000041,
                            24.722129777000077
                        ],
                        [
                            120.938442046000091,
                            24.722070484000028
                        ],
                        [
                            120.938410231000034,
                            24.722009951000075
                        ],
                        [
                            120.938359059000049,
                            24.721876203000079
                        ],
                        [
                            120.938330732000054,
                            24.721776678000026
                        ],
                        [
                            120.938312674000031,
                            24.721709181000051
                        ],
                        [
                            120.938291831000015,
                            24.721602741000027
                        ],
                        [
                            120.938279545000114,
                            24.721464162000075
                        ],
                        [
                            120.938285240000027,
                            24.721382771000037
                        ],
                        [
                            120.938292355000044,
                            24.721324285000037
                        ],
                        [
                            120.938318079000055,
                            24.72123474600005
                        ],
                        [
                            120.938353866000057,
                            24.721148583000058
                        ],
                        [
                            120.938408424000045,
                            24.721053145000042
                        ],
                        [
                            120.938502965000112,
                            24.720932254000047
                        ],
                        [
                            120.93855907000011,
                            24.72087805700005
                        ],
                        [
                            120.938641345000065,
                            24.720797332000075
                        ],
                        [
                            120.938708503000043,
                            24.720708687000069
                        ],
                        [
                            120.938748050000072,
                            24.720621358000074
                        ],
                        [
                            120.93879129700008,
                            24.720524832000024
                        ],
                        [
                            120.938841988000036,
                            24.720415659000025
                        ],
                        [
                            120.938841513000057,
                            24.720349207000027
                        ],
                        [
                            120.93881839300002,
                            24.720276002000048
                        ],
                        [
                            120.938781632000087,
                            24.720225814000059
                        ],
                        [
                            120.938747331000059,
                            24.720168730000069
                        ],
                        [
                            120.9387155390001,
                            24.720111618000033
                        ],
                        [
                            120.938658499000098,
                            24.720034056000031
                        ],
                        [
                            120.93860134900001,
                            24.719941587000051
                        ],
                        [
                            120.938573163000115,
                            24.719861554000033
                        ],
                        [
                            120.938572772000043,
                            24.719806551000033
                        ],
                        [
                            120.938581166000063,
                            24.719751496000072
                        ],
                        [
                            120.93861839200008,
                            24.719690550000053
                        ],
                        [
                            120.938669392000065,
                            24.719624904000057
                        ],
                        [
                            120.938699128000053,
                            24.719569725000042
                        ],
                        [
                            120.938727516000085,
                            24.719501938000064
                        ],
                        [
                            120.938745963000088,
                            24.719447973000058
                        ],
                        [
                            120.93875403100003,
                            24.719347079000045
                        ],
                        [
                            120.938753305000091,
                            24.719245107000063
                        ],
                        [
                            120.938728802000014,
                            24.719153573000028
                        ],
                        [
                            120.938717121000082,
                            24.719099792000065
                        ],
                        [
                            120.938685105000104,
                            24.719010603000072
                        ],
                        [
                            120.938656843000103,
                            24.718920258000026
                        ],
                        [
                            120.938603625000042,
                            24.718850688000032
                        ],
                        [
                            120.938551702000041,
                            24.718786815000044
                        ],
                        [
                            120.938494937000087,
                            24.718748221000055
                        ],
                        [
                            120.938422874000025,
                            24.718676477000031
                        ],
                        [
                            120.938340758000095,
                            24.718603634000033
                        ],
                        [
                            120.938265989000115,
                            24.718504405000033
                        ],
                        [
                            120.9382025970001,
                            24.718416564000051
                        ],
                        [
                            120.93816300900005,
                            24.718321692000075
                        ],
                        [
                            120.938159761000065,
                            24.718218583000066
                        ],
                        [
                            120.938163048000092,
                            24.718150949000062
                        ],
                        [
                            120.938167564000082,
                            24.718079878000026
                        ],
                        [
                            120.938175960000081,
                            24.718024822000075
                        ],
                        [
                            120.93819320700004,
                            24.717978881000079
                        ],
                        [
                            120.938234206000061,
                            24.717919039000037
                        ],
                        [
                            120.938294735000113,
                            24.717781169000034
                        ],
                        [
                            120.938326742000072,
                            24.71769273600006
                        ],
                        [
                            120.938362566000023,
                            24.717611158000068
                        ],
                        [
                            120.938374817000067,
                            24.717568682000035
                        ],
                        [
                            120.938410687000101,
                            24.717493984000043
                        ],
                        [
                            120.938461241000027,
                            24.717365328000028
                        ],
                        [
                            120.938506991000054,
                            24.717267655000057
                        ],
                        [
                            120.93853045000003,
                            24.717212498000038
                        ],
                        [
                            120.938537615000087,
                            24.717160892000038
                        ],
                        [
                            120.93854465600009,
                            24.717092097000034
                        ],
                        [
                            120.938567738000074,
                            24.716984239000055
                        ],
                        [
                            120.938592084000106,
                            24.716877521000072
                        ],
                        [
                            120.938605294000013,
                            24.716793794000068
                        ],
                        [
                            120.938621067000099,
                            24.716716920000067
                        ],
                        [
                            120.938633301000095,
                            24.716672151000068
                        ],
                        [
                            120.938626593000095,
                            24.716611467000064
                        ],
                        [
                            120.938576001000115,
                            24.716557925000075
                        ],
                        [
                            120.938505519000046,
                            24.71653199900004
                        ],
                        [
                            120.938426120000031,
                            24.716487796000024
                        ],
                        [
                            120.938310125000044,
                            24.716416314000071
                        ],
                        [
                            120.938159951000102,
                            24.716304928000056
                        ],
                        [
                            120.938057640000011,
                            24.716216178000025
                        ],
                        [
                            120.937991978000014,
                            24.716161581000051
                        ],
                        [
                            120.937868298000012,
                            24.716068370000073
                        ],
                        [
                            120.937720473000013,
                            24.71593407000006
                        ],
                        [
                            120.937662234000072,
                            24.715864522000061
                        ],
                        [
                            120.937480323000045,
                            24.715702923000038
                        ],
                        [
                            120.937415884000075,
                            24.715643729000078
                        ],
                        [
                            120.937329850000083,
                            24.715549143000032
                        ],
                        [
                            120.937154208000038,
                            24.715386355000078
                        ],
                        [
                            120.93710369300004,
                            24.715343130000065
                        ],
                        [
                            120.937050540000087,
                            24.715282725000066
                        ],
                        [
                            120.936861056000112,
                            24.715115431000072
                        ],
                        [
                            120.936802757,
                            24.715036719000068
                        ],
                        [
                            120.936753477000025,
                            24.714991185000031
                        ],
                        [
                            120.936706797000056,
                            24.714958238000065
                        ],
                        [
                            120.93649394900001,
                            24.714858714000059
                        ],
                        [
                            120.936422181000012,
                            24.714828202000035
                        ],
                        [
                            120.936374344000114,
                            24.714809013000036
                        ],
                        [
                            120.936330224000017,
                            24.714782929000023
                        ],
                        [
                            120.936163135000015,
                            24.714763327000071
                        ],
                        [
                            120.936082507000037,
                            24.714722574000064
                        ],
                        [
                            120.936033300000076,
                            24.71468734900003
                        ],
                        [
                            120.936014068000077,
                            24.714630172000057
                        ],
                        [
                            120.936004800000092,
                            24.714562623000063
                        ],
                        [
                            120.936020718,
                            24.714506372000073
                        ],
                        [
                            120.936065380000059,
                            24.714431624000042
                        ],
                        [
                            120.936113771,
                            24.714352255000051
                        ],
                        [
                            120.936145991000103,
                            24.714293617000067
                        ],
                        [
                            120.936173304000022,
                            24.714251058000059
                        ],
                        [
                            120.936162890000105,
                            24.714198398000065
                        ],
                        [
                            120.936137110000118,
                            24.714103450000039
                        ],
                        [
                            120.936098475000108,
                            24.713966195000069
                        ],
                        [
                            120.936073757000031,
                            24.713843720000057
                        ],
                        [
                            120.936026254000012,
                            24.713695041000051
                        ],
                        [
                            120.936009477000084,
                            24.713629836000052
                        ],
                        [
                            120.935972659000072,
                            24.713571622000075
                        ],
                        [
                            120.935933398000088,
                            24.71352256800003
                        ],
                        [
                            120.935909178000088,
                            24.713470019000056
                        ],
                        [
                            120.935840639000048,
                            24.713363876000074
                        ],
                        [
                            120.935792200000037,
                            24.713259889000028
                        ],
                        [
                            120.935755207000057,
                            24.71317646500006
                        ],
                        [
                            120.935725962000106,
                            24.713123941000049
                        ],
                        [
                            120.935681534000082,
                            24.713054302000046
                        ],
                        [
                            120.935625566000112,
                            24.712950375000048
                        ],
                        [
                            120.935569466000061,
                            24.712828100000024
                        ],
                        [
                            120.935552778000101,
                            24.712775492000048
                        ],
                        [
                            120.935515912000028,
                            24.712710406000042
                        ],
                        [
                            120.935493656000062,
                            24.712665045000051
                        ],
                        [
                            120.935428474000105,
                            24.712594060000072
                        ],
                        [
                            120.935406638000018,
                            24.712700762000054
                        ],
                        [
                            120.93520727300006,
                            24.712909392000029
                        ],
                        [
                            120.93513491300007,
                            24.71297170400004
                        ],
                        [
                            120.935027209000054,
                            24.713006742000061
                        ],
                        [
                            120.934925734000103,
                            24.71303486100004
                        ],
                        [
                            120.93485302800002,
                            24.713049057000035
                        ],
                        [
                            120.934780224000065,
                            24.713049505000072
                        ],
                        [
                            120.934691117000057,
                            24.713051198000073
                        ],
                        [
                            120.934615868000037,
                            24.713060817000041
                        ],
                        [
                            120.934544460000097,
                            24.713080739000077
                        ],
                        [
                            120.934441728000024,
                            24.713108864000048
                        ],
                        [
                            120.934298782000042,
                            24.713130362000072
                        ],
                        [
                            120.934268726000028,
                            24.713140859000077
                        ],
                        [
                            120.934173577000024,
                            24.71317582100005
                        ],
                        [
                            120.934082030000013,
                            24.713187833000063
                        ],
                        [
                            120.934007913000073,
                            24.713180271000056
                        ],
                        [
                            120.933928829000024,
                            24.713179604000061
                        ],
                        [
                            120.9338333930001,
                            24.713174460000062
                        ],
                        [
                            120.933756738000056,
                            24.713162318000059
                        ],
                        [
                            120.933672695000041,
                            24.713170858000069
                        ],
                        [
                            120.933587364000118,
                            24.713174812000034
                        ],
                        [
                            120.933498327000052,
                            24.713186816000075
                        ],
                        [
                            120.933288096000069,
                            24.713220791000026
                        ],
                        [
                            120.933155395000085,
                            24.71324856800004
                        ],
                        [
                            120.933044034000091,
                            24.713286098000026
                        ],
                        [
                            120.932902123000076,
                            24.713384864000034
                        ],
                        [
                            120.932820822000053,
                            24.713474450000035
                        ],
                        [
                            120.932712087000027,
                            24.713573707000023
                        ],
                        [
                            120.93262702800007,
                            24.713639562000026
                        ],
                        [
                            120.932514410000067,
                            24.713720471000045
                        ],
                        [
                            120.932362736000073,
                            24.713786657000071
                        ],
                        [
                            120.932276380000076,
                            24.713846775000036
                        ],
                        [
                            120.93209223000008,
                            24.713945275000071
                        ],
                        [
                            120.931938210000112,
                            24.714039015000026
                        ],
                        [
                            120.931772981000108,
                            24.714148891000036
                        ],
                        [
                            120.931582649,
                            24.714264626000045
                        ],
                        [
                            120.931453822000094,
                            24.714367433000064
                        ],
                        [
                            120.931251228000065,
                            24.714532574000032
                        ],
                        [
                            120.931141247000028,
                            24.714634133000061
                        ],
                        [
                            120.930992499000013,
                            24.714766868000027
                        ],
                        [
                            120.930901359000018,
                            24.714866024000059
                        ],
                        [
                            120.930755481,
                            24.715057284000068
                        ],
                        [
                            120.930688420000024,
                            24.715188460000036
                        ],
                        [
                            120.930651373000046,
                            24.715295379000054
                        ],
                        [
                            120.930589781000094,
                            24.715497675000051
                        ],
                        [
                            120.930550516000039,
                            24.715652809000062
                        ],
                        [
                            120.930524899000034,
                            24.715778034000039
                        ],
                        [
                            120.930486302000077,
                            24.716041042000029
                        ],
                        [
                            120.930455997000081,
                            24.716221376000078
                        ],
                        [
                            120.930394594000063,
                            24.716454659000078
                        ],
                        [
                            120.930357549000064,
                            24.716561570000067
                        ],
                        [
                            120.930307607000032,
                            24.716615773000058
                        ],
                        [
                            120.930242355000019,
                            24.716633321000074
                        ],
                        [
                            120.930188249000025,
                            24.716624421000063
                        ],
                        [
                            120.930089893000059,
                            24.716573281000024
                        ],
                        [
                            120.929964870000049,
                            24.716478657000039
                        ],
                        [
                            120.929834603000018,
                            24.71634849000003
                        ],
                        [
                            120.929739853000115,
                            24.716270933000033
                        ],
                        [
                            120.929627280000091,
                            24.716156739000041
                        ],
                        [
                            120.929515880000054,
                            24.716028777000076
                        ],
                        [
                            120.929415770000105,
                            24.715897308000024
                        ],
                        [
                            120.929333469000085,
                            24.715800182000066
                        ],
                        [
                            120.929238417000079,
                            24.715673274000039
                        ],
                        [
                            120.929186571000059,
                            24.715623040000025
                        ],
                        [
                            120.929122047000078,
                            24.715554519000023
                        ],
                        [
                            120.929073930000072,
                            24.715497378000066
                        ],
                        [
                            120.92893484700005,
                            24.715363815000046
                        ],
                        [
                            120.928838834000089,
                            24.715285110000025
                        ],
                        [
                            120.928781091000019,
                            24.715296883000065
                        ],
                        [
                            120.928689483000085,
                            24.715320296000073
                        ],
                        [
                            120.928613084000062,
                            24.715364302000069
                        ],
                        [
                            120.928480274000094,
                            24.715432687000032
                        ],
                        [
                            120.928355138000029,
                            24.715522840000062
                        ],
                        [
                            120.928257628000097,
                            24.715608251000049
                        ],
                        [
                            120.928178976000027,
                            24.715694727000027
                        ],
                        [
                            120.928103897000028,
                            24.715749052000035
                        ],
                        [
                            120.928042360000063,
                            24.715757402000065
                        ],
                        [
                            120.927944034,
                            24.715710838000064
                        ],
                        [
                            120.927847917,
                            24.715614932000051
                        ],
                        [
                            120.927753021000058,
                            24.715513268000052
                        ],
                        [
                            120.927541815000041,
                            24.715302029000043
                        ],
                        [
                            120.92733251300001,
                            24.71519521700003
                        ],
                        [
                            120.927182580000022,
                            24.715136302000076
                        ],
                        [
                            120.9270465190001,
                            24.715085351000027
                        ],
                        [
                            120.926889164000045,
                            24.715045990000078
                        ],
                        [
                            120.926729452000018,
                            24.715031863000036
                        ],
                        [
                            120.926597542000081,
                            24.715041721000034
                        ],
                        [
                            120.926513683000053,
                            24.715099536000025
                        ],
                        [
                            120.926433674,
                            24.715169939000077
                        ],
                        [
                            120.926340977000109,
                            24.715220905000024
                        ],
                        [
                            120.926245251000068,
                            24.715188112000078
                        ],
                        [
                            120.926126738000107,
                            24.71512903100006
                        ],
                        [
                            120.926027157000021,
                            24.71508248400005
                        ],
                        [
                            120.925862586000108,
                            24.71509594500003
                        ],
                        [
                            120.92572463700003,
                            24.715145996000047
                        ],
                        [
                            120.925571804000015,
                            24.715229390000047
                        ],
                        [
                            120.92549417400005,
                            24.71527799100005
                        ],
                        [
                            120.925387860000114,
                            24.715362310000046
                        ],
                        [
                            120.92523622300007,
                            24.715435377000063
                        ],
                        [
                            120.925115652000045,
                            24.715450910000072
                        ],
                        [
                            120.924965819000022,
                            24.715408056000058
                        ],
                        [
                            120.924786794000056,
                            24.715319439000041
                        ],
                        [
                            120.924608893000027,
                            24.715209017000063
                        ],
                        [
                            120.924517997000066,
                            24.715144074000023
                        ],
                        [
                            120.924318602000085,
                            24.715013100000078
                        ],
                        [
                            120.924207288000048,
                            24.714897747000066
                        ],
                        [
                            120.924073207000106,
                            24.714759566000055
                        ],
                        [
                            120.923936693000087,
                            24.714634015000058
                        ],
                        [
                            120.923872179000114,
                            24.714566628000057
                        ],
                        [
                            120.923643324000068,
                            24.71455056700006
                        ],
                        [
                            120.9234234810001,
                            24.714568891000056
                        ],
                        [
                            120.923208706000082,
                            24.714594079000051
                        ],
                        [
                            120.9230881310001,
                            24.714608463000047
                        ],
                        [
                            120.922916358000066,
                            24.714677039000037
                        ],
                        [
                            120.922733348000065,
                            24.714758291000066
                        ],
                        [
                            120.92262051900002,
                            24.714805924000075
                        ],
                        [
                            120.922424071000023,
                            24.714950362000025
                        ],
                        [
                            120.922242859000107,
                            24.715119982000033
                        ],
                        [
                            120.922146952000048,
                            24.715211177000072
                        ],
                        [
                            120.922075409000058,
                            24.715279207000037
                        ],
                        [
                            120.921966931000043,
                            24.715422058000058
                        ],
                        [
                            120.921933692000039,
                            24.715535838000051
                        ],
                        [
                            120.921937974000116,
                            24.715619591000063
                        ],
                        [
                            120.921983011000066,
                            24.715790366000078
                        ],
                        [
                            120.922002657,
                            24.715919948000078
                        ],
                        [
                            120.922007038000061,
                            24.716019772000038
                        ],
                        [
                            120.921970954000017,
                            24.716079631000071
                        ],
                        [
                            120.921898168000098,
                            24.716098364000061
                        ],
                        [
                            120.921810116000074,
                            24.716087329000061
                        ],
                        [
                            120.921668918000023,
                            24.716018033000068
                        ],
                        [
                            120.921495001000039,
                            24.715942020000057
                        ],
                        [
                            120.921351555000115,
                            24.715916347000075
                        ],
                        [
                            120.921199497000089,
                            24.715920554000036
                        ],
                        [
                            120.921130737000112,
                            24.715981725000063
                        ],
                        [
                            120.921073478000039,
                            24.716072678000046
                        ],
                        [
                            120.921050155000103,
                            24.716164604000028
                        ],
                        [
                            120.921022070000049,
                            24.716299019000076
                        ],
                        [
                            120.921021621000023,
                            24.716430999000067
                        ],
                        [
                            120.920994620000101,
                            24.716537868000046
                        ],
                        [
                            120.920927143000085,
                            24.716602478000027
                        ],
                        [
                            120.920815649000019,
                            24.71666386000004
                        ],
                        [
                            120.920586055000058,
                            24.716732727000078
                        ],
                        [
                            120.920393971000067,
                            24.716769273000068
                        ],
                        [
                            120.920161756000084,
                            24.716820937000023
                        ],
                        [
                            120.919912027,
                            24.716886459000023
                        ],
                        [
                            120.919748872000014,
                            24.716926298000033
                        ],
                        [
                            120.919606969000029,
                            24.716947664000031
                        ],
                        [
                            120.919424716000094,
                            24.716947440000069
                        ],
                        [
                            120.919330358000025,
                            24.716932988000053
                        ],
                        [
                            120.919252158000063,
                            24.716888614000027
                        ],
                        [
                            120.919132345000094,
                            24.716821520000053
                        ],
                        [
                            120.919002367000076,
                            24.716737239000054
                        ],
                        [
                            120.918857434000074,
                            24.716673697000033
                        ],
                        [
                            120.918730133000054,
                            24.716615808000029
                        ],
                        [
                            120.918619229000115,
                            24.71656702000007
                        ],
                        [
                            120.918387329000097,
                            24.716463748000024
                        ],
                        [
                            120.918310455000096,
                            24.716430851000041
                        ],
                        [
                            120.9182058990001,
                            24.716392358000064
                        ],
                        [
                            120.918049557000018,
                            24.716312801000072
                        ],
                        [
                            120.917842905000043,
                            24.71622777400006
                        ],
                        [
                            120.917690760000028,
                            24.716218199000025
                        ],
                        [
                            120.917552618000059,
                            24.716237255000067
                        ],
                        [
                            120.917413285000066,
                            24.716267787000049
                        ],
                        [
                            120.917261525000072,
                            24.716321342000072
                        ],
                        [
                            120.917093357000113,
                            24.716363495000053
                        ],
                        [
                            120.916920312000116,
                            24.716430923000075
                        ],
                        [
                            120.916709576000017,
                            24.716500843000063
                        ],
                        [
                            120.916526310000108,
                            24.716540774000066
                        ],
                        [
                            120.91636685900005,
                            24.716570261000072
                        ],
                        [
                            120.916135869000072,
                            24.716616179000027
                        ],
                        [
                            120.915947546000098,
                            24.716651539000054
                        ],
                        [
                            120.915723980000053,
                            24.716679056000032
                        ],
                        [
                            120.9155443410001,
                            24.716694874000041
                        ],
                        [
                            120.915379773000041,
                            24.716709470000069
                        ],
                        [
                            120.915245432,
                            24.716734233000068
                        ],
                        [
                            120.915064595000104,
                            24.716760394000062
                        ],
                        [
                            120.914904028000024,
                            24.716812832000073
                        ],
                        [
                            120.914795133000098,
                            24.716887971000062
                        ],
                        [
                            120.914683867,
                            24.716987222000057
                        ],
                        [
                            120.914572597000074,
                            24.717085328000053
                        ],
                        [
                            120.914453714000047,
                            24.717171989000065
                        ],
                        [
                            120.914366100000052,
                            24.717233254000064
                        ],
                        [
                            120.914261857000042,
                            24.717246394000028
                        ],
                        [
                            120.914095996000015,
                            24.717255255000055
                        ],
                        [
                            120.913972773000069,
                            24.717247834000034
                        ],
                        [
                            120.913824545000011,
                            24.717262341000037
                        ],
                        [
                            120.913749222000092,
                            24.717277636000063
                        ],
                        [
                            120.913727690000087,
                            24.717292101000055
                        ],
                        [
                            120.913666603000024,
                            24.717333133000068
                        ],
                        [
                            120.913640521000048,
                            24.717384915000025
                        ],
                        [
                            120.913658553000118,
                            24.717457129000024
                        ],
                        [
                            120.91371928,
                            24.717522235000047
                        ],
                        [
                            120.913812657000108,
                            24.717582582000034
                        ],
                        [
                            120.913929996000093,
                            24.717656604000069
                        ],
                        [
                            120.914061304000029,
                            24.717753512000058
                        ],
                        [
                            120.914150849000066,
                            24.717803557000025
                        ],
                        [
                            120.914220332000014,
                            24.717861732000074
                        ],
                        [
                            120.914291156000104,
                            24.717933688000073
                        ],
                        [
                            120.91434696500005,
                            24.71801718100005
                        ],
                        [
                            120.914385668000023,
                            24.718181102000074
                        ],
                        [
                            120.914392473000021,
                            24.718267140000023
                        ],
                        [
                            120.91437789500003,
                            24.718350989000044
                        ],
                        [
                            120.914363535,
                            24.718470416000059
                        ],
                        [
                            120.914322585000036,
                            24.718557834000023
                        ],
                        [
                            120.914277767000044,
                            24.718629218000046
                        ],
                        [
                            120.914264177000064,
                            24.718668295000043
                        ],
                        [
                            120.914274574000046,
                            24.718724486000042
                        ],
                        [
                            120.914290081000104,
                            24.718794406000029
                        ],
                        [
                            120.914333343000067,
                            24.718881411000041
                        ],
                        [
                            120.914379154000017,
                            24.718974154000023
                        ],
                        [
                            120.914462874000037,
                            24.719099963000076
                        ],
                        [
                            120.91450084600001,
                            24.719143387000031
                        ],
                        [
                            120.914571691000106,
                            24.719218782000041
                        ],
                        [
                            120.914628544000038,
                            24.719266692000076
                        ],
                        [
                            120.914705694000077,
                            24.719345494000038
                        ],
                        [
                            120.914815606000047,
                            24.719437912000046
                        ],
                        [
                            120.914907846,
                            24.719517789000065
                        ],
                        [
                            120.915011497000023,
                            24.719613670000058
                        ],
                        [
                            120.915136612000083,
                            24.719725507000078
                        ],
                        [
                            120.91522115600003,
                            24.719780179000054
                        ],
                        [
                            120.915295755000102,
                            24.719852098000047
                        ],
                        [
                            120.915368998000076,
                            24.719907973000034
                        ],
                        [
                            120.915429565000068,
                            24.71994668800005
                        ],
                        [
                            120.915510313000027,
                            24.719996780000031
                        ],
                        [
                            120.915589784000076,
                            24.72004344000004
                        ],
                        [
                            120.91565558800005,
                            24.72011655600005
                        ],
                        [
                            120.915706240000077,
                            24.720178277000059
                        ],
                        [
                            120.915759428000115,
                            24.720243432000075
                        ],
                        [
                            120.915823955000064,
                            24.720313108000028
                        ],
                        [
                            120.915936750000014,
                            24.720465188000048
                        ],
                        [
                            120.916011254000068,
                            24.720522193000079
                        ],
                        [
                            120.916036660000032,
                            24.720565670000042
                        ],
                        [
                            120.916077244,
                            24.720625138000059
                        ],
                        [
                            120.916116738000028,
                            24.720712171000059
                        ],
                        [
                            120.916156115000035,
                            24.720779682000057
                        ],
                        [
                            120.916191791000074,
                            24.720858686000042
                        ],
                        [
                            120.916228787000023,
                            24.720948028000066
                        ],
                        [
                            120.91625190700006,
                            24.721029391000059
                        ],
                        [
                            120.916275201000076,
                            24.721139445000063
                        ],
                        [
                            120.916288253000062,
                            24.72121856900003
                        ],
                        [
                            120.916289985000049,
                            24.721296598000038
                        ],
                        [
                            120.916300543000034,
                            24.721379181000032
                        ],
                        [
                            120.916280103000076,
                            24.721531918000039
                        ],
                        [
                            120.916221777000032,
                            24.721655001000045
                        ],
                        [
                            120.916158356000096,
                            24.721767797000041
                        ],
                        [
                            120.916071072000022,
                            24.721882981000078
                        ],
                        [
                            120.915964902000042,
                            24.721993685000029
                        ],
                        [
                            120.915879956000026,
                            24.722080179000045
                        ],
                        [
                            120.915812382000013,
                            24.72212987000006
                        ],
                        [
                            120.915732370000114,
                            24.72220141400004
                        ],
                        [
                            120.915649866000081,
                            24.722276423000039
                        ],
                        [
                            120.915532400000075,
                            24.722389469000063
                        ],
                        [
                            120.915414801000111,
                            24.722480719000032
                        ],
                        [
                            120.91533473700008,
                            24.722544252000034
                        ],
                        [
                            120.915252156000065,
                            24.722606639000048
                        ],
                        [
                            120.915137126000104,
                            24.722707055000058
                        ],
                        [
                            120.915040846000011,
                            24.722790155000041
                        ],
                        [
                            120.914953250000053,
                            24.722854860000041
                        ],
                        [
                            120.914873163000038,
                            24.722913791000053
                        ],
                        [
                            120.914789761000065,
                            24.722995285000025
                        ],
                        [
                            120.914737101000014,
                            24.723084792000066
                        ],
                        [
                            120.914692443000035,
                            24.723198656000022
                        ],
                        [
                            120.914662045000114,
                            24.723263251000049
                        ],
                        [
                            120.914615174000119,
                            24.723351364000052
                        ],
                        [
                            120.914536573000078,
                            24.723439340000027
                        ],
                        [
                            120.91443154600006,
                            24.723531761000061
                        ],
                        [
                            120.914310058000069,
                            24.723640153000076
                        ],
                        [
                            120.914234196000052,
                            24.723699446000069
                        ],
                        [
                            120.914152057000024,
                            24.723757544000023
                        ],
                        [
                            120.914047202,
                            24.72382813400003
                        ],
                        [
                            120.914000329000032,
                            24.723876103000066
                        ],
                        [
                            120.91390126500005,
                            24.724009907000038
                        ],
                        [
                            120.913852922000046,
                            24.724085430000059
                        ],
                        [
                            120.913796707000074,
                            24.724203412000065
                        ],
                        [
                            120.913755601000048,
                            24.724318034000078
                        ],
                        [
                            120.913752405000082,
                            24.724405314000023
                        ],
                        [
                            120.913739471000099,
                            24.724614303000067
                        ],
                        [
                            120.913738461000094,
                            24.724744089000069
                        ],
                        [
                            120.913737701000059,
                            24.724841727000069
                        ],
                        [
                            120.913741475000052,
                            24.725002557000039
                        ],
                        [
                            120.913764430000015,
                            24.725121010000066
                        ],
                        [
                            120.913801902000046,
                            24.725311907000048
                        ],
                        [
                            120.913831291000065,
                            24.725410879000037
                        ],
                        [
                            120.913870468000027,
                            24.725544355000068
                        ],
                        [
                            120.913915982000049,
                            24.725670973000035
                        ],
                        [
                            120.913955337000061,
                            24.725781480000023
                        ],
                        [
                            120.913985831000105,
                            24.725899972000036
                        ],
                        [
                            120.913986249000118,
                            24.726007958000025
                        ],
                        [
                            120.913980226000035,
                            24.726135421000038
                        ],
                        [
                            120.913969877000113,
                            24.726335229000028
                        ],
                        [
                            120.913968966000084,
                            24.726452385000073
                        ],
                        [
                            120.913983138000049,
                            24.726568495000038
                        ],
                        [
                            120.914033617000086,
                            24.726703179000026
                        ],
                        [
                            120.914106538000055,
                            24.726860988000055
                        ],
                        [
                            120.914154759000098,
                            24.726962354000023
                        ],
                        [
                            120.914181638000059,
                            24.727061307000042
                        ],
                        [
                            120.914064561000032,
                            24.72708702500006
                        ],
                        [
                            120.913952626000082,
                            24.727097839000066
                        ],
                        [
                            120.913852074000033,
                            24.727099542000076
                        ],
                        [
                            120.913733704000038,
                            24.727129856000033
                        ],
                        [
                            120.913674432000107,
                            24.727155923000055
                        ],
                        [
                            120.913651589000096,
                            24.727184505000025
                        ],
                        [
                            120.913652460000094,
                            24.727233902000023
                        ],
                        [
                            120.913678423000079,
                            24.727289180000071
                        ],
                        [
                            120.913714473000027,
                            24.727339953000069
                        ],
                        [
                            120.91375924700003,
                            24.727399945000059
                        ],
                        [
                            120.913785209000025,
                            24.727455236000026
                        ],
                        [
                            120.913793100000021,
                            24.727571305000026
                        ],
                        [
                            120.913781309000115,
                            24.727633261000051
                        ],
                        [
                            120.913732660000051,
                            24.727747835000059
                        ],
                        [
                            120.913690294000048,
                            24.727862448000053
                        ],
                        [
                            120.913632821000078,
                            24.727980430000059
                        ],
                        [
                            120.913559002000056,
                            24.728099449000069
                        ],
                        [
                            120.913465185000064,
                            24.728204570000059
                        ],
                        [
                            120.91341073500007,
                            24.728257075000045
                        ],
                        [
                            120.913361455000086,
                            24.728291247000072
                        ],
                        [
                            120.913269418000027,
                            24.728328610000062
                        ],
                        [
                            120.913189659000068,
                            24.728403942000057
                        ],
                        [
                            120.913145393000036,
                            24.728439302000027
                        ],
                        [
                            120.913086691000103,
                            24.728553806000036
                        ],
                        [
                            120.913063310000098,
                            24.728651312000068
                        ],
                        [
                            120.913055268000107,
                            24.728715592000071
                        ],
                        [
                            120.913049408,
                            24.728822379000064
                        ],
                        [
                            120.913022365000074,
                            24.728906069000061
                        ],
                        [
                            120.913012886000047,
                            24.728993316000071
                        ],
                        [
                            120.912984341000083,
                            24.729108010000061
                        ],
                        [
                            120.912949228000116,
                            24.729259420000062
                        ],
                        [
                            120.912944657000025,
                            24.729362777000063
                        ],
                        [
                            120.912948799000105,
                            24.729476513000066
                        ],
                        [
                            120.91294185400011,
                            24.729561480000029
                        ],
                        [
                            120.912932002000048,
                            24.729696968000042
                        ],
                        [
                            120.912907315000098,
                            24.729801344000066
                        ],
                        [
                            120.912888695000106,
                            24.729933333000076
                        ],
                        [
                            120.912857898000084,
                            24.730014699000037
                        ],
                        [
                            120.912878753000086,
                            24.730080306000048
                        ],
                        [
                            120.91286122200006,
                            24.730234118000055
                        ],
                        [
                            120.912825965000025,
                            24.730403909000074
                        ],
                        [
                            120.912773522000066,
                            24.730521929000076
                        ],
                        [
                            120.912743645000091,
                            24.730646940000042
                        ],
                        [
                            120.91270991500005,
                            24.730782278000049
                        ],
                        [
                            120.912663280000061,
                            24.730961193000041
                        ],
                        [
                            120.912623107000059,
                            24.731117177000044
                        ],
                        [
                            120.912555268,
                            24.731275284000048
                        ],
                        [
                            120.91247850700006,
                            24.731449420000047
                        ],
                        [
                            120.912404159000062,
                            24.731636208000054
                        ],
                        [
                            120.912399677000053,
                            24.731644940000024
                        ],
                        [
                            120.912299516000076,
                            24.731840059000035
                        ],
                        [
                            120.912192210000057,
                            24.732063403000041
                        ],
                        [
                            120.91206962900003,
                            24.732310781000024
                        ],
                        [
                            120.911981867,
                            24.732444651000037
                        ],
                        [
                            120.911886387000095,
                            24.732601461000058
                        ],
                        [
                            120.911750379000068,
                            24.732798215000059
                        ],
                        [
                            120.91161446000001,
                            24.732983484000044
                        ],
                        [
                            120.911463411000113,
                            24.733174416000054
                        ],
                        [
                            120.911247632000027,
                            24.73344651900004
                        ],
                        [
                            120.911110451000013,
                            24.733631770000045
                        ],
                        [
                            120.911019025000087,
                            24.73375184300005
                        ],
                        [
                            120.910854044000075,
                            24.733956472000045
                        ],
                        [
                            120.910682546000089,
                            24.734190916000045
                        ],
                        [
                            120.91053773100009,
                            24.734387629000025
                        ],
                        [
                            120.910374101000116,
                            24.734579633000067
                        ],
                        [
                            120.910228428000096,
                            24.734725792000063
                        ],
                        [
                            120.91005116000008,
                            24.734893584000076
                        ],
                        [
                            120.909884021000039,
                            24.735052245000077
                        ],
                        [
                            120.909747303000017,
                            24.735177787000055
                        ],
                        [
                            120.909560153000029,
                            24.735323706000031
                        ],
                        [
                            120.90940471600004,
                            24.735431873000039
                        ],
                        [
                            120.909030187000099,
                            24.735752436000041
                        ],
                        [
                            120.908848689000024,
                            24.735978782000075
                        ],
                        [
                            120.908672166000088,
                            24.736212050000063
                        ],
                        [
                            120.908576542000105,
                            24.736386073000062
                        ],
                        [
                            120.908512767000047,
                            24.736505158000057
                        ],
                        [
                            120.908487856000079,
                            24.736637088000066
                        ],
                        [
                            120.908450736000077,
                            24.736723038000036
                        ],
                        [
                            120.908424019000108,
                            24.736925038000038
                        ],
                        [
                            120.908383137000101,
                            24.737170613000046
                        ],
                        [
                            120.90837208500011,
                            24.737298046000035
                        ],
                        [
                            120.908398002000013,
                            24.737519880000036
                        ],
                        [
                            120.908431395000093,
                            24.737749816000075
                        ],
                        [
                            120.908459334000099,
                            24.737874041000055
                        ],
                        [
                            120.908510227000079,
                            24.738116708000064
                        ],
                        [
                            120.908561744000053,
                            24.738278987000058
                        ],
                        [
                            120.908578560000024,
                            24.738379018000046
                        ],
                        [
                            120.908618862000026,
                            24.738529730000039
                        ],
                        [
                            120.908632795000017,
                            24.738676835000035
                        ],
                        [
                            120.908647780000024,
                            24.738850368000044
                        ],
                        [
                            120.908671993000098,
                            24.738968830000033
                        ],
                        [
                            120.908682279000118,
                            24.73909984200003
                        ],
                        [
                            120.908685649000063,
                            24.73931235200007
                        ],
                        [
                            120.908695061000117,
                            24.739395126000034
                        ],
                        [
                            120.908699281000054,
                            24.739498525000045
                        ],
                        [
                            120.90869478400009,
                            24.739591545000053
                        ],
                        [
                            120.908680451,
                            24.739817732000063
                        ],
                        [
                            120.908685846000026,
                            24.739931478000074
                        ],
                        [
                            120.90866560500001,
                            24.740109404000066
                        ],
                        [
                            120.908627470000056,
                            24.740325121000069
                        ],
                        [
                            120.908577155000103,
                            24.740491384000052
                        ],
                        [
                            120.908536173000016,
                            24.740588768000066
                        ],
                        [
                            120.908448906000103,
                            24.740658316000065
                        ],
                        [
                            120.908289672000024,
                            24.740768784000068
                        ],
                        [
                            120.908199128000092,
                            24.74081360100007
                        ],
                        [
                            120.908091829000114,
                            24.740865153000072
                        ],
                        [
                            120.908038268000041,
                            24.740903618000061
                        ],
                        [
                            120.907934841000042,
                            24.740974755000025
                        ],
                        [
                            120.907806600000072,
                            24.741071408000039
                        ],
                        [
                            120.907606922000014,
                            24.741088512000033
                        ],
                        [
                            120.907348732000059,
                            24.741053438000051
                        ],
                        [
                            120.907218718000081,
                            24.741013529000043
                        ],
                        [
                            120.907073485000069,
                            24.740963466000039
                        ],
                        [
                            120.90690053600008,
                            24.740909114000033
                        ],
                        [
                            120.906698813000048,
                            24.740865396000061
                        ],
                        [
                            120.906524891000117,
                            24.740832857000044
                        ],
                        [
                            120.906363762000069,
                            24.740817389000028
                        ],
                        [
                            120.906115213000021,
                            24.740750086000048
                        ],
                        [
                            120.905987894000077,
                            24.740723931000048
                        ],
                        [
                            120.9058703930001,
                            24.740679291000049
                        ],
                        [
                            120.905870218000018,
                            24.740678948000038
                        ],
                        [
                            120.905826535000074,
                            24.740593689000036
                        ],
                        [
                            120.905798634,
                            24.740478068000073
                        ],
                        [
                            120.905760676000114,
                            24.740362557000026
                        ],
                        [
                            120.905708845000049,
                            24.740243761000045
                        ],
                        [
                            120.905577820000076,
                            24.740125827000043
                        ],
                        [
                            120.905516233000071,
                            24.74003007400006
                        ],
                        [
                            120.905401683000036,
                            24.739922289000049
                        ],
                        [
                            120.905320058000029,
                            24.739832492000062
                        ],
                        [
                            120.905226054000082,
                            24.739757774000054
                        ],
                        [
                            120.905081575000054,
                            24.739668677000054
                        ],
                        [
                            120.905002537000087,
                            24.739584605000061
                        ],
                        [
                            120.904904540000075,
                            24.739492703000053
                        ],
                        [
                            120.90479778800011,
                            24.739404334000028
                        ],
                        [
                            120.904619741000033,
                            24.739344286000062
                        ],
                        [
                            120.904521246000058,
                            24.739310936000038
                        ],
                        [
                            120.904376090000028,
                            24.739266602000043
                        ],
                        [
                            120.904291363000084,
                            24.739228490000073
                        ],
                        [
                            120.904133162000107,
                            24.739147581000054
                        ],
                        [
                            120.904022995000105,
                            24.739086802000031
                        ],
                        [
                            120.903925552000032,
                            24.739037352000025
                        ],
                        [
                            120.903774816,
                            24.738950616000068
                        ],
                        [
                            120.903665672000102,
                            24.738871453000058
                        ],
                        [
                            120.903600941000036,
                            24.738823956000033
                        ],
                        [
                            120.903495535000047,
                            24.738742459000036
                        ],
                        [
                            120.90342806600006,
                            24.738677769000049
                        ],
                        [
                            120.903285745000062,
                            24.738561108000056
                        ],
                        [
                            120.903206517000058,
                            24.738462111000047
                        ],
                        [
                            120.903138526000021,
                            24.738357253000061
                        ],
                        [
                            120.903073981000034,
                            24.738227115000029
                        ],
                        [
                            120.903046927000105,
                            24.738079342000049
                        ],
                        [
                            120.902982592000058,
                            24.737965277000058
                        ],
                        [
                            120.902871951000066,
                            24.73786777600003
                        ],
                        [
                            120.902813207,
                            24.737797241000067
                        ],
                        [
                            120.902721769000095,
                            24.737725929000078
                        ],
                        [
                            120.902571599000112,
                            24.73758523500004
                        ],
                        [
                            120.902477050000016,
                            24.737468034000074
                        ],
                        [
                            120.902395414000011,
                            24.737377107000043
                        ],
                        [
                            120.902299802000016,
                            24.737274857000045
                        ],
                        [
                            120.902192640000067,
                            24.737154353000051
                        ],
                        [
                            120.902093154000113,
                            24.737044120000064
                        ],
                        [
                            120.902033359000029,
                            24.736989655000059
                        ],
                        [
                            120.901945588000103,
                            24.736910271000056
                        ],
                        [
                            120.901838824000038,
                            24.736820763000026
                        ],
                        [
                            120.901748553000061,
                            24.736742542000059
                        ],
                        [
                            120.901677891000077,
                            24.736625095000079
                        ],
                        [
                            120.901635579000072,
                            24.736561271000028
                        ],
                        [
                            120.901568925000106,
                            24.736462144000029
                        ],
                        [
                            120.901512221000075,
                            24.736354864000077
                        ],
                        [
                            120.901438645000098,
                            24.736304019000045
                        ],
                        [
                            120.901309751000099,
                            24.736252624000031
                        ],
                        [
                            120.901147312000035,
                            24.736232572000063
                        ],
                        [
                            120.900989283000058,
                            24.736164274000032
                        ],
                        [
                            120.900884552000093,
                            24.736134416000027
                        ],
                        [
                            120.900766389000069,
                            24.736038138000026
                        ],
                        [
                            120.900726887000019,
                            24.735997256000076
                        ],
                        [
                            120.900613385000042,
                            24.735872224000047
                        ],
                        [
                            120.900467760000083,
                            24.735791174000042
                        ],
                        [
                            120.900368338000021,
                            24.735685508000074
                        ],
                        [
                            120.900278083000103,
                            24.735608443000046
                        ],
                        [
                            120.900185194000073,
                            24.735522201000038
                        ],
                        [
                            120.900054345000058,
                            24.735416893000036
                        ],
                        [
                            120.899920791000113,
                            24.735296676000075
                        ],
                        [
                            120.8998076150001,
                            24.735196904000077
                        ],
                        [
                            120.899707392000096,
                            24.735126839000031
                        ],
                        [
                            120.89956798500009,
                            24.73503996900007
                        ],
                        [
                            120.899459290000095,
                            24.734995230000038
                        ],
                        [
                            120.89931523700011,
                            24.734938252000063
                        ],
                        [
                            120.899258937000013,
                            24.734861968000075
                        ],
                        [
                            120.899188308000021,
                            24.734746812000026
                        ],
                        [
                            120.899135407000017,
                            24.734641789000023
                        ],
                        [
                            120.899077126000066,
                            24.734509282000033
                        ],
                        [
                            120.898961511000039,
                            24.734415268000078
                        ],
                        [
                            120.898777648000078,
                            24.734293301000037
                        ],
                        [
                            120.898702747000016,
                            24.734236730000077
                        ],
                        [
                            120.898546200000055,
                            24.734185621000051
                        ],
                        [
                            120.89843673900009,
                            24.734178775000032
                        ],
                        [
                            120.898258836000082,
                            24.734129049000046
                        ],
                        [
                            120.898129378000021,
                            24.734034042000076
                        ],
                        [
                            120.898052956000015,
                            24.733956822000039
                        ],
                        [
                            120.897971251000058,
                            24.733860150000055
                        ],
                        [
                            120.897897205000049,
                            24.733772565000038
                        ],
                        [
                            120.897776771000053,
                            24.733694682000078
                        ],
                        [
                            120.897641311000029,
                            24.733621528000072
                        ],
                        [
                            120.897562493,
                            24.733553522000022
                        ],
                        [
                            120.897486332000085,
                            24.733496970000033
                        ],
                        [
                            120.897433110000065,
                            24.733464258000026
                        ],
                        [
                            120.897352175000037,
                            24.733427248000055
                        ],
                        [
                            120.897235704000082,
                            24.733364246000065
                        ],
                        [
                            120.897108352000032,
                            24.733334626000044
                        ],
                        [
                            120.897018767000077,
                            24.733309202000044
                        ],
                        [
                            120.896881163000103,
                            24.733264777000045
                        ],
                        [
                            120.89681646400004,
                            24.733219561000055
                        ],
                        [
                            120.896580464000067,
                            24.733148674000063
                        ],
                        [
                            120.896522333,
                            24.733125186000052
                        ],
                        [
                            120.896397137,
                            24.733068003000028
                        ],
                        [
                            120.896307390000061,
                            24.733029956000053
                        ],
                        [
                            120.896217881000098,
                            24.733010265000075
                        ],
                        [
                            120.89611353500004,
                            24.733010238000077
                        ],
                        [
                            120.896031652000033,
                            24.732997351000051
                        ],
                        [
                            120.8959485150001,
                            24.732984482000063
                        ],
                        [
                            120.895828259000041,
                            24.732920347000061
                        ],
                        [
                            120.895724270000073,
                            24.732850321000058
                        ],
                        [
                            120.895610509000107,
                            24.732802191000076
                        ],
                        [
                            120.895477787000118,
                            24.732746236000025
                        ],
                        [
                            120.89523301700001,
                            24.732677726000077
                        ],
                        [
                            120.895117200000072,
                            24.732665202000078
                        ],
                        [
                            120.894985011000017,
                            24.732650554000031
                        ],
                        [
                            120.894843860000037,
                            24.732623387000046
                        ],
                        [
                            120.894661157000087,
                            24.732590926000057
                        ],
                        [
                            120.894564266000089,
                            24.732583942000076
                        ],
                        [
                            120.894460826000113,
                            24.732556368000076
                        ],
                        [
                            120.894314425000061,
                            24.732512031000056
                        ],
                        [
                            120.89424,
                            24.732492179000076
                        ],
                        [
                            120.894099780000033,
                            24.732439732000046
                        ],
                        [
                            120.893890180000085,
                            24.732368552000025
                        ],
                        [
                            120.89378913500002,
                            24.73233177000003
                        ],
                        [
                            120.893756940000117,
                            24.732328832000064
                        ],
                        [
                            120.893620479000106,
                            24.73231637400005
                        ],
                        [
                            120.893545786000118,
                            24.732373417000076
                        ],
                        [
                            120.893493641000077,
                            24.732424475000073
                        ],
                        [
                            120.893440476000023,
                            24.732493911000063
                        ],
                        [
                            120.893384989000083,
                            24.732578300000057
                        ],
                        [
                            120.89331840300008,
                            24.732581314000072
                        ],
                        [
                            120.893239360000052,
                            24.73259364300003
                        ],
                        [
                            120.893096535000041,
                            24.732631904000073
                        ],
                        [
                            120.892977790000032,
                            24.732684836000033
                        ],
                        [
                            120.892853376000062,
                            24.732688476000078
                        ],
                        [
                            120.892793453000081,
                            24.732721261000052
                        ],
                        [
                            120.892689257000029,
                            24.732732707000025
                        ],
                        [
                            120.892590400000017,
                            24.732768208000039
                        ],
                        [
                            120.892545338000104,
                            24.732783614000027
                        ],
                        [
                            120.892504228,
                            24.732812757000033
                        ],
                        [
                            120.892476842000065,
                            24.732833701000061
                        ],
                        [
                            120.892462435000084,
                            24.732886652000047
                        ],
                        [
                            120.892434309,
                            24.732947784000032
                        ],
                        [
                            120.892414016000089,
                            24.733031790000041
                        ],
                        [
                            120.892412635000028,
                            24.733120190000022
                        ],
                        [
                            120.892391653000118,
                            24.733150260000059
                        ],
                        [
                            120.892370358000107,
                            24.733156221000058
                        ],
                        [
                            120.892354001000058,
                            24.733155250000038
                        ],
                        [
                            120.892305794000094,
                            24.733121340000025
                        ],
                        [
                            120.892263931000116,
                            24.733091940000065
                        ],
                        [
                            120.892203879000022,
                            24.733016841000051
                        ],
                        [
                            120.892148915,
                            24.732946278000043
                        ],
                        [
                            120.892105204000018,
                            24.732871
                        ],
                        [
                            120.892049042000053,
                            24.732805034000023
                        ],
                        [
                            120.89199518700002,
                            24.732722978000027
                        ],
                        [
                            120.891927345000113,
                            24.732628443000067
                        ],
                        [
                            120.891854207000051,
                            24.732513310000058
                        ],
                        [
                            120.891790269000012,
                            24.732429070000023
                        ],
                        [
                            120.891716654000106,
                            24.732374764000042
                        ],
                        [
                            120.89160856,
                            24.732278374000032
                        ],
                        [
                            120.891492761000109,
                            24.732169431000045
                        ],
                        [
                            120.891356573000053,
                            24.732038913000054
                        ],
                        [
                            120.89124571100001,
                            24.731923039000037
                        ],
                        [
                            120.891041383000015,
                            24.731772589000059
                        ],
                        [
                            120.890957152000055,
                            24.731772346000071
                        ],
                        [
                            120.890839823000078,
                            24.731837891000055
                        ],
                        [
                            120.890733864000026,
                            24.731907903000035
                        ],
                        [
                            120.89065525,
                            24.731953494000038
                        ],
                        [
                            120.890510400000039,
                            24.732029662000059
                        ],
                        [
                            120.890429331000064,
                            24.73207988300004
                        ],
                        [
                            120.890305584000089,
                            24.732135166000035
                        ],
                        [
                            120.890158219000114,
                            24.732211359000075
                        ],
                        [
                            120.890052513000114,
                            24.732300872000053
                        ],
                        [
                            120.889964091000024,
                            24.732366093000053
                        ],
                        [
                            120.889896907000093,
                            24.732420751000063
                        ],
                        [
                            120.889804730000037,
                            24.732487177000053
                        ],
                        [
                            120.889740132000043,
                            24.732547550000049
                        ],
                        [
                            120.889616873000023,
                            24.73264068800006
                        ],
                        [
                            120.889531053000042,
                            24.732712783000068
                        ],
                        [
                            120.88941761000001,
                            24.732787447000078
                        ],
                        [
                            120.889298918,
                            24.732844972000066
                        ],
                        [
                            120.889170084000057,
                            24.732895707000068
                        ],
                        [
                            120.889027480000095,
                            24.732951191000041
                        ],
                        [
                            120.888966286000027,
                            24.73298283500003
                        ],
                        [
                            120.888835039000014,
                            24.733041632000038
                        ],
                        [
                            120.888775336000094,
                            24.733091635000051
                        ],
                        [
                            120.888691826000013,
                            24.733147612000039
                        ],
                        [
                            120.888566077000064,
                            24.733243079000033
                        ],
                        [
                            120.888488761000076,
                            24.733292120000044
                        ],
                        [
                            120.888364762000037,
                            24.733327888000076
                        ],
                        [
                            120.888236042000017,
                            24.733387806000053
                        ],
                        [
                            120.888121503000093,
                            24.733475118000058
                        ],
                        [
                            120.888004317000082,
                            24.733552136000071
                        ],
                        [
                            120.887925996000035,
                            24.733620685000062
                        ],
                        [
                            120.887822371000084,
                            24.733676891000073
                        ],
                        [
                            120.887705039000025,
                            24.73374242400007
                        ],
                        [
                            120.8876428210001,
                            24.733792451000056
                        ],
                        [
                            120.887576667000076,
                            24.733829879000041
                        ],
                        [
                            120.887464043000023,
                            24.733870116000048
                        ],
                        [
                            120.887382338000066,
                            24.733870994000029
                        ],
                        [
                            120.887313039000105,
                            24.733859124000048
                        ],
                        [
                            120.887225529000034,
                            24.733799224000052
                        ],
                        [
                            120.887132228000041,
                            24.733679721000044
                        ],
                        [
                            120.887072104000026,
                            24.733598879000056
                        ],
                        [
                            120.887035020000098,
                            24.733549912000058
                        ],
                        [
                            120.886926458000062,
                            24.733416804000058
                        ],
                        [
                            120.886857,
                            24.73339229100003
                        ],
                        [
                            120.886716813000021,
                            24.733342156000049
                        ],
                        [
                            120.88657296100007,
                            24.733300082000028
                        ],
                        [
                            120.886460678000049,
                            24.733269153000037
                        ],
                        [
                            120.886379851000015,
                            24.733240174000059
                        ],
                        [
                            120.886265109000078,
                            24.733213858000056
                        ],
                        [
                            120.885986714000069,
                            24.733169802000077
                        ],
                        [
                            120.885827630000108,
                            24.733116410000036
                        ],
                        [
                            120.885709238000118,
                            24.733099319000075
                        ],
                        [
                            120.885580529000094,
                            24.73306167800007
                        ],
                        [
                            120.885477060000085,
                            24.733031802000028
                        ],
                        [
                            120.885427876000108,
                            24.733019696000042
                        ],
                        [
                            120.885328193000078,
                            24.732990924000035
                        ],
                        [
                            120.885192028,
                            24.732960258000048
                        ],
                        [
                            120.885070610000071,
                            24.732903012000065
                        ],
                        [
                            120.884926625000048,
                            24.732850625000026
                        ],
                        [
                            120.884875758000021,
                            24.732805261000067
                        ],
                        [
                            120.884800103000089,
                            24.732787705000078
                        ],
                        [
                            120.884748834000106,
                            24.732808910000074
                        ],
                        [
                            120.884697856000116,
                            24.732853076000026
                        ],
                        [
                            120.884659710000051,
                            24.732917765000025
                        ],
                        [
                            120.884625147000065,
                            24.732967477000045
                        ],
                        [
                            120.884484741000051,
                            24.733195098000067
                        ],
                        [
                            120.884365615000092,
                            24.733415587000025
                        ],
                        [
                            120.884254061000092,
                            24.73363829300007
                        ],
                        [
                            120.884181296000065,
                            24.733748117000061
                        ],
                        [
                            120.884133711000118,
                            24.73386110000007
                        ],
                        [
                            120.884068438000099,
                            24.733967408000069
                        ],
                        [
                            120.883960183000113,
                            24.73415334200007
                        ],
                        [
                            120.88388244500004,
                            24.734267803000023
                        ],
                        [
                            120.883788485000082,
                            24.734391622000032
                        ],
                        [
                            120.883715392000113,
                            24.734476189000077
                        ],
                        [
                            120.883650467000052,
                            24.734511315000077
                        ],
                        [
                            120.883567713000048,
                            24.734528269000066
                        ],
                        [
                            120.883432772000106,
                            24.734495281000022
                        ],
                        [
                            120.883307861000048,
                            24.734459900000047
                        ],
                        [
                            120.883195798000088,
                            24.734406037000042
                        ],
                        [
                            120.882460120000019,
                            24.733990283000026
                        ],
                        [
                            120.8820343860001,
                            24.733707376000041
                        ],
                        [
                            120.881382710000025,
                            24.733415936000029
                        ],
                        [
                            120.881035995000047,
                            24.73328841700004
                        ],
                        [
                            120.878529391000029,
                            24.735229046000029
                        ],
                        [
                            120.874536847000059,
                            24.738320098000031
                        ],
                        [
                            120.874749236000071,
                            24.738613050000026
                        ],
                        [
                            120.875829543,
                            24.739938546000076
                        ],
                        [
                            120.876735109000037,
                            24.741277171000036
                        ],
                        [
                            120.877765324000052,
                            24.742591694000055
                        ],
                        [
                            120.879420604000074,
                            24.743922626000028
                        ],
                        [
                            120.880894458000057,
                            24.745700904000046
                        ],
                        [
                            120.882629518000044,
                            24.746471027000041
                        ],
                        [
                            120.883409797000013,
                            24.747788098000058
                        ],
                        [
                            120.884343355000055,
                            24.749343496000051
                        ],
                        [
                            120.885122755000111,
                            24.750592017000031
                        ],
                        [
                            120.886199741000041,
                            24.751677424000036
                        ],
                        [
                            120.887354305000031,
                            24.752944838000076
                        ],
                        [
                            120.888408059000085,
                            24.754156182000031
                        ],
                        [
                            120.889097336000077,
                            24.755211374000055
                        ],
                        [
                            120.889685867000026,
                            24.756210510000074
                        ],
                        [
                            120.889907986000026,
                            24.756916429000057
                        ],
                        [
                            120.890301665000038,
                            24.757380677000072
                        ],
                        [
                            120.890807281000093,
                            24.75779804900003
                        ],
                        [
                            120.891237255000078,
                            24.75817055300007
                        ],
                        [
                            120.891906955000081,
                            24.758711849000065
                        ],
                        [
                            120.892315974000098,
                            24.759381524000048
                        ],
                        [
                            120.892653505000112,
                            24.760303243000067
                        ],
                        [
                            120.893192868000028,
                            24.761360022000076
                        ],
                        [
                            120.893800884000029,
                            24.761959029000025
                        ],
                        [
                            120.894609971000023,
                            24.762635942000031
                        ],
                        [
                            120.895404579000115,
                            24.763175941000043
                        ],
                        [
                            120.896059302000026,
                            24.763534702000072
                        ],
                        [
                            120.897076015000039,
                            24.763866716000052
                        ],
                        [
                            120.897684523000066,
                            24.764500028000043
                        ],
                        [
                            120.897769067000013,
                            24.764664074000052
                        ],
                        [
                            120.89777842,
                            24.764682220000054
                        ],
                        [
                            120.89775631100008,
                            24.764894225000035
                        ],
                        [
                            120.897721937000028,
                            24.765039934000072
                        ],
                        [
                            120.897700120000081,
                            24.765192522000063
                        ],
                        [
                            120.897681017000082,
                            24.765270047000058
                        ],
                        [
                            120.897667062000096,
                            24.765326683000069
                        ],
                        [
                            120.897660568000106,
                            24.765388613000027
                        ],
                        [
                            120.897660474000077,
                            24.765411431000075
                        ],
                        [
                            120.897660364000103,
                            24.765438011000072
                        ],
                        [
                            120.897634690000018,
                            24.765619307000065
                        ],
                        [
                            120.89760130500008,
                            24.76585332600007
                        ],
                        [
                            120.89756305700007,
                            24.766050603000053
                        ],
                        [
                            120.897518548000107,
                            24.766220317000034
                        ],
                        [
                            120.897445248000054,
                            24.76639110800005
                        ],
                        [
                            120.897410545000071,
                            24.766466186000059
                        ],
                        [
                            120.897410531000105,
                            24.766466215000037
                        ],
                        [
                            120.897396522,
                            24.766496520000032
                        ],
                        [
                            120.897333966000019,
                            24.766631852000046
                        ],
                        [
                            120.897264626000037,
                            24.766750992000027
                        ],
                        [
                            120.897241274000066,
                            24.766987372000074
                        ],
                        [
                            120.897206804,
                            24.767151399000056
                        ],
                        [
                            120.897186034000015,
                            24.767204123000056
                        ],
                        [
                            120.897015069000076,
                            24.767638073000057
                        ],
                        [
                            120.896977805,
                            24.767732654000042
                        ],
                        [
                            120.896909703,
                            24.767830037000067
                        ],
                        [
                            120.896890313000085,
                            24.767860981000069
                        ],
                        [
                            120.896858007000105,
                            24.767912531000036
                        ],
                        [
                            120.896826784000041,
                            24.76796016000003
                        ],
                        [
                            120.896759604000067,
                            24.768062629000042
                        ],
                        [
                            120.896743367000113,
                            24.768060546000072
                        ],
                        [
                            120.896439662000034,
                            24.76802157700007
                        ],
                        [
                            120.896351354000103,
                            24.767965099000037
                        ],
                        [
                            120.896304416000021,
                            24.767935080000029
                        ],
                        [
                            120.896285896000109,
                            24.767908961000046
                        ],
                        [
                            120.896279403000108,
                            24.767899803000034
                        ],
                        [
                            120.896208201000036,
                            24.767799385000046
                        ],
                        [
                            120.896178868000106,
                            24.767740513000035
                        ],
                        [
                            120.896117159000028,
                            24.767616654000051
                        ],
                        [
                            120.896024808000107,
                            24.767435095000053
                        ],
                        [
                            120.895956356000056,
                            24.767260416000056
                        ],
                        [
                            120.895882838000034,
                            24.767092686000069
                        ],
                        [
                            120.895821882000064,
                            24.766926137000041
                        ],
                        [
                            120.895768328000031,
                            24.766781360000039
                        ],
                        [
                            120.895717380000065,
                            24.766645787000073
                        ],
                        [
                            120.895634948000065,
                            24.766513539000073
                        ],
                        [
                            120.895566324000015,
                            24.766361264000068
                        ],
                        [
                            120.8955489760001,
                            24.766322769000055
                        ],
                        [
                            120.895531184000106,
                            24.766275762000078
                        ],
                        [
                            120.895485495000116,
                            24.766155043000026
                        ],
                        [
                            120.895423123000114,
                            24.766027496000049
                        ],
                        [
                            120.895348292000108,
                            24.765875752000056
                        ],
                        [
                            120.895289274000106,
                            24.76576386000005
                        ],
                        [
                            120.89526343600005,
                            24.765714876000061
                        ],
                        [
                            120.895163751000041,
                            24.765595507000057
                        ],
                        [
                            120.895147162000058,
                            24.765575642000044
                        ],
                        [
                            120.89513488800003,
                            24.765595488000031
                        ],
                        [
                            120.895113104000075,
                            24.765630701000077
                        ],
                        [
                            120.895066480000082,
                            24.765694792000033
                        ],
                        [
                            120.895050833000028,
                            24.765876094000078
                        ],
                        [
                            120.89506570900005,
                            24.765939295000067
                        ],
                        [
                            120.895069241000101,
                            24.766007015000071
                        ],
                        [
                            120.895069311000043,
                            24.766007338000065
                        ],
                        [
                            120.895084110000084,
                            24.766075931000046
                        ],
                        [
                            120.895103847000087,
                            24.766132050000067
                        ],
                        [
                            120.895116414000086,
                            24.766167783000071
                        ],
                        [
                            120.895162491000065,
                            24.766272377000064
                        ],
                        [
                            120.895201166000106,
                            24.766357374000052
                        ],
                        [
                            120.895253616000105,
                            24.766447075000031
                        ],
                        [
                            120.895268677000104,
                            24.766519069000026
                        ],
                        [
                            120.89527092000003,
                            24.766529798000079
                        ],
                        [
                            120.895295729000054,
                            24.766612437000049
                        ],
                        [
                            120.895301704000076,
                            24.766632263000076
                        ],
                        [
                            120.895310613000106,
                            24.766661835000036
                        ],
                        [
                            120.895231161000083,
                            24.766669059000037
                        ],
                        [
                            120.895200170000066,
                            24.766671876000032
                        ],
                        [
                            120.895138819000067,
                            24.766671164000059
                        ],
                        [
                            120.895138791000022,
                            24.766671163000069
                        ],
                        [
                            120.895067143,
                            24.766670330000068
                        ],
                        [
                            120.894985372000065,
                            24.766722908000077
                        ],
                        [
                            120.894946139000012,
                            24.766825012000027
                        ],
                        [
                            120.894926248000047,
                            24.766904656000065
                        ],
                        [
                            120.894923230000018,
                            24.766916736000042
                        ],
                        [
                            120.894922914000063,
                            24.767003963000036
                        ],
                        [
                            120.894928527000047,
                            24.767021581000051
                        ],
                        [
                            120.894933162000029,
                            24.767036112000028
                        ],
                        [
                            120.894934986000067,
                            24.767041885000026
                        ],
                        [
                            120.894961476000049,
                            24.767125704000023
                        ],
                        [
                            120.894966213000089,
                            24.767218721000063
                        ],
                        [
                            120.894948163000095,
                            24.767348368000057
                        ],
                        [
                            120.894921478000015,
                            24.767464197000038
                        ],
                        [
                            120.894884902000058,
                            24.767531459000054
                        ],
                        [
                            120.894874756000036,
                            24.767550114000073
                        ],
                        [
                            120.894832514000086,
                            24.767651759000046
                        ],
                        [
                            120.894805208000093,
                            24.767717466000079
                        ],
                        [
                            120.894671649000088,
                            24.767868629000077
                        ],
                        [
                            120.894555022000077,
                            24.767939617000025
                        ],
                        [
                            120.894553402000042,
                            24.767940601000078
                        ],
                        [
                            120.894410022000102,
                            24.768033142000036
                        ],
                        [
                            120.894246573000032,
                            24.768126842000072
                        ],
                        [
                            120.894141177000051,
                            24.76820662700004
                        ],
                        [
                            120.894140881000112,
                            24.768206851000059
                        ],
                        [
                            120.894136156000059,
                            24.768209867000053
                        ],
                        [
                            120.89413611000009,
                            24.76820989600003
                        ],
                        [
                            120.894090772000027,
                            24.768238834000044
                        ],
                        [
                            120.894001252000066,
                            24.768295974000068
                        ],
                        [
                            120.89385544400011,
                            24.768361047000042
                        ],
                        [
                            120.893774885000084,
                            24.768392085000073
                        ],
                        [
                            120.89373730200009,
                            24.768406566000067
                        ],
                        [
                            120.893706220000013,
                            24.768425397000044
                        ],
                        [
                            120.893646805000117,
                            24.768461395000031
                        ],
                        [
                            120.893615164000039,
                            24.768469572000072
                        ],
                        [
                            120.893532508000021,
                            24.768490936000035
                        ],
                        [
                            120.893362693000086,
                            24.768586888000073
                        ],
                        [
                            120.893286861000092,
                            24.768667989000051
                        ],
                        [
                            120.893269545000067,
                            24.768686506000051
                        ],
                        [
                            120.89319527300006,
                            24.768745953000064
                        ],
                        [
                            120.893128057000013,
                            24.768807988000049
                        ],
                        [
                            120.893112178000024,
                            24.768822644000068
                        ],
                        [
                            120.893042957000034,
                            24.768887881000069
                        ],
                        [
                            120.892974948000074,
                            24.768966832000046
                        ],
                        [
                            120.892940628000019,
                            24.769030354000051
                        ],
                        [
                            120.892880188000049,
                            24.769142217000024
                        ],
                        [
                            120.8927503540001,
                            24.769317378000039
                        ],
                        [
                            120.892723785000044,
                            24.76938851500006
                        ],
                        [
                            120.892689526000026,
                            24.769492870000079
                        ],
                        [
                            120.892656577000025,
                            24.769585759000051
                        ],
                        [
                            120.892642895000108,
                            24.769652873000041
                        ],
                        [
                            120.892631107000057,
                            24.769710706000069
                        ],
                        [
                            120.892624067000042,
                            24.76983176400006
                        ],
                        [
                            120.892623162000064,
                            24.769847323000079
                        ],
                        [
                            120.892607533000046,
                            24.770007940000028
                        ],
                        [
                            120.892590452000036,
                            24.770239728000035
                        ],
                        [
                            120.892581311000072,
                            24.770347613000069
                        ],
                        [
                            120.892577184000061,
                            24.770388410000066
                        ],
                        [
                            120.892565767000065,
                            24.770501285000023
                        ],
                        [
                            120.892574241000034,
                            24.770609194000031
                        ],
                        [
                            120.89258028100005,
                            24.770718008000074
                        ],
                        [
                            120.89258131400004,
                            24.770736603000046
                        ],
                        [
                            120.892602254000053,
                            24.770859525000049
                        ],
                        [
                            120.89258243200004,
                            24.770946808000076
                        ],
                        [
                            120.892579333000072,
                            24.770960457000058
                        ],
                        [
                            120.892581417000088,
                            24.771100510000053
                        ],
                        [
                            120.892612497000073,
                            24.771193538000034
                        ],
                        [
                            120.892638906000116,
                            24.771233045000031
                        ],
                        [
                            120.892672457000117,
                            24.771283243000028
                        ],
                        [
                            120.892705959000068,
                            24.771407239000041
                        ],
                        [
                            120.89272569600007,
                            24.771508294000057
                        ],
                        [
                            120.892766703,
                            24.771628953000061
                        ],
                        [
                            120.892777010000032,
                            24.771712098000023
                        ],
                        [
                            120.892778938000106,
                            24.771727664000025
                        ],
                        [
                            120.892788624000104,
                            24.771752391000064
                        ],
                        [
                            120.89281629900006,
                            24.771823042000051
                        ],
                        [
                            120.892843731000085,
                            24.771890777000067
                        ],
                        [
                            120.892857298000081,
                            24.771955169000023
                        ],
                        [
                            120.892849473000069,
                            24.772046905000025
                        ],
                        [
                            120.892817738000076,
                            24.772150087000057
                        ],
                        [
                            120.892781140000011,
                            24.772222299000077
                        ],
                        [
                            120.892768348000118,
                            24.772302653000054
                        ],
                        [
                            120.892738059000067,
                            24.772339288000069
                        ],
                        [
                            120.892731538000021,
                            24.772428766000075
                        ],
                        [
                            120.892724920000092,
                            24.77254010300004
                        ],
                        [
                            120.892692085000022,
                            24.772592806000034
                        ],
                        [
                            120.892654162000099,
                            24.772685602000024
                        ],
                        [
                            120.892612167000038,
                            24.772864537000032
                        ],
                        [
                            120.892614374000118,
                            24.772958717000051
                        ],
                        [
                            120.892616189000023,
                            24.77303321200003
                        ],
                        [
                            120.892616584000052,
                            24.773047026000029
                        ],
                        [
                            120.892656495000097,
                            24.773113787000057
                        ],
                        [
                            120.892676340000094,
                            24.773184955000033
                        ],
                        [
                            120.891753502000029,
                            24.77325852000007
                        ],
                        [
                            120.891702388000112,
                            24.773711567000078
                        ],
                        [
                            120.891629436000017,
                            24.773843980000038
                        ],
                        [
                            120.891530710000097,
                            24.774171324000065
                        ],
                        [
                            120.891444158000013,
                            24.774468781000053
                        ],
                        [
                            120.891367872000046,
                            24.774781142000052
                        ],
                        [
                            120.891319384000099,
                            24.77511159200003
                        ],
                        [
                            120.891328010000052,
                            24.775233042000025
                        ],
                        [
                            120.891348312000105,
                            24.775532030000079
                        ],
                        [
                            120.891391359000067,
                            24.775846916000035
                        ],
                        [
                            120.891432586000064,
                            24.776096525000071
                        ],
                        [
                            120.8914858710001,
                            24.776202438000041
                        ],
                        [
                            120.891495206000059,
                            24.776220993000038
                        ],
                        [
                            120.891560288000051,
                            24.776331668000068
                        ],
                        [
                            120.891638295,
                            24.776436816000057
                        ],
                        [
                            120.891737095000053,
                            24.776569989000052
                        ],
                        [
                            120.891928501000052,
                            24.776906661000055
                        ],
                        [
                            120.892082378000055,
                            24.777252874000055
                        ],
                        [
                            120.892163967000101,
                            24.777521662000026
                        ],
                        [
                            120.892207871000096,
                            24.777789511000037
                        ],
                        [
                            120.892249642000024,
                            24.778031772000077
                        ],
                        [
                            120.892259581000076,
                            24.778089414000078
                        ],
                        [
                            120.892279446000089,
                            24.778136787000051
                        ],
                        [
                            120.892331467000076,
                            24.778260848000059
                        ],
                        [
                            120.892402752000066,
                            24.778366902000073
                        ],
                        [
                            120.892534320000095,
                            24.778471379000052
                        ],
                        [
                            120.892577566000114,
                            24.778508898000041
                        ],
                        [
                            120.892648275000056,
                            24.778570241000068
                        ],
                        [
                            120.892705590000105,
                            24.77861580900003
                        ],
                        [
                            120.892725471000062,
                            24.778631612000027
                        ],
                        [
                            120.892800283000042,
                            24.778712490000032
                        ],
                        [
                            120.89286008900001,
                            24.778795685000034
                        ],
                        [
                            120.892898745000025,
                            24.778903171000024
                        ],
                        [
                            120.892927744000076,
                            24.779053085000044
                        ],
                        [
                            120.893045808000011,
                            24.779605866000054
                        ],
                        [
                            120.893124513000089,
                            24.780109583000069
                        ],
                        [
                            120.893145468000057,
                            24.780279859000075
                        ],
                        [
                            120.893151129000103,
                            24.780325851000043
                        ],
                        [
                            120.893207242000017,
                            24.780781812000043
                        ],
                        [
                            120.893198445000053,
                            24.781058100000052
                        ],
                        [
                            120.893174589000068,
                            24.781199217000051
                        ],
                        [
                            120.893129139000052,
                            24.781317649000073
                        ],
                        [
                            120.892921695000041,
                            24.781712278000043
                        ],
                        [
                            120.892855922000081,
                            24.781939768000029
                        ],
                        [
                            120.892852152000046,
                            24.782348986000045
                        ],
                        [
                            120.892860196000015,
                            24.782682455000042
                        ],
                        [
                            120.892910978000032,
                            24.783022455000037
                        ],
                        [
                            120.892931934000103,
                            24.783525498000074
                        ],
                        [
                            120.892917154000088,
                            24.783835115000045
                        ],
                        [
                            120.892872942000054,
                            24.784225163000031
                        ],
                        [
                            120.892799727000011,
                            24.784462953000059
                        ],
                        [
                            120.892711654000095,
                            24.784724926000024
                        ],
                        [
                            120.892706117000102,
                            24.784809711000037
                        ],
                        [
                            120.892688362000058,
                            24.785066596000036
                        ],
                        [
                            120.892675217000033,
                            24.785276530000033
                        ],
                        [
                            120.892690645000016,
                            24.785455137000042
                        ],
                        [
                            120.892737407000027,
                            24.785630162000075
                        ],
                        [
                            120.892815325000015,
                            24.785906972000078
                        ],
                        [
                            120.892824849000021,
                            24.786127023000063
                        ],
                        [
                            120.892778096000029,
                            24.786235071000078
                        ],
                        [
                            120.892696705000048,
                            24.786401888000057
                        ],
                        [
                            120.892621149000092,
                            24.786518212000033
                        ],
                        [
                            120.892612234000012,
                            24.786644361000072
                        ],
                        [
                            120.892569682000044,
                            24.786799371000029
                        ],
                        [
                            120.892521221000038,
                            24.787000332000048
                        ],
                        [
                            120.892519078000078,
                            24.787315546000059
                        ],
                        [
                            120.892541166000115,
                            24.787535434000063
                        ],
                        [
                            120.892543406000073,
                            24.78778184600003
                        ],
                        [
                            120.89251334800008,
                            24.788210826000068
                        ],
                        [
                            120.892530583000053,
                            24.788382489000071
                        ],
                        [
                            120.892518421000091,
                            24.788473104000047
                        ],
                        [
                            120.89236844900006,
                            24.78959052600004
                        ],
                        [
                            120.892277168000078,
                            24.791133167000055
                        ],
                        [
                            120.892113251000069,
                            24.791934238000067
                        ],
                        [
                            120.892265626000039,
                            24.793017546000044
                        ],
                        [
                            120.892646454000101,
                            24.79436105700006
                        ],
                        [
                            120.893327723000084,
                            24.795747146000053
                        ],
                        [
                            120.893980119000048,
                            24.796848043000068
                        ],
                        [
                            120.894698485000049,
                            24.798199471000032
                        ],
                        [
                            120.895490069000061,
                            24.799424439000063
                        ],
                        [
                            120.896146503000068,
                            24.800822142000072
                        ],
                        [
                            120.896335212000054,
                            24.801825098000052
                        ],
                        [
                            120.896633034000047,
                            24.803489120000052
                        ],
                        [
                            120.896845627000062,
                            24.805325346000075
                        ],
                        [
                            120.896636160000071,
                            24.807360029000051
                        ],
                        [
                            120.89694909800005,
                            24.809217921000027
                        ],
                        [
                            120.897426732000099,
                            24.810331964000056
                        ],
                        [
                            120.897890728000107,
                            24.811366190000058
                        ],
                        [
                            120.898542543000076,
                            24.812421218000054
                        ],
                        [
                            120.899264197000093,
                            24.814012190000028
                        ],
                        [
                            120.899334337000028,
                            24.815484359000038
                        ],
                        [
                            120.899611023000034,
                            24.816520521000029
                        ],
                        [
                            120.900220178000041,
                            24.818112606000057
                        ],
                        [
                            120.900985800000058,
                            24.820182638000063
                        ],
                        [
                            120.901786278000031,
                            24.82205809800007
                        ],
                        [
                            120.902813526000045,
                            24.824068262000026
                        ],
                        [
                            120.903372687000115,
                            24.82498746400006
                        ],
                        [
                            120.903593378000096,
                            24.825350277000041
                        ]
                    ]
                ]
            }
        },
        {
            "type": "Feature",
            "properties": {
                "TOWNID": "O01",
                "TOWNCODE": "10018010",
                "COUNTYNAME": "新竹市",
                "TOWNNAME": "東區",
                "TOWNENG": "East District",
                "COUNTYID": "O",
                "COUNTYCODE": "10018"
            },
            "geometry": {
                "type": "Polygon",
                "coordinates": [
                    [
                        [
                            120.986754346000112,
                            24.822188069000049
                        ],
                        [
                            120.986772897000037,
                            24.822226245000024
                        ],
                        [
                            120.986777858000096,
                            24.822236454000063
                        ],
                        [
                            120.986964872000044,
                            24.822426079000024
                        ],
                        [
                            120.987293323000017,
                            24.822606690000043
                        ],
                        [
                            120.98753862,
                            24.822733119000077
                        ],
                        [
                            120.987740327000097,
                            24.822841489000041
                        ],
                        [
                            120.987992018000114,
                            24.822920730000078
                        ],
                        [
                            120.988027209000052,
                            24.822931808000078
                        ],
                        [
                            120.988325986000063,
                            24.82309435600007
                        ],
                        [
                            120.988790938000079,
                            24.823229830000059
                        ],
                        [
                            120.988820843000099,
                            24.823239577000038
                        ],
                        [
                            120.989123420000055,
                            24.823338209000042
                        ],
                        [
                            120.989376607000054,
                            24.823446579000063
                        ],
                        [
                            120.989656530000047,
                            24.82360912300004
                        ],
                        [
                            120.990050221000047,
                            24.823807788000067
                        ],
                        [
                            120.990099257000111,
                            24.823839408000026
                        ],
                        [
                            120.990330300000096,
                            24.823988389000078
                        ],
                        [
                            120.99104636200002,
                            24.824017590000039
                        ],
                        [
                            120.991071523000073,
                            24.824007632000075
                        ],
                        [
                            120.991152277000083,
                            24.823978357000044
                        ],
                        [
                            120.99129245000006,
                            24.823915059000058
                        ],
                        [
                            120.991481679000117,
                            24.823850965000076
                        ],
                        [
                            120.991611707000061,
                            24.823796793000042
                        ],
                        [
                            120.991719025000066,
                            24.823750483000026
                        ],
                        [
                            120.991876773000058,
                            24.823690761000023
                        ],
                        [
                            120.992013088000022,
                            24.823636623000027
                        ],
                        [
                            120.992161844000066,
                            24.823597501000052
                        ],
                        [
                            120.992275398000061,
                            24.823556978000056
                        ],
                        [
                            120.992383827000026,
                            24.823526756000035
                        ],
                        [
                            120.992483402000062,
                            24.823502221000069
                        ],
                        [
                            120.992596768000112,
                            24.823482373000047
                        ],
                        [
                            120.992746641000053,
                            24.823458194000068
                        ],
                        [
                            120.992920188000085,
                            24.823458311000024
                        ],
                        [
                            120.99312029400005,
                            24.82344254000003
                        ],
                        [
                            120.993319094000071,
                            24.823431361000075
                        ],
                        [
                            120.993490092000116,
                            24.823434901000041
                        ],
                        [
                            120.993746753000096,
                            24.823422993000065
                        ],
                        [
                            120.993868772000042,
                            24.823419289000071
                        ],
                        [
                            120.994041241000104,
                            24.823399866000045
                        ],
                        [
                            120.994221265000078,
                            24.823379370000055
                        ],
                        [
                            120.994447732000026,
                            24.823368373000051
                        ],
                        [
                            120.994587484000022,
                            24.823351008000031
                        ],
                        [
                            120.994708280000054,
                            24.823343844000078
                        ],
                        [
                            120.995011372000022,
                            24.823342610000054
                        ],
                        [
                            120.995098243000029,
                            24.82333176000003
                        ],
                        [
                            120.995202585000015,
                            24.823335963000034
                        ],
                        [
                            120.995276736000051,
                            24.823341093000067
                        ],
                        [
                            120.99546156100007,
                            24.823345893000067
                        ],
                        [
                            120.995557036000037,
                            24.823356921000027
                        ],
                        [
                            120.995645135000018,
                            24.823349520000079
                        ],
                        [
                            120.995738379000045,
                            24.823329525000077
                        ],
                        [
                            120.995845592000023,
                            24.823294696000062
                        ],
                        [
                            120.995925082000099,
                            24.823239623000063
                        ],
                        [
                            120.996058731000062,
                            24.823198160000061
                        ],
                        [
                            120.996161797000013,
                            24.823169525000026
                        ],
                        [
                            120.996230925000077,
                            24.823148924000066
                        ],
                        [
                            120.996391794000033,
                            24.82311573000004
                        ],
                        [
                            120.996507426000107,
                            24.823085955000067
                        ],
                        [
                            120.99662846700005,
                            24.823056705000056
                        ],
                        [
                            120.996630595000056,
                            24.823056191000035
                        ],
                        [
                            120.996693439000069,
                            24.823041313000033
                        ],
                        [
                            120.996807814000022,
                            24.823009247000073
                        ],
                        [
                            120.996983777000082,
                            24.822963451000078
                        ],
                        [
                            120.997109438000052,
                            24.822949756000071
                        ],
                        [
                            120.997292947,
                            24.822895923000033
                        ],
                        [
                            120.997394751000115,
                            24.822870735000038
                        ],
                        [
                            120.997500330000094,
                            24.822840953000025
                        ],
                        [
                            120.997636053000065,
                            24.822819232000029
                        ],
                        [
                            120.997832108000011,
                            24.822778047000043
                        ],
                        [
                            120.997981671000048,
                            24.822742559000062
                        ],
                        [
                            120.998112374000016,
                            24.822717388000058
                        ],
                        [
                            120.99820287600005,
                            24.822686449000059
                        ],
                        [
                            120.998434164000059,
                            24.82260853400004
                        ],
                        [
                            120.998590030000059,
                            24.822555828000077
                        ],
                        [
                            120.99874086300008,
                            24.822507717000065
                        ],
                        [
                            120.998890431000063,
                            24.822468788000037
                        ],
                        [
                            120.998998763000031,
                            24.822450160000074
                        ],
                        [
                            120.999116640000011,
                            24.822429895000027
                        ],
                        [
                            120.999334070000032,
                            24.822378379000043
                        ],
                        [
                            120.999464796000098,
                            24.822338285000058
                        ],
                        [
                            120.999587983000083,
                            24.822294731000056
                        ],
                        [
                            120.999889622000069,
                            24.822221457000069
                        ],
                        [
                            121.000017820000039,
                            24.822189397000045
                        ],
                        [
                            121.000112098000045,
                            24.822153870000022
                        ],
                        [
                            121.000279276000015,
                            24.82209885900005
                        ],
                        [
                            121.000391150000041,
                            24.822058773000037
                        ],
                        [
                            121.000617509000108,
                            24.821902775000069
                        ],
                        [
                            121.000760878000051,
                            24.821798386000069
                        ],
                        [
                            121.00085771900001,
                            24.821724975000052
                        ],
                        [
                            121.0009696300001,
                            24.82165386500003
                        ],
                        [
                            121.001163329000065,
                            24.821492109000076
                        ],
                        [
                            121.00132183300002,
                            24.821339516000023
                        ],
                        [
                            121.001391057000092,
                            24.821247695000068
                        ],
                        [
                            121.001506811000013,
                            24.821120337000025
                        ],
                        [
                            121.001672919000043,
                            24.820917229000031
                        ],
                        [
                            121.001781153000024,
                            24.820772636000072
                        ],
                        [
                            121.001866759000109,
                            24.820642947000067
                        ],
                        [
                            121.001934749000043,
                            24.820531625000058
                        ],
                        [
                            121.002036676000102,
                            24.820406533000039
                        ],
                        [
                            121.002132301000074,
                            24.820299815000055
                        ],
                        [
                            121.002268161000075,
                            24.820169024000052
                        ],
                        [
                            121.0024404400001,
                            24.820050882000032
                        ],
                        [
                            121.002527205000092,
                            24.819993532000069
                        ],
                        [
                            121.002624014000048,
                            24.819941932000063
                        ],
                        [
                            121.002719551000041,
                            24.819904101000077
                        ],
                        [
                            121.00285657500001,
                            24.819844483000054
                        ],
                        [
                            121.002929477000066,
                            24.819822733000024
                        ],
                        [
                            121.003052682000089,
                            24.819759648000058
                        ],
                        [
                            121.003170826000087,
                            24.819728751000071
                        ],
                        [
                            121.003275158000065,
                            24.819692074000045
                        ],
                        [
                            121.003417181000032,
                            24.819650829000068
                        ],
                        [
                            121.003550409000013,
                            24.819614179000041
                        ],
                        [
                            121.003610763000097,
                            24.819577477000053
                        ],
                        [
                            121.003780464000101,
                            24.819509849000042
                        ],
                        [
                            121.003937599000096,
                            24.819442211000023
                        ],
                        [
                            121.004069598000115,
                            24.819383740000035
                        ],
                        [
                            121.004194039000026,
                            24.81933559600003
                        ],
                        [
                            121.004270720000022,
                            24.819305808000024
                        ],
                        [
                            121.004380074000096,
                            24.819267986000057
                        ],
                        [
                            121.004571185000032,
                            24.819159042000024
                        ],
                        [
                            121.004671797000015,
                            24.819081030000063
                        ],
                        [
                            121.004766099000108,
                            24.819022533000066
                        ],
                        [
                            121.004846602000043,
                            24.818947953000077
                        ],
                        [
                            121.004923346000055,
                            24.818867633000025
                        ],
                        [
                            121.005010113000026,
                            24.818805695000037
                        ],
                        [
                            121.005108220000011,
                            24.818717346000028
                        ],
                        [
                            121.005239038000013,
                            24.818598030000032
                        ],
                        [
                            121.005353484000011,
                            24.818505104000053
                        ],
                        [
                            121.005421421000051,
                            24.818433965000054
                        ],
                        [
                            121.005503178000026,
                            24.818361680000066
                        ],
                        [
                            121.0055886990001,
                            24.818291706000025
                        ],
                        [
                            121.005685556000117,
                            24.818198763000055
                        ],
                        [
                            121.005740912000078,
                            24.818139100000053
                        ],
                        [
                            121.005837775000032,
                            24.818041570000048
                        ],
                        [
                            121.005913258000078,
                            24.81796354100004
                        ],
                        [
                            121.006011386000068,
                            24.81785682900005
                        ],
                        [
                            121.006098207000036,
                            24.817754703000048
                        ],
                        [
                            121.006181233,
                            24.817668639000033
                        ],
                        [
                            121.006265496000083,
                            24.817599812000026
                        ],
                        [
                            121.006320851000055,
                            24.817542434000075
                        ],
                        [
                            121.006385001000012,
                            24.817481624000038
                        ],
                        [
                            121.006452935000084,
                            24.817409338000061
                        ],
                        [
                            121.00657870100008,
                            24.817307227000072
                        ],
                        [
                            121.006701968000016,
                            24.817192507000073
                        ],
                        [
                            121.006808879000118,
                            24.817098423000061
                        ],
                        [
                            121.006895665000116,
                            24.817020404000061
                        ],
                        [
                            121.006972379000104,
                            24.816958456000066
                        ],
                        [
                            121.007144682000103,
                            24.816815046000045
                        ],
                        [
                            121.0072327150001,
                            24.816747364000037
                        ],
                        [
                            121.007320721000042,
                            24.816698047000045
                        ],
                        [
                            121.007423834000065,
                            24.81662577700007
                        ],
                        [
                            121.007513109000115,
                            24.816567286000065
                        ],
                        [
                            121.007632531000013,
                            24.816513398000041
                        ],
                        [
                            121.007765794000079,
                            24.816441144000066
                        ],
                        [
                            121.00782235600002,
                            24.816423960000066
                        ],
                        [
                            121.007896518000052,
                            24.816393006000055
                        ],
                        [
                            121.007970693000061,
                            24.816352861000041
                        ],
                        [
                            121.008051152,
                            24.816311588000076
                        ],
                        [
                            121.008105189000048,
                            24.816301292000048
                        ],
                        [
                            121.008161752000092,
                            24.816280660000075
                        ],
                        [
                            121.008194235000019,
                            24.816268153000067
                        ],
                        [
                            121.008278055000119,
                            24.816213832000074
                        ],
                        [
                            121.008371047000082,
                            24.816110613000035
                        ],
                        [
                            121.008384867000018,
                            24.816078498000024
                        ],
                        [
                            121.008538178000094,
                            24.815911074000041
                        ],
                        [
                            121.008568339000021,
                            24.815876664000029
                        ],
                        [
                            121.008612319,
                            24.815831941000056
                        ],
                        [
                            121.008642479000059,
                            24.815795238000078
                        ],
                        [
                            121.008749293000051,
                            24.815685158000065
                        ],
                        [
                            121.008774422000101,
                            24.815640419000033
                        ],
                        [
                            121.008820918000083,
                            24.815589965000072
                        ],
                        [
                            121.00893652700006,
                            24.815454627000065
                        ],
                        [
                            121.008976739000104,
                            24.815403037000067
                        ],
                        [
                            121.009011922000013,
                            24.815357152000047
                        ],
                        [
                            121.009094858000026,
                            24.815253931000029
                        ],
                        [
                            121.009133814000052,
                            24.815198873000043
                        ],
                        [
                            121.009201666000081,
                            24.815116312000043
                        ],
                        [
                            121.009225542000081,
                            24.815072720000046
                        ],
                        [
                            121.009326070000043,
                            24.814958034000028
                        ],
                        [
                            121.009358740000039,
                            24.814907580000067
                        ],
                        [
                            121.009454247,
                            24.81482502700004
                        ],
                        [
                            121.009499483000013,
                            24.814760785000033
                        ],
                        [
                            121.009631425000066,
                            24.814605963000076
                        ],
                        [
                            121.009700537000072,
                            24.814530273000059
                        ],
                        [
                            121.00974829200004,
                            24.814485551000075
                        ],
                        [
                            121.009823688000097,
                            24.814397246000055
                        ],
                        [
                            121.009858870000016,
                            24.814349077000031
                        ],
                        [
                            121.009917933000111,
                            24.814287154000056
                        ],
                        [
                            121.010025997000071,
                            24.814159853000035
                        ],
                        [
                            121.010106419000067,
                            24.81406811100004
                        ],
                        [
                            121.010185589000116,
                            24.813978659000043
                        ],
                        [
                            121.010238363000099,
                            24.813912142000049
                        ],
                        [
                            121.010286108000059,
                            24.813829554000051
                        ],
                        [
                            121.010425592000047,
                            24.813678179000078
                        ],
                        [
                            121.010485907000088,
                            24.813607077000029
                        ],
                        [
                            121.0105386890001,
                            24.813563501000033
                        ],
                        [
                            121.010586437000029,
                            24.81350730500003
                        ],
                        [
                            121.010625389000097,
                            24.813461436000068
                        ],
                        [
                            121.010818906000054,
                            24.813253864000046
                        ],
                        [
                            121.010861628000043,
                            24.813198813000042
                        ],
                        [
                            121.010954616000049,
                            24.813104775000056
                        ],
                        [
                            121.011007390000032,
                            24.81304629400006
                        ],
                        [
                            121.011112946000026,
                            24.812928164000027
                        ],
                        [
                            121.011226038000018,
                            24.812822667000034
                        ],
                        [
                            121.011262481000017,
                            24.812787117000028
                        ],
                        [
                            121.011344156000064,
                            24.812688493000053
                        ],
                        [
                            121.011388136000051,
                            24.812635735000072
                        ],
                        [
                            121.011437293000085,
                            24.812574596000047
                        ],
                        [
                            121.011437346000093,
                            24.812574529000074
                        ],
                        [
                            121.011502482000083,
                            24.812493518000053
                        ],
                        [
                            121.011592955000083,
                            24.812394901000062
                        ],
                        [
                            121.011641962000112,
                            24.812349033000032
                        ],
                        [
                            121.011722383,
                            24.812261874000058
                        ],
                        [
                            121.011765107000087,
                            24.812225178000062
                        ],
                        [
                            121.011858093000114,
                            24.812118517000044
                        ],
                        [
                            121.012002603000042,
                            24.811992385000053
                        ],
                        [
                            121.01205286000004,
                            24.811908648000042
                        ],
                        [
                            121.012144589000059,
                            24.811810032000039
                        ],
                        [
                            121.01219862500011,
                            24.811766456000043
                        ],
                        [
                            121.012423544000058,
                            24.811510712000029
                        ],
                        [
                            121.012448675000087,
                            24.811471715000039
                        ],
                        [
                            121.012541662000103,
                            24.811376529000029
                        ],
                        [
                            121.012584384000093,
                            24.811335247000045
                        ],
                        [
                            121.012635903000046,
                            24.811281350000058
                        ],
                        [
                            121.012769096000056,
                            24.811121931000059
                        ],
                        [
                            121.012844485000073,
                            24.811035919000062
                        ],
                        [
                            121.012907313000028,
                            24.810969408000062
                        ],
                        [
                            121.012981453000066,
                            24.810897164000039
                        ],
                        [
                            121.013030456000024,
                            24.810844407000047
                        ],
                        [
                            121.013137264000079,
                            24.810736606000034
                        ],
                        [
                            121.013222711000026,
                            24.810642565000023
                        ],
                        [
                            121.013245324000081,
                            24.810609309000029
                        ],
                        [
                            121.013296845000013,
                            24.810563441000056
                        ],
                        [
                            121.013362183000027,
                            24.810492335000049
                        ],
                        [
                            121.013423753000097,
                            24.810420081000075
                        ],
                        [
                            121.013546894000115,
                            24.810292788000027
                        ],
                        [
                            121.013671290000048,
                            24.810165482000059
                        ],
                        [
                            121.013711497000031,
                            24.810109303000047
                        ],
                        [
                            121.013788143000056,
                            24.810024445000067
                        ],
                        [
                            121.013827091000053,
                            24.809963653000068
                        ],
                        [
                            121.013989178000088,
                            24.809768683000073
                        ],
                        [
                            121.014026875000013,
                            24.809736574000055
                        ],
                        [
                            121.014072110000029,
                            24.80968610900004
                        ],
                        [
                            121.014141221000045,
                            24.809625340000025
                        ],
                        [
                            121.014201535000097,
                            24.809563408000031
                        ],
                        [
                            121.01424802300005,
                            24.809501476000037
                        ],
                        [
                            121.014363618000061,
                            24.809367292000047
                        ],
                        [
                            121.014435240000012,
                            24.809298488000024
                        ],
                        [
                            121.014498066000101,
                            24.809240012000032
                        ],
                        [
                            121.014569686000073,
                            24.80915628300005
                        ],
                        [
                            121.014632512000048,
                            24.809081738000032
                        ],
                        [
                            121.014857425000059,
                            24.808846647000053
                        ],
                        [
                            121.014916479000021,
                            24.808795042000042
                        ],
                        [
                            121.015010718000099,
                            24.808689535000042
                        ],
                        [
                            121.015135111000063,
                            24.808562237000046
                        ],
                        [
                            121.015181608000034,
                            24.808541603000037
                        ],
                        [
                            121.015318582000077,
                            24.808475119000036
                        ],
                        [
                            121.015380157000095,
                            24.808457933000057
                        ],
                        [
                            121.015480688000025,
                            24.80841324000005
                        ],
                        [
                            121.015546035000057,
                            24.808388025000056
                        ],
                        [
                            121.015637769000023,
                            24.808349058000033
                        ],
                        [
                            121.015734535000092,
                            24.808319261000065
                        ],
                        [
                            121.015865226000074,
                            24.808266540000034
                        ],
                        [
                            121.015928060000078,
                            24.808245922000026
                        ],
                        [
                            121.016013512000086,
                            24.808209237000028
                        ],
                        [
                            121.016126613000097,
                            24.808176010000068
                        ],
                        [
                            121.016199500000084,
                            24.808156545000031
                        ],
                        [
                            121.016306318000034,
                            24.808121007000068
                        ],
                        [
                            121.016394285000047,
                            24.808102696000049
                        ],
                        [
                            121.016498590000083,
                            24.808069469000031
                        ],
                        [
                            121.016582786000072,
                            24.808045406000076
                        ],
                        [
                            121.016661959000089,
                            24.808029382000029
                        ],
                        [
                            121.016765007000117,
                            24.808004181000058
                        ],
                        [
                            121.016913297000087,
                            24.807980139000051
                        ],
                        [
                            121.017037709000078,
                            24.80794577100005
                        ],
                        [
                            121.017099288000054,
                            24.807935472000054
                        ],
                        [
                            121.017163376000099,
                            24.807913704000043
                        ],
                        [
                            121.017252602000099,
                            24.807877029000053
                        ],
                        [
                            121.017334281000103,
                            24.807841493000069
                        ],
                        [
                            121.0174436100001,
                            24.807809411000051
                        ],
                        [
                            121.017540369000017,
                            24.807765855000071
                        ],
                        [
                            121.017604456000072,
                            24.807736043000034
                        ],
                        [
                            121.017679851000025,
                            24.80767871200004
                        ],
                        [
                            121.017747703000055,
                            24.807625969000071
                        ],
                        [
                            121.017840687000103,
                            24.807549142000028
                        ],
                        [
                            121.017912306000085,
                            24.807497535000039
                        ],
                        [
                            121.018010322,
                            24.807443660000047
                        ],
                        [
                            121.018073153000046,
                            24.807411565000052
                        ],
                        [
                            121.018158598000014,
                            24.807348489000049
                        ],
                        [
                            121.018207598000117,
                            24.807296886000074
                        ],
                        [
                            121.018256597000118,
                            24.807234950000066
                        ],
                        [
                            121.018306846000087,
                            24.807135163000055
                        ],
                        [
                            121.018360863000112,
                            24.80703193100004
                        ],
                        [
                            121.01837970400004,
                            24.806980305000025
                        ],
                        [
                            121.018416129000116,
                            24.806897716000037
                        ],
                        [
                            121.018438735000018,
                            24.806820861000062
                        ],
                        [
                            121.018506553000066,
                            24.80661897300007
                        ],
                        [
                            121.018546750000041,
                            24.806530652000049
                        ],
                        [
                            121.018570612000076,
                            24.806461823000063
                        ],
                        [
                            121.01860703300008,
                            24.806351696000036
                        ],
                        [
                            121.018617077000044,
                            24.806306960000029
                        ],
                        [
                            121.018725097000015,
                            24.806055752000077
                        ],
                        [
                            121.018731377000108,
                            24.806032810000033
                        ],
                        [
                            121.01874267900007,
                            24.805986924000024
                        ],
                        [
                            121.018816791000063,
                            24.805836670000076
                        ],
                        [
                            121.01883814700011,
                            24.805797657000028
                        ],
                        [
                            121.018922316000044,
                            24.805648555000062
                        ],
                        [
                            121.019005227000093,
                            24.805507473000034
                        ],
                        [
                            121.019045429000016,
                            24.805440948000069
                        ],
                        [
                            121.019119541,
                            24.805309049000073
                        ],
                        [
                            121.019157236000069,
                            24.805259730000046
                        ],
                        [
                            121.019215019000058,
                            24.805151902000034
                        ],
                        [
                            121.019306725000092,
                            24.804995913000027
                        ],
                        [
                            121.019398431000013,
                            24.804849097000044
                        ],
                        [
                            121.019527813000082,
                            24.804587576000074
                        ],
                        [
                            121.019599417000109,
                            24.804461401000026
                        ],
                        [
                            121.019647153000051,
                            24.804377662000036
                        ],
                        [
                            121.019689869000103,
                            24.804322618000072
                        ],
                        [
                            121.019730073000119,
                            24.804275593000057
                        ],
                        [
                            121.019797916000016,
                            24.804194172000052
                        ],
                        [
                            121.019912249000072,
                            24.804079486000035
                        ],
                        [
                            121.020064285000103,
                            24.803959077000059
                        ],
                        [
                            121.020132130000093,
                            24.803887977000045
                        ],
                        [
                            121.020198721000042,
                            24.803824895000048
                        ],
                        [
                            121.02027410300002,
                            24.803742329000045
                        ],
                        [
                            121.020301743000118,
                            24.803702183000041
                        ],
                        [
                            121.020471353000062,
                            24.803506059000028
                        ],
                        [
                            121.020521605000113,
                            24.803440686000044
                        ],
                        [
                            121.020564320000062,
                            24.803392521000035
                        ],
                        [
                            121.020632158000012,
                            24.803284701000052
                        ],
                        [
                            121.020682412000042,
                            24.803218172000072
                        ],
                        [
                            121.020823092000114,
                            24.802934854000057
                        ],
                        [
                            121.020845702000088,
                            24.802887830000031
                        ],
                        [
                            121.020912278000083,
                            24.802771983000071
                        ],
                        [
                            121.020932378000111,
                            24.802734132000069
                        ],
                        [
                            121.020996431000071,
                            24.802572395000027
                        ],
                        [
                            121.02104917500003,
                            24.802434746000074
                        ],
                        [
                            121.021079316000055,
                            24.802356735000046
                        ],
                        [
                            121.021133324000061,
                            24.802227122000033
                        ],
                        [
                            121.021150904000024,
                            24.802172053000049
                        ],
                        [
                            121.021188527000049,
                            24.802043156000025
                        ],
                        [
                            121.021191084000066,
                            24.802034399000036
                        ],
                        [
                            121.021227492000094,
                            24.801880682000046
                        ],
                        [
                            121.021250097,
                            24.801826769000058
                        ],
                        [
                            121.021280227000034,
                            24.801698287000079
                        ],
                        [
                            121.021305348000055,
                            24.801645520000022
                        ],
                        [
                            121.021315390000041,
                            24.801607672000046
                        ],
                        [
                            121.021408364000081,
                            24.801523963000022
                        ],
                        [
                            121.021512654000048,
                            24.801450573000068
                        ],
                        [
                            121.02156793600011,
                            24.801406992000068
                        ],
                        [
                            121.021718718000102,
                            24.801322157000072
                        ],
                        [
                            121.021780288000059,
                            24.801291197000069
                        ],
                        [
                            121.021887089000074,
                            24.801220109000042
                        ],
                        [
                            121.021982578,
                            24.801146711000058
                        ],
                        [
                            121.022059223000042,
                            24.801099706000059
                        ],
                        [
                            121.022154721000106,
                            24.801050414000031
                        ],
                        [
                            121.022274086000039,
                            24.800987358000043
                        ],
                        [
                            121.022335656000109,
                            24.800947226000062
                        ],
                        [
                            121.022540464000031,
                            24.800836007000044
                        ],
                        [
                            121.022639733,
                            24.800790156000062
                        ],
                        [
                            121.022898576000102,
                            24.800666359000047
                        ],
                        [
                            121.023123493000071,
                            24.800562028000058
                        ],
                        [
                            121.023180037000088,
                            24.800536802000067
                        ],
                        [
                            121.023241603000088,
                            24.800495523000052
                        ],
                        [
                            121.023320767000087,
                            24.800470310000037
                        ],
                        [
                            121.023417518000088,
                            24.800429046000033
                        ],
                        [
                            121.023494165000102,
                            24.800383176000025
                        ],
                        [
                            121.023618565000106,
                            24.800340767000023
                        ],
                        [
                            121.023736678000091,
                            24.800275436000049
                        ],
                        [
                            121.023815830000103,
                            24.800218091000033
                        ],
                        [
                            121.023878656000079,
                            24.800181399000053
                        ],
                        [
                            121.023961580000105,
                            24.800121771000079
                        ],
                        [
                            121.024030685000071,
                            24.800085075000027
                        ],
                        [
                            121.024059581000074,
                            24.800056404000031
                        ],
                        [
                            121.024141247000102,
                            24.799985309000078
                        ],
                        [
                            121.02421662900008,
                            24.79991764600004
                        ],
                        [
                            121.024303321000048,
                            24.799851137000076
                        ],
                        [
                            121.024371167000027,
                            24.799802976000024
                        ],
                        [
                            121.02447922500005,
                            24.799741059000041
                        ],
                        [
                            121.024593564000043,
                            24.799682590000032
                        ],
                        [
                            121.024746856000093,
                            24.799608066000076
                        ],
                        [
                            121.02485742500005,
                            24.799541563000048
                        ],
                        [
                            121.024981814000057,
                            24.799456711000062
                        ],
                        [
                            121.02515143100004,
                            24.799344339000072
                        ],
                        [
                            121.025310998,
                            24.799231960000043
                        ],
                        [
                            121.025357484000097,
                            24.799206735000041
                        ],
                        [
                            121.025429109000015,
                            24.799183819000064
                        ],
                        [
                            121.025544709000087,
                            24.79913222600004
                        ],
                        [
                            121.025638953000112,
                            24.799123074000079
                        ],
                        [
                            121.025706811000077,
                            24.79910589800005
                        ],
                        [
                            121.025744500000087,
                            24.799073787000054
                        ],
                        [
                            121.025740721000034,
                            24.799043966000056
                        ],
                        [
                            121.025705523000056,
                            24.799000353000054
                        ],
                        [
                            121.025632629000029,
                            24.798977390000061
                        ],
                        [
                            121.025574823000056,
                            24.798972776000028
                        ],
                        [
                            121.02551827100001,
                            24.798965871000064
                        ],
                        [
                            121.025398885000072,
                            24.798961242000075
                        ],
                        [
                            121.025341076000018,
                            24.798953188000041
                        ],
                        [
                            121.025178969000081,
                            24.79896117100003
                        ],
                        [
                            121.025038220000056,
                            24.798949658000026
                        ],
                        [
                            121.024871085000086,
                            24.798957628000039
                        ],
                        [
                            121.024829610000097,
                            24.798949582000034
                        ],
                        [
                            121.024638599000014,
                            24.798941487000036
                        ],
                        [
                            121.024466432000054,
                            24.798933400000067
                        ],
                        [
                            121.024342018000084,
                            24.798932211000078
                        ],
                        [
                            121.024272902,
                            24.798924151000051
                        ],
                        [
                            121.024083141,
                            24.798906883000029
                        ],
                        [
                            121.023987629000089,
                            24.798885049000035
                        ],
                        [
                            121.023943646000021,
                            24.798882744000025
                        ],
                        [
                            121.023848132000012,
                            24.798864351000077
                        ],
                        [
                            121.023752622000075,
                            24.798839087000033
                        ],
                        [
                            121.023618148000082,
                            24.798803472000031
                        ],
                        [
                            121.023450998000044,
                            24.798757525000042
                        ],
                        [
                            121.023359252000091,
                            24.798721929000067
                        ],
                        [
                            121.023259970000026,
                            24.798704691000069
                        ],
                        [
                            121.023212213000079,
                            24.798687464000068
                        ],
                        [
                            121.023063919000037,
                            24.798664472000041
                        ],
                        [
                            121.022871639000073,
                            24.798628840000049
                        ],
                        [
                            121.022792466000055,
                            24.798605866000059
                        ],
                        [
                            121.022669309000094,
                            24.798586319000037
                        ],
                        [
                            121.022616527000082,
                            24.798573687000044
                        ],
                        [
                            121.022445610000091,
                            24.798543791000043
                        ],
                        [
                            121.02227344500011,
                            24.798529959000064
                        ],
                        [
                            121.022137722000025,
                            24.798515002000045
                        ],
                        [
                            121.022059809000098,
                            24.798509233000061
                        ],
                        [
                            121.021892673000025,
                            24.798524092000036
                        ],
                        [
                            121.021723034000047,
                            24.798556159000043
                        ],
                        [
                            121.02164889200003,
                            24.798566453000035
                        ],
                        [
                            121.021509412000114,
                            24.79859278400005
                        ],
                        [
                            121.021440300000108,
                            24.798611122000068
                        ],
                        [
                            121.021221653000111,
                            24.798662669000066
                        ],
                        [
                            121.021085941000024,
                            24.798697033000053
                        ],
                        [
                            121.020982899000046,
                            24.798705030000065
                        ],
                        [
                            121.020926351000071,
                            24.798717632000034
                        ],
                        [
                            121.020776822000016,
                            24.798776086000032
                        ],
                        [
                            121.020631059000038,
                            24.798810451000065
                        ],
                        [
                            121.020607181000059,
                            24.798805851000054
                        ],
                        [
                            121.020607443000017,
                            24.798804647000054
                        ],
                        [
                            121.020617223000045,
                            24.798759974000063
                        ],
                        [
                            121.020646103000104,
                            24.798671643000034
                        ],
                        [
                            121.020674990000089,
                            24.798606265000046
                        ],
                        [
                            121.020722726000031,
                            24.798528259000022
                        ],
                        [
                            121.020809414000041,
                            24.79843881000005
                        ],
                        [
                            121.020884795000029,
                            24.798366560000034
                        ],
                        [
                            121.020938823000051,
                            24.798332165000033
                        ],
                        [
                            121.02100666900003,
                            24.798286300000029
                        ],
                        [
                            121.021063217,
                            24.798271401000022
                        ],
                        [
                            121.021097133000012,
                            24.798227212000029
                        ],
                        [
                            121.021183328,
                            24.798130729000036
                        ],
                        [
                            121.02130385800001,
                            24.798015904000067
                        ],
                        [
                            121.021390502000031,
                            24.797946985000067
                        ],
                        [
                            121.021446992000051,
                            24.797882695000055
                        ],
                        [
                            121.021500966000076,
                            24.797817257000077
                        ],
                        [
                            121.021554944000059,
                            24.797752958000046
                        ],
                        [
                            121.021693015000096,
                            24.797584219000044
                        ],
                        [
                            121.021741958,
                            24.797511903000043
                        ],
                        [
                            121.021780865000096,
                            24.797459099000037
                        ],
                        [
                            121.021828510000091,
                            24.797346632000028
                        ],
                        [
                            121.021867401,
                            24.797275471000034
                        ],
                        [
                            121.02190629100005,
                            24.797205457000075
                        ],
                        [
                            121.02201294200006,
                            24.79703100100005
                        ],
                        [
                            121.022060631000045,
                            24.796964425000056
                        ],
                        [
                            121.022113336000075,
                            24.796885229000054
                        ],
                        [
                            121.022176097000056,
                            24.796809452000048
                        ],
                        [
                            121.022261430000071,
                            24.796684338000034
                        ],
                        [
                            121.022356847000083,
                            24.796590175000063
                        ],
                        [
                            121.022419638000088,
                            24.796545375000051
                        ],
                        [
                            121.022513822000064,
                            24.796478748000027
                        ],
                        [
                            121.02259923400004,
                            24.796436229000051
                        ],
                        [
                            121.022729892000029,
                            24.79640054500004
                        ],
                        [
                            121.022796472000095,
                            24.796378677000064
                        ],
                        [
                            121.022898228000031,
                            24.796345310000049
                        ],
                        [
                            121.022963556000036,
                            24.796328037000023
                        ],
                        [
                            121.02305900500005,
                            24.796269453000036
                        ],
                        [
                            121.023105441000098,
                            24.796207439000057
                        ],
                        [
                            121.023139302000118,
                            24.796135159000073
                        ],
                        [
                            121.023151785000096,
                            24.796047970000075
                        ],
                        [
                            121.023136581000017,
                            24.795917210000027
                        ],
                        [
                            121.02311893000001,
                            24.795854140000074
                        ],
                        [
                            121.023050976000036,
                            24.795755558000053
                        ],
                        [
                            121.023009484000113,
                            24.795728072000031
                        ],
                        [
                            121.022882455000058,
                            24.795615785000052
                        ],
                        [
                            121.022742871000105,
                            24.795512682000037
                        ],
                        [
                            121.022688798000104,
                            24.795470293000051
                        ],
                        [
                            121.022573145000024,
                            24.795425672000079
                        ],
                        [
                            121.022466285000064,
                            24.79537760200003
                        ],
                        [
                            121.022267693000117,
                            24.795330764000028
                        ],
                        [
                            121.022111832000064,
                            24.795287333000033
                        ],
                        [
                            121.022003734,
                            24.795256463000044
                        ],
                        [
                            121.021904437000103,
                            24.795232471000077
                        ],
                        [
                            121.021798845000035,
                            24.795195874000058
                        ],
                        [
                            121.021558775000017,
                            24.795137612000076
                        ],
                        [
                            121.021477056000094,
                            24.795095242000059
                        ],
                        [
                            121.021410419000063,
                            24.795056312000042
                        ],
                        [
                            121.021317374000091,
                            24.794997901000045
                        ],
                        [
                            121.02123941100001,
                            24.794942921000029
                        ],
                        [
                            121.021049521,
                            24.794791692000047
                        ],
                        [
                            121.020946399000081,
                            24.794704616000047
                        ],
                        [
                            121.020808048000049,
                            24.794573983000078
                        ],
                        [
                            121.020713692000072,
                            24.794455920000075
                        ],
                        [
                            121.02066585700004,
                            24.794366499000034
                        ],
                        [
                            121.020629314000075,
                            24.794255262000036
                        ],
                        [
                            121.02062043300009,
                            24.794163507000064
                        ],
                        [
                            121.020620373000042,
                            24.79410041400007
                        ],
                        [
                            121.020652922000068,
                            24.793969613000058
                        ],
                        [
                            121.020711815000027,
                            24.793789457000059
                        ],
                        [
                            121.020749438000053,
                            24.793706840000027
                        ],
                        [
                            121.020795854000085,
                            24.793624196000053
                        ],
                        [
                            121.020835996000073,
                            24.793547312000044
                        ],
                        [
                            121.020950116000108,
                            24.793298277000076
                        ],
                        [
                            121.020988985000031,
                            24.793208764000042
                        ],
                        [
                            121.021070517000112,
                            24.793049244000031
                        ],
                        [
                            121.021136995,
                            24.792918411000073
                        ],
                        [
                            121.021227245000091,
                            24.792677434000041
                        ],
                        [
                            121.021312504000093,
                            24.792475452000076
                        ],
                        [
                            121.021381458000064,
                            24.792305622000072
                        ],
                        [
                            121.021440401000064,
                            24.792180533000078
                        ],
                        [
                            121.02150433700001,
                            24.792018734000067
                        ],
                        [
                            121.021567013000094,
                            24.791856922000022
                        ],
                        [
                            121.021608391000086,
                            24.791758232000063
                        ],
                        [
                            121.021623414000032,
                            24.791699716000039
                        ],
                        [
                            121.021717442000067,
                            24.791470215000061
                        ],
                        [
                            121.021812707000095,
                            24.791220055000053
                        ],
                        [
                            121.021842792000029,
                            24.791139724000061
                        ],
                        [
                            121.021894215000088,
                            24.791037585000026
                        ],
                        [
                            121.021915513000067,
                            24.790971040000045
                        ],
                        [
                            121.021938068000054,
                            24.790899892000027
                        ],
                        [
                            121.021935504000112,
                            24.790844836000076
                        ],
                        [
                            121.02189270000008,
                            24.79076457900004
                        ],
                        [
                            121.021828527000025,
                            24.790667142000075
                        ],
                        [
                            121.021802066000078,
                            24.790589166000075
                        ],
                        [
                            121.021790668000108,
                            24.790496263000023
                        ],
                        [
                            121.021809470000107,
                            24.790445773000044
                        ],
                        [
                            121.02189110900008,
                            24.79040668600004
                        ],
                        [
                            121.022016766000093,
                            24.790406568000037
                        ],
                        [
                            121.022144950000097,
                            24.790419063000058
                        ],
                        [
                            121.022278200000073,
                            24.790478578000034
                        ],
                        [
                            121.022626420000051,
                            24.790634232000059
                        ],
                        [
                            121.022735791000059,
                            24.790682301000061
                        ],
                        [
                            121.022822518000112,
                            24.790712047000056
                        ],
                        [
                            121.022904194000034,
                            24.790709668000034
                        ],
                        [
                            121.022972051000011,
                            24.790710759000035
                        ],
                        [
                            121.023080116000074,
                            24.790709496000034
                        ],
                        [
                            121.023204494000083,
                            24.790685281000037
                        ],
                        [
                            121.023350213000072,
                            24.790640405000033
                        ],
                        [
                            121.023431831000039,
                            24.790579520000051
                        ],
                        [
                            121.023514709000096,
                            24.790518637000048
                        ],
                        [
                            121.0235686850001,
                            24.790457804000027
                        ],
                        [
                            121.023736844000041,
                            24.790225914000075
                        ],
                        [
                            121.023798357000032,
                            24.790163913000072
                        ],
                        [
                            121.023873662000028,
                            24.790072054000063
                        ],
                        [
                            121.023918852000065,
                            24.790021560000071
                        ],
                        [
                            121.024100832000045,
                            24.789790804000063
                        ],
                        [
                            121.024146023000071,
                            24.789742585000056
                        ],
                        [
                            121.024225080000065,
                            24.789631239000073
                        ],
                        [
                            121.024279050000018,
                            24.789566947000026
                        ],
                        [
                            121.024393264000082,
                            24.78942918000007
                        ],
                        [
                            121.024489896000091,
                            24.789302909000071
                        ],
                        [
                            121.02451875700001,
                            24.789258140000072
                        ],
                        [
                            121.024561383000105,
                            24.789159450000056
                        ],
                        [
                            121.0245876890001,
                            24.789071093000075
                        ],
                        [
                            121.024601381000025,
                            24.788939173000074
                        ],
                        [
                            121.024577378000117,
                            24.788803839000025
                        ],
                        [
                            121.024545887000045,
                            24.788723572000038
                        ],
                        [
                            121.024491699,
                            24.788561887000071
                        ],
                        [
                            121.024417361000019,
                            24.788352039000074
                        ],
                        [
                            121.024378318000117,
                            24.788258023000026
                        ],
                        [
                            121.024370730000101,
                            24.788207554000053
                        ],
                        [
                            121.024349280000024,
                            24.788118109000038
                        ],
                        [
                            121.024339135000105,
                            24.788019475000056
                        ],
                        [
                            121.024320089000071,
                            24.787811866000027
                        ],
                        [
                            121.024304903000029,
                            24.787700618000031
                        ],
                        [
                            121.024323615000071,
                            24.787560644000052
                        ],
                        [
                            121.024356136000051,
                            24.787403461000054
                        ],
                        [
                            121.024408766000079,
                            24.787250852000057
                        ],
                        [
                            121.02449406400001,
                            24.787098208000032
                        ],
                        [
                            121.024521631000084,
                            24.787019024000074
                        ],
                        [
                            121.024589405000029,
                            24.786938659000043
                        ],
                        [
                            121.024664701,
                            24.786836496000035
                        ],
                        [
                            121.02476135400002,
                            24.786733166000033
                        ],
                        [
                            121.024851757000079,
                            24.786666539000066
                        ],
                        [
                            121.024912036000046,
                            24.786628627000027
                        ],
                        [
                            121.024974805000056,
                            24.786568911000074
                        ],
                        [
                            121.025053879000097,
                            24.786478223000074
                        ],
                        [
                            121.02508772200008,
                            24.786391009000056
                        ],
                        [
                            121.025092678000078,
                            24.786318735000066
                        ],
                        [
                            121.025088833000041,
                            24.786241884000049
                        ],
                        [
                            121.025044789000049,
                            24.786173103000067
                        ],
                        [
                            121.024954246000107,
                            24.786097485000028
                        ],
                        [
                            121.024814716000037,
                            24.786039131000052
                        ],
                        [
                            121.024640015000045,
                            24.785995714000023
                        ],
                        [
                            121.024523132000013,
                            24.785966001000077
                        ],
                        [
                            121.024392433000116,
                            24.785946629000023
                        ],
                        [
                            121.024157442000046,
                            24.785922779000032
                        ],
                        [
                            121.023978989000057,
                            24.785894287000076
                        ],
                        [
                            121.023753999000064,
                            24.785818789000075
                        ],
                        [
                            121.023595627000077,
                            24.785766185000057
                        ],
                        [
                            121.023498839000013,
                            24.785728425000059
                        ],
                        [
                            121.023405834000073,
                            24.785702139000023
                        ],
                        [
                            121.023327896000069,
                            24.785668954000073
                        ],
                        [
                            121.023133002,
                            24.785529203000067
                        ],
                        [
                            121.023052515000018,
                            24.785454722000054
                        ],
                        [
                            121.023004700000115,
                            24.785384794000038
                        ],
                        [
                            121.022987020000073,
                            24.785291901000051
                        ],
                        [
                            121.023013312000103,
                            24.785190930000056
                        ],
                        [
                            121.023054690000095,
                            24.785100267000075
                        ],
                        [
                            121.023114937000059,
                            24.785029095000027
                        ],
                        [
                            121.023176475000014,
                            24.784998055000074
                        ],
                        [
                            121.023271918000091,
                            24.784940608000056
                        ],
                        [
                            121.023352305000117,
                            24.784910703000037
                        ],
                        [
                            121.023587175000102,
                            24.784809520000067
                        ],
                        [
                            121.023796944000082,
                            24.784737049000057
                        ],
                        [
                            121.024068248000049,
                            24.784633538000037
                        ],
                        [
                            121.024246604000041,
                            24.784559953000041
                        ],
                        [
                            121.024386023000034,
                            24.784502454000062
                        ],
                        [
                            121.02454302600006,
                            24.78444035800004
                        ],
                        [
                            121.024767852000082,
                            24.784349510000027
                        ],
                        [
                            121.024932385000056,
                            24.784274788000062
                        ],
                        [
                            121.025149659000022,
                            24.784170166000024
                        ],
                        [
                            121.025390778000087,
                            24.784038027000065
                        ],
                        [
                            121.025636900000109,
                            24.783880625000052
                        ],
                        [
                            121.025787560000026,
                            24.783756594000067
                        ],
                        [
                            121.025916884000026,
                            24.783660101000066
                        ],
                        [
                            121.026091420000057,
                            24.783538337000039
                        ],
                        [
                            121.026230778000013,
                            24.783421195000074
                        ],
                        [
                            121.026341286000047,
                            24.783357994000028
                        ],
                        [
                            121.026495735000026,
                            24.78325574400003
                        ],
                        [
                            121.026667789000044,
                            24.783166094000023
                        ],
                        [
                            121.026875024000105,
                            24.783078707000072
                        ],
                        [
                            121.027008163000119,
                            24.783028105000028
                        ],
                        [
                            121.027172699000062,
                            24.782963692000067
                        ],
                        [
                            121.027371120000112,
                            24.782856809000066
                        ],
                        [
                            121.027440181000088,
                            24.782809705000034
                        ],
                        [
                            121.027501691000111,
                            24.782751142000052
                        ],
                        [
                            121.027523010000095,
                            24.782708685000046
                        ],
                        [
                            121.027512894000097,
                            24.782643312000062
                        ],
                        [
                            121.027473836000013,
                            24.782532077000042
                        ],
                        [
                            121.027436058000035,
                            24.782447234000074
                        ],
                        [
                            121.027375606000078,
                            24.782303905000049
                        ],
                        [
                            121.027248398000097,
                            24.781993172000057
                        ],
                        [
                            121.027235758000074,
                            24.781918628000028
                        ],
                        [
                            121.027203011000097,
                            24.781837222000036
                        ],
                        [
                            121.027170229000035,
                            24.78172139000003
                        ],
                        [
                            121.027106008000032,
                            24.781578071000069
                        ],
                        [
                            121.027078301000074,
                            24.781511564000027
                        ],
                        [
                            121.027054347000103,
                            24.781424414000071
                        ],
                        [
                            121.027036699000064,
                            24.781367077000027
                        ],
                        [
                            121.026958621000063,
                            24.78118820800006
                        ],
                        [
                            121.026895700000068,
                            24.781089627000028
                        ],
                        [
                            121.026845371000036,
                            24.781015113000024
                        ],
                        [
                            121.026801343000102,
                            24.780961246000061
                        ],
                        [
                            121.026747258000114,
                            24.780903942000066
                        ],
                        [
                            121.026623631,
                            24.780809257000044
                        ],
                        [
                            121.02660516900005,
                            24.780795119000061
                        ],
                        [
                            121.026459343000056,
                            24.780714970000076
                        ],
                        [
                            121.026375118000033,
                            24.780670321000059
                        ],
                        [
                            121.026326076000032,
                            24.780630214000041
                        ],
                        [
                            121.026295878000042,
                            24.780586648000053
                        ],
                        [
                            121.02625437800009,
                            24.780548853000028
                        ],
                        [
                            121.02613365000002,
                            24.780438851000042
                        ],
                        [
                            121.026009167000097,
                            24.780339170000047
                        ],
                        [
                            121.025922447000085,
                            24.780315169000062
                        ],
                        [
                            121.025848286000041,
                            24.780284276000032
                        ],
                        [
                            121.025750268000024,
                            24.780269459000067
                        ],
                        [
                            121.025602031000062,
                            24.780295993000038
                        ],
                        [
                            121.025424947000033,
                            24.780376467000053
                        ],
                        [
                            121.025308156000051,
                            24.780437384000038
                        ],
                        [
                            121.025183831000049,
                            24.78050747900005
                        ],
                        [
                            121.025058195000042,
                            24.780519084000048
                        ],
                        [
                            121.024955155000043,
                            24.780505413000071
                        ],
                        [
                            121.024914919000025,
                            24.780475625000065
                        ],
                        [
                            121.024885962000099,
                            24.780417161000059
                        ],
                        [
                            121.024879602000055,
                            24.780334568000058
                        ],
                        [
                            121.024873204000073,
                            24.780215292000037
                        ],
                        [
                            121.024914532000025,
                            24.780071857000053
                        ],
                        [
                            121.02495465800007,
                            24.779988082000045
                        ],
                        [
                            121.024993559000109,
                            24.779935267000042
                        ],
                        [
                            121.025047532000031,
                            24.779877863000024
                        ],
                        [
                            121.025189394000108,
                            24.779757279000023
                        ],
                        [
                            121.025306168000043,
                            24.779676860000052
                        ],
                        [
                            121.025395300000014,
                            24.779596473000026
                        ],
                        [
                            121.025476902000037,
                            24.779526415000078
                        ],
                        [
                            121.025544688000082,
                            24.779464404000066
                        ],
                        [
                            121.025621263000062,
                            24.779392072000064
                        ],
                        [
                            121.025725427000111,
                            24.77926577900007
                        ],
                        [
                            121.025776897000014,
                            24.779218695000054
                        ],
                        [
                            121.025834603000021,
                            24.779125726000075
                        ],
                        [
                            121.025894853000068,
                            24.779063726000061
                        ],
                        [
                            121.025946308000016,
                            24.779002873000024
                        ],
                        [
                            121.0260078230001,
                            24.778947750000043
                        ],
                        [
                            121.026143450000063,
                            24.778877637000051
                        ],
                        [
                            121.02626654300002,
                            24.778840807000051
                        ],
                        [
                            121.02632307600004,
                            24.778832716000068
                        ],
                        [
                            121.026514024000107,
                            24.778799249000031
                        ],
                        [
                            121.026620812000033,
                            24.778789986000049
                        ],
                        [
                            121.026762786000063,
                            24.778784101000042
                        ],
                        [
                            121.026924881000014,
                            24.778797697000073
                        ],
                        [
                            121.027130998000075,
                            24.778859424000075
                        ],
                        [
                            121.027259198000024,
                            24.77890287200006
                        ],
                        [
                            121.027417558000025,
                            24.77895320600004
                        ],
                        [
                            121.027558294000073,
                            24.778967970000053
                        ],
                        [
                            121.027722853000114,
                            24.778932241000064
                        ],
                        [
                            121.027800726,
                            24.778904634000071
                        ],
                        [
                            121.02786727900002,
                            24.778863262000073
                        ],
                        [
                            121.027946382000096,
                            24.77881042100006
                        ],
                        [
                            121.027992799000117,
                            24.778738111000052
                        ],
                        [
                            121.027992709000046,
                            24.77864863800005
                        ],
                        [
                            121.027944844000103,
                            24.778524799000024
                        ],
                        [
                            121.02789326300001,
                            24.778456020000078
                        ],
                        [
                            121.027859276000072,
                            24.778392972000063
                        ],
                        [
                            121.027798894000057,
                            24.778318470000045
                        ],
                        [
                            121.02773718900005,
                            24.77817744500004
                        ],
                        [
                            121.02770569900008,
                            24.778094884000041
                        ],
                        [
                            121.027671697000073,
                            24.778014616000064
                        ],
                        [
                            121.027637708000043,
                            24.777948126000069
                        ],
                        [
                            121.027604974000042,
                            24.777880481000068
                        ],
                        [
                            121.027570884000056,
                            24.777710742000068
                        ],
                        [
                            121.02755946000002,
                            24.777593750000051
                        ],
                        [
                            121.02753426400011,
                            24.777524947000074
                        ],
                        [
                            121.027531647000046,
                            24.777419422000037
                        ],
                        [
                            121.027500184000019,
                            24.777365535000058
                        ],
                        [
                            121.0274975210001,
                            24.777212980000058
                        ],
                        [
                            121.027572812000017,
                            24.777116548000038
                        ],
                        [
                            121.027659440000093,
                            24.777048782000065
                        ],
                        [
                            121.027827708000018,
                            24.776953399000035
                        ],
                        [
                            121.027973399000075,
                            24.776898189000065
                        ],
                        [
                            121.028052525000021,
                            24.776868280000031
                        ],
                        [
                            121.028144202000021,
                            24.77682573800007
                        ],
                        [
                            121.028223315000105,
                            24.776785519000043
                        ],
                        [
                            121.02830119500004,
                            24.776763637000045
                        ],
                        [
                            121.028488353000057,
                            24.776716418000035
                        ],
                        [
                            121.028547401000083,
                            24.776712914000029
                        ],
                        [
                            121.028644129000099,
                            24.776696751000031
                        ],
                        [
                            121.028738371000031,
                            24.77670583500003
                        ],
                        [
                            121.028822571000092,
                            24.776726395000026
                        ],
                        [
                            121.028916827000103,
                            24.776750385000071
                        ],
                        [
                            121.029092801000047,
                            24.776825910000071
                        ],
                        [
                            121.029165717000069,
                            24.776867130000028
                        ],
                        [
                            121.029217273000086,
                            24.776908372000037
                        ],
                        [
                            121.02928767100002,
                            24.776949592000051
                        ],
                        [
                            121.02937320500007,
                            24.777047004000053
                        ],
                        [
                            121.029441107000025,
                            24.777100853000036
                        ],
                        [
                            121.029512742000065,
                            24.777122573000042
                        ],
                        [
                            121.029594422000059,
                            24.777133958000036
                        ],
                        [
                            121.029615780000086,
                            24.777131633000067
                        ],
                        [
                            121.029653439000072,
                            24.777098331000047
                        ],
                        [
                            121.029671006000058,
                            24.777076522000073
                        ],
                        [
                            121.029702351000083,
                            24.777009966000037
                        ],
                        [
                            121.029726106000112,
                            24.77689177600007
                        ],
                        [
                            121.029727188000038,
                            24.776718570000071
                        ],
                        [
                            121.029708269000025,
                            24.77664518000006
                        ],
                        [
                            121.029690552000034,
                            24.776520165000079
                        ],
                        [
                            121.029672892,
                            24.776446766000049
                        ],
                        [
                            121.029560772000082,
                            24.776146342000061
                        ],
                        [
                            121.029524240000114,
                            24.776053463000039
                        ],
                        [
                            121.02948015700008,
                            24.775945689000025
                        ],
                        [
                            121.029446157000052,
                            24.775865421000049
                        ],
                        [
                            121.029364343000111,
                            24.775718677000043
                        ],
                        [
                            121.029301388000022,
                            24.77558338800003
                        ],
                        [
                            121.029253582000024,
                            24.775520349000033
                        ],
                        [
                            121.029190647000064,
                            24.775406844000031
                        ],
                        [
                            121.029132770000047,
                            24.775324326000032
                        ],
                        [
                            121.029049672000042,
                            24.77514661400005
                        ],
                        [
                            121.029003071000034,
                            24.775031940000076
                        ],
                        [
                            121.028964049000024,
                            24.774957425000025
                        ],
                        [
                            121.02890990100002,
                            24.774834745000078
                        ],
                        [
                            121.028880896000032,
                            24.774724656000046
                        ],
                        [
                            121.028816688,
                            24.774593950000053
                        ],
                        [
                            121.028760035000118,
                            24.774477004000062
                        ],
                        [
                            121.028708435000112,
                            24.774386438000079
                        ],
                        [
                            121.028651807000074,
                            24.77429472700004
                        ],
                        [
                            121.028591411000093,
                            24.774204163000036
                        ],
                        [
                            121.028514644000097,
                            24.774072333000049
                        ],
                        [
                            121.028444180000065,
                            24.773965726000029
                        ],
                        [
                            121.028412722000098,
                            24.773916426000028
                        ],
                        [
                            121.028373729,
                            24.773870586000044
                        ],
                        [
                            121.028315852000105,
                            24.773784600000056
                        ],
                        [
                            121.028261734000012,
                            24.77369174100005
                        ],
                        [
                            121.028210100000024,
                            24.773563317000026
                        ],
                        [
                            121.028173548000041,
                            24.773446358000058
                        ],
                        [
                            121.028163146000111,
                            24.773243811000043
                        ],
                        [
                            121.028156186000047,
                            24.773163267000029
                        ],
                        [
                            121.028200094000113,
                            24.77309783000004
                        ],
                        [
                            121.028294262000031,
                            24.773027758000069
                        ],
                        [
                            121.028395978000049,
                            24.77296571100004
                        ],
                        [
                            121.028522871000064,
                            24.772946096000055
                        ],
                        [
                            121.028669863000118,
                            24.772921879000023
                        ],
                        [
                            121.028845776000026,
                            24.772914849000074
                        ],
                        [
                            121.028970172000072,
                            24.772909001000073
                        ],
                        [
                            121.029086992000089,
                            24.772869902000025
                        ],
                        [
                            121.029212641000072,
                            24.772864047000041
                        ],
                        [
                            121.029323177000038,
                            24.772823811000023
                        ],
                        [
                            121.029472643000076,
                            24.772764023000036
                        ],
                        [
                            121.0296019970001,
                            24.772697366000045
                        ],
                        [
                            121.029721299000016,
                            24.772630710000044
                        ],
                        [
                            121.029885770000078,
                            24.772504358000049
                        ],
                        [
                            121.030001282000057,
                            24.772420493000027
                        ],
                        [
                            121.030198386000052,
                            24.772261984000068
                        ],
                        [
                            121.03032139700008,
                            24.772141398000031
                        ],
                        [
                            121.030347731,
                            24.77209318000007
                        ],
                        [
                            121.030376569000055,
                            24.772035789000029
                        ],
                        [
                            121.030375226000046,
                            24.771958910000023
                        ],
                        [
                            121.030341196000109,
                            24.771865992000073
                        ],
                        [
                            121.03028577200007,
                            24.771745563000025
                        ],
                        [
                            121.030249207000111,
                            24.771631981000041
                        ],
                        [
                            121.03021138400004,
                            24.771519563000027
                        ],
                        [
                            121.030163522000066,
                            24.771419779000041
                        ],
                        [
                            121.030104397000059,
                            24.771360156000071
                        ],
                        [
                            121.030025150000029,
                            24.771283347000065
                        ],
                        [
                            121.029938404000063,
                            24.771245553000028
                        ],
                        [
                            121.029807705000053,
                            24.771230744000036
                        ],
                        [
                            121.029674514000021,
                            24.77123774100005
                        ],
                        [
                            121.029567690000022,
                            24.771220624000023
                        ],
                        [
                            121.029439440000033,
                            24.771147291000034
                        ],
                        [
                            121.029332521000015,
                            24.771046409000064
                        ],
                        [
                            121.029272047000063,
                            24.770901881000043
                        ],
                        [
                            121.029266931000052,
                            24.770819261000042
                        ],
                        [
                            121.029337183000052,
                            24.770718233000025
                        ],
                        [
                            121.029398670000091,
                            24.770641307000062
                        ],
                        [
                            121.029403642000034,
                            24.770591956000032
                        ],
                        [
                            121.029401033000113,
                            24.770504757000026
                        ],
                        [
                            121.029361955000013,
                            24.770393486000046
                        ],
                        [
                            121.029344251000111,
                            24.770291367000027
                        ],
                        [
                            121.029362950000063,
                            24.770155951000049
                        ],
                        [
                            121.029415518000064,
                            24.76996772900003
                        ],
                        [
                            121.029431776000024,
                            24.769898874000035
                        ],
                        [
                            121.029459320000115,
                            24.769811641000047
                        ],
                        [
                            121.029461741000091,
                            24.769726727000034
                        ],
                        [
                            121.029461631000117,
                            24.769625750000046
                        ],
                        [
                            121.029359581000108,
                            24.76938143700005
                        ],
                        [
                            121.029282782000109,
                            24.769246103000057
                        ],
                        [
                            121.029229872000087,
                            24.769123369000056
                        ],
                        [
                            121.029166842000109,
                            24.768940975000078
                        ],
                        [
                            121.029164249000019,
                            24.768867537000062
                        ],
                        [
                            121.02918675,
                            24.768761960000063
                        ],
                        [
                            121.029214304000106,
                            24.768679325000051
                        ],
                        [
                            121.029308411000102,
                            24.768561057000056
                        ],
                        [
                            121.029410055000085,
                            24.768437047000077
                        ],
                        [
                            121.029522996000082,
                            24.768307292000031
                        ],
                        [
                            121.029615798,
                            24.768140813000059
                        ],
                        [
                            121.029682222000019,
                            24.767985868000039
                        ],
                        [
                            121.029708403000086,
                            24.767803400000048
                        ],
                        [
                            121.029742055000042,
                            24.767556669000044
                        ],
                        [
                            121.029765632000021,
                            24.767285850000064
                        ],
                        [
                            121.02975411500006,
                            24.767098832000045
                        ],
                        [
                            121.029756468000073,
                            24.766956538000045
                        ],
                        [
                            121.029790271000024,
                            24.766845209000053
                        ],
                        [
                            121.029835285000104,
                            24.766645521000044
                        ],
                        [
                            121.029859061000025,
                            24.766557145000036
                        ],
                        [
                            121.029892888000063,
                            24.766468764000024
                        ],
                        [
                            121.029933032000031,
                            24.766409061000047
                        ],
                        [
                            121.030029653000042,
                            24.766294240000036
                        ],
                        [
                            121.030167700000106,
                            24.766142657000046
                        ],
                        [
                            121.030342206000114,
                            24.766009415000042
                        ],
                        [
                            121.030511710000042,
                            24.765899113000046
                        ],
                        [
                            121.030644841000026,
                            24.765845067000043
                        ],
                        [
                            121.030875974000082,
                            24.765788655000051
                        ],
                        [
                            121.031025487000079,
                            24.76577934200003
                        ],
                        [
                            121.031196345000012,
                            24.765756257000078
                        ],
                        [
                            121.031260405000012,
                            24.765736688000061
                        ],
                        [
                            121.031423655000026,
                            24.765652787000079
                        ],
                        [
                            121.03154792600003,
                            24.765543677000039
                        ],
                        [
                            121.031628259000058,
                            24.765469030000077
                        ],
                        [
                            121.031733680000116,
                            24.765359932000024
                        ],
                        [
                            121.031817797000031,
                            24.76529789600005
                        ],
                        [
                            121.031984818000069,
                            24.765215140000066
                        ],
                        [
                            121.032158157000026,
                            24.76516220600007
                        ],
                        [
                            121.032395563000023,
                            24.765103484000065
                        ],
                        [
                            121.032629210000096,
                            24.765047053000046
                        ],
                        [
                            121.032730939000089,
                            24.765007955000044
                        ],
                        [
                            121.03280505400005,
                            24.764991830000042
                        ],
                        [
                            121.032887936000066,
                            24.764949297000044
                        ],
                        [
                            121.033022345000063,
                            24.764917062000052
                        ],
                        [
                            121.0330662880001,
                            24.764889479000033
                        ],
                        [
                            121.033134053000026,
                            24.764812540000037
                        ],
                        [
                            121.033204178,
                            24.764694294000037
                        ],
                        [
                            121.033277425000051,
                            24.764576796000028
                        ],
                        [
                            121.033337663000111,
                            24.764442564000035
                        ],
                        [
                            121.03336527600004,
                            24.764387492000026
                        ],
                        [
                            121.03339539000001,
                            24.764310624000075
                        ],
                        [
                            121.033441841000013,
                            24.764242908000028
                        ],
                        [
                            121.033505849000107,
                            24.764109831000042
                        ],
                        [
                            121.033528395000076,
                            24.76397217300007
                        ],
                        [
                            121.033543426000051,
                            24.763886137000043
                        ],
                        [
                            121.033543363000035,
                            24.763762244000077
                        ],
                        [
                            121.033525726000107,
                            24.763667051000027
                        ],
                        [
                            121.033491751000042,
                            24.763566127000047
                        ],
                        [
                            121.03346909600009,
                            24.763482398000065
                        ],
                        [
                            121.033450223000045,
                            24.763429650000035
                        ],
                        [
                            121.033407474000114,
                            24.763367723000044
                        ],
                        [
                            121.033372277000012,
                            24.763329879000025
                        ],
                        [
                            121.033320734000085,
                            24.763269121000064
                        ],
                        [
                            121.033240154000055,
                            24.763204092000024
                        ],
                        [
                            121.033203781000111,
                            24.763175305000061
                        ],
                        [
                            121.033166077000033,
                            24.763145462000068
                        ],
                        [
                            121.033093392000069,
                            24.763088753000034
                        ],
                        [
                            121.033042821000095,
                            24.763024857000062
                        ],
                        [
                            121.033023885000034,
                            24.762947999000062
                        ],
                        [
                            121.033008641000038,
                            24.762799986000061
                        ],
                        [
                            121.033006033000106,
                            24.762717373000044
                        ],
                        [
                            121.032984554000109,
                            24.762610671000061
                        ],
                        [
                            121.032973164000055,
                            24.762537241000075
                        ],
                        [
                            121.032960488000072,
                            24.762438578000058
                        ],
                        [
                            121.032905010000036,
                            24.762268789000075
                        ],
                        [
                            121.032830722000085,
                            24.76213116100007
                        ],
                        [
                            121.032767806000038,
                            24.762046305000069
                        ],
                        [
                            121.032713716000103,
                            24.761992416000055
                        ],
                        [
                            121.03263194200008,
                            24.761899538000023
                        ],
                        [
                            121.032547670000099,
                            24.761819291000052
                        ],
                        [
                            121.032487317000118,
                            24.761781474000031
                        ],
                        [
                            121.032405543000095,
                            24.761690897000051
                        ],
                        [
                            121.032341429000098,
                            24.761658821000026
                        ],
                        [
                            121.032284849,
                            24.761623298000075
                        ],
                        [
                            121.032162919000029,
                            24.761575201000028
                        ],
                        [
                            121.032017109000094,
                            24.761520247000078
                        ],
                        [
                            121.031906499000115,
                            24.761482477000072
                        ],
                        [
                            121.031748133000065,
                            24.76143670600004
                        ],
                        [
                            121.031547032000049,
                            24.761376065000036
                        ],
                        [
                            121.031382391000079,
                            24.761331452000036
                        ],
                        [
                            121.031246649000082,
                            24.761290246000044
                        ],
                        [
                            121.031053120000024,
                            24.761259442000039
                        ],
                        [
                            121.030799283000079,
                            24.761226368000052
                        ],
                        [
                            121.030598220000115,
                            24.761201291000077
                        ],
                        [
                            121.030524035000099,
                            24.761152017000029
                        ],
                        [
                            121.030493825,
                            24.761101552000071
                        ],
                        [
                            121.030453470000111,
                            24.760967332000064
                        ],
                        [
                            121.030408143000045,
                            24.76088244400006
                        ],
                        [
                            121.030366561000051,
                            24.76077463300004
                        ],
                        [
                            121.030317470000114,
                            24.76069205500005
                        ],
                        [
                            121.030252044,
                            24.760609493000061
                        ],
                        [
                            121.030146365000064,
                            24.760485649000032
                        ],
                        [
                            121.030089771,
                            24.760436355000024
                        ],
                        [
                            121.030011787000035,
                            24.760359536000067
                        ],
                        [
                            121.029965261000029,
                            24.760325154000043
                        ],
                        [
                            121.029835746000117,
                            24.760231172000033
                        ],
                        [
                            121.029728846000012,
                            24.760139462000041
                        ],
                        [
                            121.02968106700007,
                            24.760108511000055
                        ],
                        [
                            121.029586749000032,
                            24.760030568000047
                        ],
                        [
                            121.029533941000068,
                            24.759996184000045
                        ],
                        [
                            121.02939687300011,
                            24.75989074000006
                        ],
                        [
                            121.029288734000033,
                            24.759813945000076
                        ],
                        [
                            121.02921328900004,
                            24.759757773000047
                        ],
                        [
                            121.029111417000081,
                            24.759667199000035
                        ],
                        [
                            121.029078694000077,
                            24.759614459000034
                        ],
                        [
                            121.029003188000047,
                            24.759506653000074
                        ],
                        [
                            121.028955353000015,
                            24.759422928000049
                        ],
                        [
                            121.028888643000073,
                            24.759311670000045
                        ],
                        [
                            121.028860936000115,
                            24.759253188000059
                        ],
                        [
                            121.028820601,
                            24.759135019000041
                        ],
                        [
                            121.028787873000056,
                            24.759077676000061
                        ],
                        [
                            121.028741237000077,
                            24.758944610000071
                        ],
                        [
                            121.028702179000106,
                            24.758843659000036
                        ],
                        [
                            121.028660653000088,
                            24.758785179000029
                        ],
                        [
                            121.028630435000082,
                            24.758726678000073
                        ],
                        [
                            121.028557473000092,
                            24.758642977000022
                        ],
                        [
                            121.028522230000021,
                            24.758585634000042
                        ],
                        [
                            121.028424122000047,
                            24.758488168000042
                        ],
                        [
                            121.028271948000111,
                            24.758351756000025
                        ],
                        [
                            121.02822165300006,
                            24.758318521000035
                        ],
                        [
                            121.02813616800006,
                            24.758272689000023
                        ],
                        [
                            121.02804689200002,
                            24.758209649000037
                        ],
                        [
                            121.027903573000117,
                            24.758128299000077
                        ],
                        [
                            121.027775339000073,
                            24.758056112000077
                        ],
                        [
                            121.02767477000009,
                            24.758005705000073
                        ],
                        [
                            121.027569172000085,
                            24.757950713000071
                        ],
                        [
                            121.027468611000018,
                            24.757908340000029
                        ],
                        [
                            121.027291403000049,
                            24.757857993000073
                        ],
                        [
                            121.027158199000041,
                            24.757835147000037
                        ],
                        [
                            121.027055184,
                            24.757844418000047
                        ],
                        [
                            121.026971022000112,
                            24.757860549000043
                        ],
                        [
                            121.026873043000023,
                            24.757880133000072
                        ],
                        [
                            121.026800188000038,
                            24.757896259000063
                        ],
                        [
                            121.026629342000092,
                            24.757919339000068
                        ],
                        [
                            121.026536364000094,
                            24.757917127000042
                        ],
                        [
                            121.026477294000074,
                            24.757898809000039
                        ],
                        [
                            121.026424490000068,
                            24.757867867000073
                        ],
                        [
                            121.026366647000032,
                            24.757823168000073
                        ],
                        [
                            121.026335180000046,
                            24.757770410000035
                        ],
                        [
                            121.026322557000071,
                            24.757716493000032
                        ],
                        [
                            121.02631555500011,
                            24.757654665000075
                        ],
                        [
                            121.026297334000105,
                            24.757631600000025
                        ],
                        [
                            121.026234509,
                            24.757625914000073
                        ],
                        [
                            121.026127710000083,
                            24.757622557000047
                        ],
                        [
                            121.026025953000044,
                            24.757634120000034
                        ],
                        [
                            121.025899028000026,
                            24.757606668000051
                        ],
                        [
                            121.025826143000018,
                            24.757595251000055
                        ],
                        [
                            121.025704225000027,
                            24.75755175200004
                        ],
                        [
                            121.025537046000068,
                            24.757480743000031
                        ],
                        [
                            121.02544153000008,
                            24.757452138000076
                        ],
                        [
                            121.025339715000086,
                            24.757410913000058
                        ],
                        [
                            121.025260533000051,
                            24.757384579000075
                        ],
                        [
                            121.024958902000094,
                            24.757298757000058
                        ],
                        [
                            121.024867167000025,
                            24.757283913000038
                        ],
                        [
                            121.024739006000118,
                            24.757280580000042
                        ],
                        [
                            121.024653562000026,
                            24.757272612000065
                        ],
                        [
                            121.024535422000099,
                            24.757240582000065
                        ],
                        [
                            121.024444879000043,
                            24.757167224000057
                        ],
                        [
                            121.024356839,
                            24.757084683000073
                        ],
                        [
                            121.024256262000108,
                            24.757025084000077
                        ],
                        [
                            121.02411169800007,
                            24.75695750400007
                        ],
                        [
                            121.024047586000052,
                            24.756924281000067
                        ],
                        [
                            121.023832637000055,
                            24.756830368000067
                        ],
                        [
                            121.023753466000016,
                            24.756814365000025
                        ],
                        [
                            121.023656699000071,
                            24.75679378600006
                        ],
                        [
                            121.023558677000096,
                            24.756774367000048
                        ],
                        [
                            121.023405390000107,
                            24.756772191000039
                        ],
                        [
                            121.023294836000105,
                            24.756783746000053
                        ],
                        [
                            121.023131528000022,
                            24.756809128000043
                        ],
                        [
                            121.023005906000094,
                            24.756828731000041
                        ],
                        [
                            121.022851405000097,
                            24.756865576000052
                        ],
                        [
                            121.022748404000026,
                            24.756890901000077
                        ],
                        [
                            121.022644147000051,
                            24.756916225000055
                        ],
                        [
                            121.022575061000111,
                            24.756931205000058
                        ],
                        [
                            121.022439337000037,
                            24.756904920000068
                        ],
                        [
                            121.022309878000101,
                            24.756856836000054
                        ],
                        [
                            121.022161555000025,
                            24.756800732000045
                        ],
                        [
                            121.022027080000043,
                            24.756761822000044
                        ],
                        [
                            121.021857402000023,
                            24.756705736000072
                        ],
                        [
                            121.021594742000048,
                            24.756640539000045
                        ],
                        [
                            121.021329595000111,
                            24.756601731000046
                        ],
                        [
                            121.021115973000065,
                            24.756572068000025
                        ],
                        [
                            121.020877235000057,
                            24.756557337000061
                        ],
                        [
                            121.020702626000116,
                            24.756589604000055
                        ],
                        [
                            121.020590825000113,
                            24.756609205000075
                        ],
                        [
                            121.020521757000097,
                            24.756644824000034
                        ],
                        [
                            121.020396183000116,
                            24.756710328000054
                        ],
                        [
                            121.020283187000018,
                            24.756789598000069
                        ],
                        [
                            121.020214148000036,
                            24.756851607000044
                        ],
                        [
                            121.02013007700009,
                            24.756957236000062
                        ],
                        [
                            121.020087443000079,
                            24.757037596000032
                        ],
                        [
                            121.020027241000093,
                            24.757143204000045
                        ],
                        [
                            121.019984630000067,
                            24.75724651400003
                        ],
                        [
                            121.019969622000076,
                            24.757311931000061
                        ],
                        [
                            121.019930769000098,
                            24.757403757000077
                        ],
                        [
                            121.019912028000022,
                            24.757508184000073
                        ],
                        [
                            121.019889532000093,
                            24.757621803000063
                        ],
                        [
                            121.019864516000098,
                            24.757733120000069
                        ],
                        [
                            121.019836948000034,
                            24.757803140000078
                        ],
                        [
                            121.019816975000026,
                            24.757929383000032
                        ],
                        [
                            121.019804463000014,
                            24.75797988000005
                        ],
                        [
                            121.019744322000065,
                            24.758145157000058
                        ],
                        [
                            121.019666533000077,
                            24.758248483000045
                        ],
                        [
                            121.019636458000036,
                            24.758325383000056
                        ],
                        [
                            121.019610133000015,
                            24.758385076000025
                        ],
                        [
                            121.019603883000059,
                            24.758416063000027
                        ],
                        [
                            121.01956687500001,
                            24.75847163800006
                        ],
                        [
                            121.019554955000103,
                            24.758489537000059
                        ],
                        [
                            121.019528652000076,
                            24.758568740000044
                        ],
                        [
                            121.019467213000098,
                            24.758692713000073
                        ],
                        [
                            121.019428348000019,
                            24.758778798000037
                        ],
                        [
                            121.019405796000115,
                            24.758840784000029
                        ],
                        [
                            121.019328048000034,
                            24.758991158000072
                        ],
                        [
                            121.019292973,
                            24.759092157000055
                        ],
                        [
                            121.019267945000024,
                            24.759192018000078
                        ],
                        [
                            121.01924667600008,
                            24.759280376000049
                        ],
                        [
                            121.019221627000093,
                            24.759360724000032
                        ],
                        [
                            121.019215413000097,
                            24.75942843200005
                        ],
                        [
                            121.019199195000056,
                            24.759540885000035
                        ],
                        [
                            121.019172912000045,
                            24.759644177000041
                        ],
                        [
                            121.019162922000078,
                            24.759705005000058
                        ],
                        [
                            121.019160462000059,
                            24.759755493000057
                        ],
                        [
                            121.019145451000099,
                            24.759820908000052
                        ],
                        [
                            121.019134211000051,
                            24.759887470000024
                        ],
                        [
                            121.019092835000038,
                            24.759973572000035
                        ],
                        [
                            121.019041467000079,
                            24.76011932800003
                        ],
                        [
                            121.019026427000085,
                            24.760156061000032
                        ],
                        [
                            121.019029018000083,
                            24.760231791000024
                        ],
                        [
                            121.019011489000036,
                            24.76029262000003
                        ],
                        [
                            121.018996473000016,
                            24.760354595000024
                        ],
                        [
                            121.018953884000098,
                            24.760483144000034
                        ],
                        [
                            121.018933892000064,
                            24.760591020000049
                        ],
                        [
                            121.018878833000031,
                            24.760814820000064
                        ],
                        [
                            121.018861338000079,
                            24.760911222000061
                        ],
                        [
                            121.018845161000058,
                            24.761066139000036
                        ],
                        [
                            121.018836417000102,
                            24.761115480000058
                        ],
                        [
                            121.018832724000049,
                            24.761191214000064
                        ],
                        [
                            121.018820230000074,
                            24.761258923000071
                        ],
                        [
                            121.018819064000013,
                            24.761349578000079
                        ],
                        [
                            121.018787814,
                            24.76150795500007
                        ],
                        [
                            121.01878410300003,
                            24.761566479000066
                        ],
                        [
                            121.018765366000025,
                            24.76167550200006
                        ],
                        [
                            121.018749110000044,
                            24.761752392000062
                        ],
                        [
                            121.018738010000106,
                            24.761958951000054
                        ],
                        [
                            121.018735578000019,
                            24.762040417000037
                        ],
                        [
                            121.018738211000027,
                            24.762157456000068
                        ],
                        [
                            121.018757156000106,
                            24.762250385000073
                        ],
                        [
                            121.018766053000036,
                            24.762352499000031
                        ],
                        [
                            121.018749859000081,
                            24.762490204000073
                        ],
                        [
                            121.018747406000102,
                            24.762551021000036
                        ],
                        [
                            121.018712324000035,
                            24.762648591000072
                        ],
                        [
                            121.018698562000054,
                            24.762710565000077
                        ],
                        [
                            121.018645914000103,
                            24.762828794000029
                        ],
                        [
                            121.01861211500011,
                            24.762957329000074
                        ],
                        [
                            121.018602136000027,
                            24.763026184000068
                        ],
                        [
                            121.018559512000024,
                            24.763123753000059
                        ],
                        [
                            121.018526927000039,
                            24.763206388000071
                        ],
                        [
                            121.018493140000032,
                            24.763341813000068
                        ],
                        [
                            121.018464361000042,
                            24.763461183000061
                        ],
                        [
                            121.018426734000059,
                            24.763527759000056
                        ],
                        [
                            121.018385375000094,
                            24.763632207000057
                        ],
                        [
                            121.018366594000099,
                            24.76369763200006
                        ],
                        [
                            121.018337796000083,
                            24.763799775000052
                        ],
                        [
                            121.018251246000091,
                            24.763945566000075
                        ],
                        [
                            121.018213597000113,
                            24.763991489000034
                        ],
                        [
                            121.018165920000115,
                            24.764061523000066
                        ],
                        [
                            121.018101935000118,
                            24.76415451400004
                        ],
                        [
                            121.017973876000042,
                            24.764259031000051
                        ],
                        [
                            121.017888497000058,
                            24.764319912000076
                        ],
                        [
                            121.01781938900001,
                            24.764319966000073
                        ],
                        [
                            121.017738967000014,
                            24.76431199600006
                        ],
                        [
                            121.017656023000086,
                            24.764298284000063
                        ],
                        [
                            121.017624603000058,
                            24.764291416000049
                        ],
                        [
                            121.017581881000069,
                            24.764290303000053
                        ],
                        [
                            121.017408579000062,
                            24.764382235000028
                        ],
                        [
                            121.01734706000002,
                            24.764431622000075
                        ],
                        [
                            121.017290590000016,
                            24.764502802000038
                        ],
                        [
                            121.017234099,
                            24.764555616000052
                        ],
                        [
                            121.017165076000083,
                            24.764640593000024
                        ],
                        [
                            121.017060889000049,
                            24.764741646000061
                        ],
                        [
                            121.017024500000048,
                            24.764789864000079
                        ],
                        [
                            121.016949185000044,
                            24.764864504000059
                        ],
                        [
                            121.016945459000112,
                            24.76491040600007
                        ],
                        [
                            121.016954304000024,
                            24.764959738000073
                        ],
                        [
                            121.017026069000053,
                            24.765103120000049
                        ],
                        [
                            121.017065089000084,
                            24.765173079000078
                        ],
                        [
                            121.017096582000022,
                            24.765252230000044
                        ],
                        [
                            121.017114267000011,
                            24.765346314000055
                        ],
                        [
                            121.017109344000119,
                            24.765449593000028
                        ],
                        [
                            121.017101917000105,
                            24.765563193000048
                        ],
                        [
                            121.017083163000052,
                            24.765653851000025
                        ],
                        [
                            121.01706187700006,
                            24.765728457000023
                        ],
                        [
                            121.017017984000063,
                            24.765811102000043
                        ],
                        [
                            121.016935193000108,
                            24.765952293000055
                        ],
                        [
                            121.016833582000118,
                            24.766116455000031
                        ],
                        [
                            121.016757039000026,
                            24.76622321800005
                        ],
                        [
                            121.016690555000082,
                            24.766332284000043
                        ],
                        [
                            121.016566282000099,
                            24.766453995000063
                        ],
                        [
                            121.016511084000058,
                            24.766541236000023
                        ],
                        [
                            121.016209850000109,
                            24.766873085000043
                        ],
                        [
                            121.016108141000018,
                            24.766945433000046
                        ],
                        [
                            121.016075511000054,
                            24.76698447800004
                        ],
                        [
                            121.015967560000036,
                            24.767097005000039
                        ],
                        [
                            121.015896021000117,
                            24.76717852400003
                        ],
                        [
                            121.015854612000112,
                            24.767233640000029
                        ],
                        [
                            121.015799396000034,
                            24.767307113000072
                        ],
                        [
                            121.015761756000074,
                            24.767363356000033
                        ],
                        [
                            121.015725388000078,
                            24.767433377000032
                        ],
                        [
                            121.015622500000063,
                            24.767584917000079
                        ],
                        [
                            121.015589883000075,
                            24.767636582000023
                        ],
                        [
                            121.015524642000059,
                            24.767737603000057
                        ],
                        [
                            121.01548325400006,
                            24.767814513000076
                        ],
                        [
                            121.01535027500006,
                            24.768032604000041
                        ],
                        [
                            121.015313902000116,
                            24.768095755000047
                        ],
                        [
                            121.015249912000058,
                            24.768191041000023
                        ],
                        [
                            121.015198462000058,
                            24.768262220000054
                        ],
                        [
                            121.015143229000046,
                            24.76831504300003
                        ],
                        [
                            121.015108103000102,
                            24.768374736000055
                        ],
                        [
                            121.015042858000015,
                            24.768467729000065
                        ],
                        [
                            121.015015272000028,
                            24.768527410000047
                        ],
                        [
                            121.014972630000102,
                            24.768611210000074
                        ],
                        [
                            121.014932495000039,
                            24.768685818000051
                        ],
                        [
                            121.014873528000066,
                            24.768778801000053
                        ],
                        [
                            121.014810827000019,
                            24.768905063000034
                        ],
                        [
                            121.014768176000075,
                            24.768977388000053
                        ],
                        [
                            121.01472552000007,
                            24.769043970000041
                        ],
                        [
                            121.014661532000105,
                            24.769142695000028
                        ],
                        [
                            121.014533560000018,
                            24.769342440000059
                        ],
                        [
                            121.014495924000016,
                            24.769402132000039
                        ],
                        [
                            121.014430702000027,
                            24.769526102000043
                        ],
                        [
                            121.014390565000099,
                            24.769596123000042
                        ],
                        [
                            121.014340398000058,
                            24.769693691000043
                        ],
                        [
                            121.014246295000021,
                            24.769833753000057
                        ],
                        [
                            121.014137147000042,
                            24.770009379000044
                        ],
                        [
                            121.014088227000116,
                            24.770098922000045
                        ],
                        [
                            121.013972816000091,
                            24.770295215000033
                        ],
                        [
                            121.0138938,
                            24.770444439000073
                        ],
                        [
                            121.013814786000012,
                            24.770595964000051
                        ],
                        [
                            121.013700594000056,
                            24.770755539000049
                        ],
                        [
                            121.01365459200008,
                            24.770821797000053
                        ],
                        [
                            121.013641619000055,
                            24.770840486000054
                        ],
                        [
                            121.013595182000017,
                            24.770897886000057
                        ],
                        [
                            121.01356003300009,
                            24.77093463600005
                        ],
                        [
                            121.013435720000075,
                            24.771021927000049
                        ],
                        [
                            121.013315162000026,
                            24.771096605000025
                        ],
                        [
                            121.013233547000027,
                            24.771159759000057
                        ],
                        [
                            121.013155690000076,
                            24.771211455000071
                        ],
                        [
                            121.013128074000065,
                            24.771240160000048
                        ],
                        [
                            121.013010011,
                            24.771298766000029
                        ],
                        [
                            121.012850533,
                            24.771406735000028
                        ],
                        [
                            121.012716168000111,
                            24.771499772000027
                        ],
                        [
                            121.012653376000117,
                            24.771536542000035
                        ],
                        [
                            121.012545390000014,
                            24.771615777000022
                        ],
                        [
                            121.012408491000087,
                            24.771688171000051
                        ],
                        [
                            121.012346963000027,
                            24.771734105000064
                        ],
                        [
                            121.012255302000085,
                            24.771801874000062
                        ],
                        [
                            121.012195027000075,
                            24.771844375000057
                        ],
                        [
                            121.012127211,
                            24.771885733000033
                        ],
                        [
                            121.011999143000025,
                            24.771990232000064
                        ],
                        [
                            121.011940130000085,
                            24.772035029000051
                        ],
                        [
                            121.011830875000101,
                            24.772107393000056
                        ],
                        [
                            121.011775621000083,
                            24.772144153000056
                        ],
                        [
                            121.011680198000022,
                            24.77222454200006
                        ],
                        [
                            121.011543318,
                            24.772315272000071
                        ],
                        [
                            121.011489317000041,
                            24.772348595000039
                        ],
                        [
                            121.011393861000101,
                            24.772394556000052
                        ],
                        [
                            121.011317251000037,
                            24.772439363000046
                        ],
                        [
                            121.011196678000033,
                            24.772496812000043
                        ],
                        [
                            121.01106105000008,
                            24.772582964000037
                        ],
                        [
                            121.011005796000063,
                            24.77262201800005
                        ],
                        [
                            121.010897803000034,
                            24.772697830000027
                        ],
                        [
                            121.010842543000081,
                            24.772729986000058
                        ],
                        [
                            121.010744604000024,
                            24.77280808200004
                        ],
                        [
                            121.01062029000002,
                            24.772899966000068
                        ],
                        [
                            121.010552478000022,
                            24.772943616000077
                        ],
                        [
                            121.010482164000109,
                            24.773003336000045
                        ],
                        [
                            121.010420647000046,
                            24.773059598000032
                        ],
                        [
                            121.010326759,
                            24.77315072500005
                        ],
                        [
                            121.010297615000013,
                            24.773179009000046
                        ],
                        [
                            121.010247669000023,
                            24.773245870000039
                        ],
                        [
                            121.010173183,
                            24.773345579000079
                        ],
                        [
                            121.01013553700011,
                            24.773399526000048
                        ],
                        [
                            121.010058888000117,
                            24.773482769000054
                        ],
                        [
                            121.009994950000078,
                            24.773552208000069
                        ],
                        [
                            121.009883234000085,
                            24.773675050000065
                        ],
                        [
                            121.009807890000047,
                            24.773725591000073
                        ],
                        [
                            121.009707433000017,
                            24.773791071000062
                        ],
                        [
                            121.009619494000049,
                            24.773802617000058
                        ],
                        [
                            121.00952277600004,
                            24.773831379000057
                        ],
                        [
                            121.009413516000109,
                            24.773887690000038
                        ],
                        [
                            121.009301756000013,
                            24.773958913000058
                        ],
                        [
                            121.009208825000087,
                            24.774009470000067
                        ],
                        [
                            121.00909076500011,
                            24.774058901000046
                        ],
                        [
                            121.009015405000014,
                            24.774086489000069
                        ],
                        [
                            121.008803137000086,
                            24.774164691000067
                        ],
                        [
                            121.008715204000055,
                            24.77418196800005
                        ],
                        [
                            121.008632302000024,
                            24.77420498500004
                        ],
                        [
                            121.008512977,
                            24.774247537000065
                        ],
                        [
                            121.008448927000018,
                            24.774278562000063
                        ],
                        [
                            121.008347216000061,
                            24.77434749300005
                        ],
                        [
                            121.008271876000094,
                            24.77440260700007
                        ],
                        [
                            121.00821070500001,
                            24.774443953000059
                        ],
                        [
                            121.008113884000068,
                            24.774465915000064
                        ],
                        [
                            121.008025882000084,
                            24.774488662000067
                        ],
                        [
                            121.007921568000029,
                            24.774506779000035
                        ],
                        [
                            121.007720537000068,
                            24.774523510000051
                        ],
                        [
                            121.007584900000097,
                            24.774517435000064
                        ],
                        [
                            121.007451757000013,
                            24.774518272000023
                        ],
                        [
                            121.007288604000109,
                            24.774477705000038
                        ],
                        [
                            121.007173160000093,
                            24.774444134000078
                        ],
                        [
                            121.007090387000062,
                            24.774406056000032
                        ],
                        [
                            121.007031539000081,
                            24.774350812000023
                        ],
                        [
                            121.006918600000063,
                            24.774319553000055
                        ],
                        [
                            121.006837033000011,
                            24.774296390000075
                        ],
                        [
                            121.006737840000028,
                            24.774285822000024
                        ],
                        [
                            121.006615891000024,
                            24.77431881800004
                        ],
                        [
                            121.006443613000101,
                            24.774375796000072
                        ],
                        [
                            121.006332942000085,
                            24.77441570600007
                        ],
                        [
                            121.006189544000108,
                            24.774476196000023
                        ],
                        [
                            121.005836042000055,
                            24.774636044000033
                        ],
                        [
                            121.005649885000025,
                            24.774712504000036
                        ],
                        [
                            121.005446153000094,
                            24.774784326000031
                        ],
                        [
                            121.005282565000016,
                            24.774871178000069
                        ],
                        [
                            121.005189468000026,
                            24.774914562000049
                        ],
                        [
                            121.004983118000041,
                            24.775018524000075
                        ],
                        [
                            121.004783108000083,
                            24.775104132000024
                        ],
                        [
                            121.004599495000093,
                            24.775170279000065
                        ],
                        [
                            121.00448751700003,
                            24.77522508800007
                        ],
                        [
                            121.004365489000065,
                            24.77527989500004
                        ],
                        [
                            121.004263560000027,
                            24.775334746000055
                        ],
                        [
                            121.004108815000109,
                            24.775406689000079
                        ],
                        [
                            121.003969106000113,
                            24.775488990000042
                        ],
                        [
                            121.003870945000017,
                            24.775543859000038
                        ],
                        [
                            121.003767755000013,
                            24.775599857000032
                        ],
                        [
                            121.003678321000052,
                            24.775673108000035
                        ],
                        [
                            121.003551181000034,
                            24.775753140000063
                        ],
                        [
                            121.003435273000036,
                            24.775855030000059
                        ],
                        [
                            121.003352164000034,
                            24.775915669000028
                        ],
                        [
                            121.003218700000048,
                            24.776008314000023
                        ],
                        [
                            121.00309022700003,
                            24.776111315000037
                        ],
                        [
                            121.002885080000055,
                            24.77622905000004
                        ],
                        [
                            121.002770499,
                            24.776309127000047
                        ],
                        [
                            121.002697499000078,
                            24.776352557000052
                        ],
                        [
                            121.002493547000086,
                            24.776487519000057
                        ],
                        [
                            121.002339985000049,
                            24.776580119000073
                        ],
                        [
                            121.002195276000066,
                            24.776655535000032
                        ],
                        [
                            121.002071937000096,
                            24.776725248000048
                        ],
                        [
                            121.001961150000056,
                            24.776798442000029
                        ],
                        [
                            121.001835229000108,
                            24.776888811000049
                        ],
                        [
                            121.001695537000046,
                            24.77696538500004
                        ],
                        [
                            121.001594805000082,
                            24.777036315000032
                        ],
                        [
                            121.001456340000118,
                            24.777122060000067
                        ],
                        [
                            121.00134299900003,
                            24.777206731000035
                        ],
                        [
                            121.001121511000065,
                            24.777326713000036
                        ],
                        [
                            121.000897465000094,
                            24.777460473000076
                        ],
                        [
                            121.000757691000103,
                            24.777559997000026
                        ],
                        [
                            121.000619157000074,
                            24.777665269000067
                        ],
                        [
                            121.000519742000051,
                            24.777717825000025
                        ],
                        [
                            121.000417773000095,
                            24.777783002000035
                        ],
                        [
                            121.000285629000018,
                            24.777856143000065
                        ],
                        [
                            121.000179910000043,
                            24.777915570000062
                        ],
                        [
                            121.00010558800011,
                            24.77797737800006
                        ],
                        [
                            121.000043861000108,
                            24.778028888000051
                        ],
                        [
                            120.999910353000018,
                            24.778133012000069
                        ],
                        [
                            120.999823509000066,
                            24.778182155000025
                        ],
                        [
                            120.999702661000015,
                            24.778258770000036
                        ],
                        [
                            120.999550410000097,
                            24.778334148000056
                        ],
                        [
                            120.999440947000039,
                            24.778386693000073
                        ],
                        [
                            120.999297520000027,
                            24.778452918000028
                        ],
                        [
                            120.999161631000106,
                            24.778519159000041
                        ],
                        [
                            120.998957886000085,
                            24.778592115000038
                        ],
                        [
                            120.998891249000053,
                            24.778610317000073
                        ],
                        [
                            120.998781787000098,
                            24.778662852000025
                        ],
                        [
                            120.998557960000085,
                            24.778731168000036
                        ],
                        [
                            120.998342944000115,
                            24.778794915000049
                        ],
                        [
                            120.99813043600011,
                            24.778859827000076
                        ],
                        [
                            120.99789028500004,
                            24.778926950000027
                        ],
                        [
                            120.997702821000075,
                            24.779014885000038
                        ],
                        [
                            120.997570695000036,
                            24.779082272000039
                        ],
                        [
                            120.997402100000045,
                            24.779162216000032
                        ],
                        [
                            120.997224670000037,
                            24.779252452000037
                        ],
                        [
                            120.997136606000026,
                            24.779292411000029
                        ],
                        [
                            120.997017057000107,
                            24.779354099000045
                        ],
                        [
                            120.996850919000053,
                            24.779450114000042
                        ],
                        [
                            120.996730118000073,
                            24.77951179300004
                        ],
                        [
                            120.996546355000078,
                            24.779618099000061
                        ],
                        [
                            120.996366394,
                            24.779714068000033
                        ],
                        [
                            120.996210252000083,
                            24.779823887000077
                        ],
                        [
                            120.996083067000086,
                            24.779915387000074
                        ],
                        [
                            120.995984851000117,
                            24.779984026000022
                        ],
                        [
                            120.995891812000082,
                            24.780007905000048
                        ],
                        [
                            120.995678000000112,
                            24.780086563000054
                        ],
                        [
                            120.995559759000116,
                            24.780133346000071
                        ],
                        [
                            120.995479259000035,
                            24.78016413000006
                        ],
                        [
                            120.995369887000038,
                            24.780190256000026
                        ],
                        [
                            120.995231604000082,
                            24.780220903000043
                        ],
                        [
                            120.99503677000007,
                            24.780259447000049
                        ],
                        [
                            120.994873296000037,
                            24.780310686000064
                        ],
                        [
                            120.994817987000033,
                            24.780322032000072
                        ],
                        [
                            120.994702321000091,
                            24.78035158800003
                        ],
                        [
                            120.994493710000029,
                            24.780377464000026
                        ],
                        [
                            120.994267456000102,
                            24.78042167600006
                        ],
                        [
                            120.994155629000034,
                            24.780430574000036
                        ],
                        [
                            120.993896737000114,
                            24.780467806000047
                        ],
                        [
                            120.993724555000085,
                            24.780493773000046
                        ],
                        [
                            120.993581210000116,
                            24.780535883000027
                        ],
                        [
                            120.993382718000021,
                            24.780543422000051
                        ],
                        [
                            120.993282118000025,
                            24.780574159000025
                        ],
                        [
                            120.993158937000089,
                            24.780596805000073
                        ],
                        [
                            120.993010771000058,
                            24.780581513000072
                        ],
                        [
                            120.992943059000027,
                            24.780546912000034
                        ],
                        [
                            120.992844259000094,
                            24.780423830000075
                        ],
                        [
                            120.99273921300005,
                            24.780290410000077
                        ],
                        [
                            120.992602833000092,
                            24.780137406000051
                        ],
                        [
                            120.992510273000107,
                            24.780025826000042
                        ],
                        [
                            120.992441514,
                            24.779932665000047
                        ],
                        [
                            120.992378918000099,
                            24.779872813000054
                        ],
                        [
                            120.992218783000112,
                            24.779688749000059
                        ],
                        [
                            120.992147527000043,
                            24.779591001000028
                        ],
                        [
                            120.992085003000057,
                            24.779511637000041
                        ],
                        [
                            120.992011243000093,
                            24.779411578000065
                        ],
                        [
                            120.991916162000052,
                            24.779303439000046
                        ],
                        [
                            120.991814845000022,
                            24.779181511000047
                        ],
                        [
                            120.991679714000043,
                            24.779030790000036
                        ],
                        [
                            120.991643479000118,
                            24.778976752000062
                        ],
                        [
                            120.991547270000069,
                            24.778831856000068
                        ],
                        [
                            120.991461026000025,
                            24.778711122000061
                        ],
                        [
                            120.99141230500004,
                            24.778635232000056
                        ],
                        [
                            120.991344881000032,
                            24.778520277000041
                        ],
                        [
                            120.991252459000066,
                            24.77836966700005
                        ],
                        [
                            120.991166328000077,
                            24.778216781000026
                        ],
                        [
                            120.99109020700007,
                            24.778075399000045
                        ],
                        [
                            120.990997767000067,
                            24.777930529000059
                        ],
                        [
                            120.990920292000055,
                            24.777816692000044
                        ],
                        [
                            120.990857942000048,
                            24.777687959000048
                        ],
                        [
                            120.990795493000064,
                            24.777586791000033
                        ],
                        [
                            120.990764296000066,
                            24.777529313000059
                        ],
                        [
                            120.99074324500009,
                            24.777443168000048
                        ],
                        [
                            120.990664620000075,
                            24.777299483000036
                        ],
                        [
                            120.990599816000099,
                            24.777154680000024
                        ],
                        [
                            120.990528531000109,
                            24.777066114000036
                        ],
                        [
                            120.990424617000031,
                            24.776969430000065
                        ],
                        [
                            120.990284213000109,
                            24.776891015000047
                        ],
                        [
                            120.990186357000084,
                            24.776857477000078
                        ],
                        [
                            120.990047015000073,
                            24.776834172000065
                        ],
                        [
                            120.989931508000041,
                            24.776818950000063
                        ],
                        [
                            120.989825991000089,
                            24.776820973000042
                        ],
                        [
                            120.989665201000093,
                            24.776824024000064
                        ],
                        [
                            120.989455293000105,
                            24.776864805000059
                        ],
                        [
                            120.989343386000087,
                            24.776896650000026
                        ],
                        [
                            120.989201334000086,
                            24.776929585000062
                        ],
                        [
                            120.989119558000084,
                            24.77696611600004
                        ],
                        [
                            120.988978667000083,
                            24.777025439000056
                        ],
                        [
                            120.988879272000077,
                            24.77707110700004
                        ],
                        [
                            120.988794975000019,
                            24.777111070000046
                        ],
                        [
                            120.98869422700011,
                            24.777184275000025
                        ],
                        [
                            120.988599801000078,
                            24.777246020000064
                        ],
                        [
                            120.988466343000027,
                            24.777334074000066
                        ],
                        [
                            120.988360622000073,
                            24.777393491000055
                        ],
                        [
                            120.988242461000027,
                            24.777418445000023
                        ],
                        [
                            120.988178399000049,
                            24.777419433000034
                        ],
                        [
                            120.988044118000062,
                            24.777385797000079
                        ],
                        [
                            120.987887238000098,
                            24.777349815000036
                        ],
                        [
                            120.987716580000097,
                            24.777302302000066
                        ],
                        [
                            120.987643768000112,
                            24.77729064600004
                        ],
                        [
                            120.987537087000078,
                            24.777266269000052
                        ],
                        [
                            120.987357599,
                            24.777230229000054
                        ],
                        [
                            120.987110309000059,
                            24.777185975000066
                        ],
                        [
                            120.986940883000102,
                            24.777145368000049
                        ],
                        [
                            120.986839214000042,
                            24.777124449000041
                        ],
                        [
                            120.986698650000108,
                            24.777091950000056
                        ],
                        [
                            120.986535500000059,
                            24.777052498000046
                        ],
                        [
                            120.986440075000019,
                            24.777043070000047
                        ],
                        [
                            120.986283214000082,
                            24.777001343000052
                        ],
                        [
                            120.98620035600004,
                            24.776989652000054
                        ],
                        [
                            120.986096189000023,
                            24.776965274000077
                        ],
                        [
                            120.985987026000089,
                            24.776932859000055
                        ],
                        [
                            120.985890316000109,
                            24.776930321000066
                        ],
                        [
                            120.985840157000098,
                            24.776907222000034
                        ],
                        [
                            120.985831493000092,
                            24.776870466000048
                        ],
                        [
                            120.98578671100006,
                            24.77674868400004
                        ],
                        [
                            120.985770116000026,
                            24.776689855000029
                        ],
                        [
                            120.98575074200005,
                            24.776621171000045
                        ],
                        [
                            120.985697339000012,
                            24.776451160000079
                        ],
                        [
                            120.985667542000101,
                            24.776353501000074
                        ],
                        [
                            120.985624125000072,
                            24.776200707000044
                        ],
                        [
                            120.985566762000076,
                            24.77608463100006
                        ],
                        [
                            120.985438816000055,
                            24.776036090000048
                        ],
                        [
                            120.985289376000082,
                            24.776027678000048
                        ],
                        [
                            120.985170032000042,
                            24.776033101000053
                        ],
                        [
                            120.98504949300002,
                            24.776020168000059
                        ],
                        [
                            120.984957868000038,
                            24.776001569000073
                        ],
                        [
                            120.984878800000047,
                            24.775984143000073
                        ],
                        [
                            120.98479101700002,
                            24.775943750000067
                        ],
                        [
                            120.984759692000011,
                            24.775922998000055
                        ],
                        [
                            120.984758530000022,
                            24.77589658900007
                        ],
                        [
                            120.984777468000061,
                            24.775870246000068
                        ],
                        [
                            120.984850554000104,
                            24.775803831000076
                        ],
                        [
                            120.984990474000028,
                            24.775665314000037
                        ],
                        [
                            120.98508895100008,
                            24.775524379000046
                        ],
                        [
                            120.985172236000039,
                            24.775416687000074
                        ],
                        [
                            120.985221506000016,
                            24.775337610000065
                        ],
                        [
                            120.985429027,
                            24.775026054000023
                        ],
                        [
                            120.986076671000092,
                            24.773818469000048
                        ],
                        [
                            120.986400496000101,
                            24.773535127000059
                        ],
                        [
                            120.986467958000048,
                            24.773352977000059
                        ],
                        [
                            120.986394845000063,
                            24.772963989000061
                        ],
                        [
                            120.986314477000064,
                            24.772663625000064
                        ],
                        [
                            120.986391051000055,
                            24.772438971000042
                        ],
                        [
                            120.98638720100007,
                            24.772371200000066
                        ],
                        [
                            120.986387060000084,
                            24.772251726000036
                        ],
                        [
                            120.986397056000101,
                            24.772202323000045
                        ],
                        [
                            120.986468405000096,
                            24.771966749000057
                        ],
                        [
                            120.986475885000118,
                            24.771913908000045
                        ],
                        [
                            120.986494589000017,
                            24.77179213200003
                        ],
                        [
                            120.986500819000071,
                            24.77174616800005
                        ],
                        [
                            120.986522100000116,
                            24.771677220000072
                        ],
                        [
                            120.986542152000084,
                            24.771633542000075
                        ],
                        [
                            120.986597378000056,
                            24.771576044000028
                        ],
                        [
                            120.986657619000084,
                            24.77151049500003
                        ],
                        [
                            120.98668899200004,
                            24.771473705000062
                        ],
                        [
                            120.986798211000064,
                            24.771383982000032
                        ],
                        [
                            120.98682201400004,
                            24.771323070000051
                        ],
                        [
                            120.986845849000019,
                            24.771288583000057
                        ],
                        [
                            120.986870921000104,
                            24.771235713000067
                        ],
                        [
                            120.9869022150001,
                            24.771133442000064
                        ],
                        [
                            120.986909673000014,
                            24.771064509000041
                        ],
                        [
                            120.986915877000115,
                            24.770997880000039
                        ],
                        [
                            120.986916982000025,
                            24.770869223000034
                        ],
                        [
                            120.986910627000043,
                            24.770807197000067
                        ],
                        [
                            120.98691683800007,
                            24.770746292000069
                        ],
                        [
                            120.986919282000031,
                            24.770688862000043
                        ],
                        [
                            120.98692918100005,
                            24.770557895000024
                        ],
                        [
                            120.986934151000014,
                            24.770510794000074
                        ],
                        [
                            120.986967917000015,
                            24.770372904000055
                        ],
                        [
                            120.986977902000035,
                            24.770314308000025
                        ],
                        [
                            120.986997942000016,
                            24.770260293000035
                        ],
                        [
                            120.98703428500005,
                            24.770176396000068
                        ],
                        [
                            120.98708444500005,
                            24.770087884000077
                        ],
                        [
                            120.987108258000035,
                            24.770037319000039
                        ],
                        [
                            120.987142118000065,
                            24.769977544000028
                        ],
                        [
                            120.987178481000115,
                            24.769910880000054
                        ],
                        [
                            120.987204807000012,
                            24.769858011000053
                        ],
                        [
                            120.987253719000023,
                            24.769778691000056
                        ],
                        [
                            120.987285098000029,
                            24.769747645000052
                        ],
                        [
                            120.98730893100003,
                            24.769710857000064
                        ],
                        [
                            120.987364090000028,
                            24.769600514000047
                        ],
                        [
                            120.987387907000084,
                            24.76954994700003
                        ],
                        [
                            120.987405460000105,
                            24.769516617000079
                        ],
                        [
                            120.987450592000073,
                            24.769428106000078
                        ],
                        [
                            120.987470631000065,
                            24.769372943000064
                        ],
                        [
                            120.987509542000112,
                            24.769336147000047
                        ],
                        [
                            120.987576063,
                            24.769268294000028
                        ],
                        [
                            120.987682769000116,
                            24.769180881000068
                        ],
                        [
                            120.987732977000064,
                            24.769134866000059
                        ],
                        [
                            120.987835917000098,
                            24.769048600000076
                        ],
                        [
                            120.987877344000026,
                            24.769016390000047
                        ],
                        [
                            120.987927542000079,
                            24.768960038000046
                        ],
                        [
                            120.987960161000046,
                            24.768915205000042
                        ],
                        [
                            120.987994012000058,
                            24.768850844000042
                        ],
                        [
                            120.988032870000097,
                            24.768771541000035
                        ],
                        [
                            120.988062986000045,
                            24.768735890000073
                        ],
                        [
                            120.988168428000108,
                            24.768640432000041
                        ],
                        [
                            120.988203561000091,
                            24.768595590000075
                        ],
                        [
                            120.98828138500005,
                            24.768527720000066
                        ],
                        [
                            120.988310239000043,
                            24.768486336000024
                        ],
                        [
                            120.98833030600008,
                            24.768454159000044
                        ],
                        [
                            120.988349065000079,
                            24.768378322000046
                        ],
                        [
                            120.988362835000089,
                            24.76833464300006
                        ],
                        [
                            120.988375333000022,
                            24.768276042000025
                        ],
                        [
                            120.988389066000082,
                            24.76820366100003
                        ],
                        [
                            120.988386507000087,
                            24.768164619000061
                        ],
                        [
                            120.988390205000087,
                            24.768104879000077
                        ],
                        [
                            120.988380107000012,
                            24.76806582100005
                        ],
                        [
                            120.988361251000015,
                            24.768060104000028
                        ],
                        [
                            120.988336113000059,
                            24.768054379000034
                        ],
                        [
                            120.988197878000051,
                            24.768046492000053
                        ],
                        [
                            120.988137566000091,
                            24.768048862000057
                        ],
                        [
                            120.987988058000042,
                            24.768070860000023
                        ],
                        [
                            120.987934045000088,
                            24.768086991000075
                        ],
                        [
                            120.987690379000014,
                            24.768180313000073
                        ],
                        [
                            120.987648931000081,
                            24.768196443000079
                        ],
                        [
                            120.987510779000104,
                            24.768258619000051
                        ],
                        [
                            120.987447975,
                            24.768280517000051
                        ],
                        [
                            120.987326145000111,
                            24.768330052000067
                        ],
                        [
                            120.987201799000104,
                            24.768376141000033
                        ],
                        [
                            120.987160348000089,
                            24.768389970000044
                        ],
                        [
                            120.987076183000113,
                            24.768411883000056
                        ],
                        [
                            120.987012107000055,
                            24.768420001000038
                        ],
                        [
                            120.986955557000101,
                            24.768418913000062
                        ],
                        [
                            120.986844984000072,
                            24.768422478000048
                        ],
                        [
                            120.986660261000111,
                            24.768416934000072
                        ],
                        [
                            120.986586112000055,
                            24.768408980000061
                        ],
                        [
                            120.986444096000014,
                            24.768391903000065
                        ],
                        [
                            120.986380011000051,
                            24.768391969000049
                        ],
                        [
                            120.986147489000018,
                            24.76834627900007
                        ],
                        [
                            120.986064533000103,
                            24.768329135000045
                        ],
                        [
                            120.986006724000049,
                            24.768323459000044
                        ],
                        [
                            120.985862170000019,
                            24.768282265000039
                        ],
                        [
                            120.985796807000042,
                            24.768265104000022
                        ],
                        [
                            120.985603234000109,
                            24.768215922000024
                        ],
                        [
                            120.985525308000092,
                            24.768198770000026
                        ],
                        [
                            120.985459948000084,
                            24.768183911000051
                        ],
                        [
                            120.985325458000034,
                            24.768154193000044
                        ],
                        [
                            120.985281465000071,
                            24.768143904000055
                        ],
                        [
                            120.98516457900007,
                            24.768122196000036
                        ],
                        [
                            120.985099238000089,
                            24.768122271000038
                        ],
                        [
                            120.984969813000021,
                            24.768127004000064
                        ],
                        [
                            120.984906986000055,
                            24.768127080000056
                        ],
                        [
                            120.98474615400005,
                            24.768137590000038
                        ],
                        [
                            120.984694637000075,
                            24.768139940000026
                        ],
                        [
                            120.984546370000089,
                            24.768146991000037
                        ],
                        [
                            120.984470973000043,
                            24.768147065000051
                        ],
                        [
                            120.984411893000015,
                            24.768128757000056
                        ],
                        [
                            120.984349045000044,
                            24.768112744000064
                        ],
                        [
                            120.984232154000097,
                            24.768087601000047
                        ],
                        [
                            120.984173064000061,
                            24.768060095000067
                        ],
                        [
                            120.984090099000014,
                            24.768037207000077
                        ],
                        [
                            120.984041070000103,
                            24.76801658100004
                        ],
                        [
                            120.983995799000013,
                            24.767985616000033
                        ],
                        [
                            120.983914053000035,
                            24.767928267000059
                        ],
                        [
                            120.983880090000071,
                            24.76789728500006
                        ],
                        [
                            120.983785745000091,
                            24.767808940000066
                        ],
                        [
                            120.983750532000045,
                            24.76778371000006
                        ],
                        [
                            120.983700201000033,
                            24.76772518100006
                        ],
                        [
                            120.983624729000098,
                            24.767657476000068
                        ],
                        [
                            120.983565625000097,
                            24.767620776000058
                        ],
                        [
                            120.983522867000033,
                            24.767589813000029
                        ],
                        [
                            120.983481361000031,
                            24.767555392000077
                        ],
                        [
                            120.98345370100003,
                            24.767540489000055
                        ],
                        [
                            120.983422254000061,
                            24.767512958000054
                        ],
                        [
                            120.983365672000104,
                            24.767482002000065
                        ],
                        [
                            120.983312857000101,
                            24.767449898000052
                        ],
                        [
                            120.983218491000116,
                            24.767409369000063
                        ],
                        [
                            120.983205192000014,
                            24.76740555300006
                        ],
                        [
                            120.983167944000115,
                            24.767394866000075
                        ],
                        [
                            120.983119163000083,
                            24.76738814600003
                        ],
                        [
                            120.983050073000072,
                            24.767386785000042
                        ],
                        [
                            120.982753716000047,
                            24.767463182000029
                        ],
                        [
                            120.982682267000087,
                            24.767471056000034
                        ],
                        [
                            120.982523389000107,
                            24.767507673000068
                        ],
                        [
                            120.982450552000046,
                            24.767507511000076
                        ],
                        [
                            120.982170634000113,
                            24.767514769000059
                        ],
                        [
                            120.982091066000066,
                            24.767487130000063
                        ],
                        [
                            120.981968296000105,
                            24.767429052000068
                        ],
                        [
                            120.981914843000027,
                            24.76738613200007
                        ],
                        [
                            120.981752938000113,
                            24.767163168000025
                        ],
                        [
                            120.981703027000094,
                            24.767106408000075
                        ],
                        [
                            120.981702823000091,
                            24.767105335000053
                        ],
                        [
                            120.98168651900005,
                            24.767019324000046
                        ],
                        [
                            120.981657838000046,
                            24.766955381000059
                        ],
                        [
                            120.981552218000047,
                            24.766719026000032
                        ],
                        [
                            120.981498578000014,
                            24.766664605000074
                        ],
                        [
                            120.981464305000031,
                            24.766566278000028
                        ],
                        [
                            120.981434783000054,
                            24.766527616000076
                        ],
                        [
                            120.98125433000007,
                            24.766322145000061
                        ],
                        [
                            120.981209554000088,
                            24.766272211000057
                        ],
                        [
                            120.981125999000028,
                            24.766155008000055
                        ],
                        [
                            120.981092654,
                            24.766112967000026
                        ],
                        [
                            120.980923236000081,
                            24.76589124700007
                        ],
                        [
                            120.98088365000001,
                            24.76585158000006
                        ],
                        [
                            120.980854115000056,
                            24.765811778000057
                        ],
                        [
                            120.98077093500001,
                            24.765717562000077
                        ],
                        [
                            120.980634830000099,
                            24.765459777000046
                        ],
                        [
                            120.980628954000053,
                            24.765408167000032
                        ],
                        [
                            120.98062936000008,
                            24.765280639000025
                        ],
                        [
                            120.98061951000011,
                            24.765216445000078
                        ],
                        [
                            120.980620835000082,
                            24.764992410000048
                        ],
                        [
                            120.980626032000032,
                            24.764926863000028
                        ],
                        [
                            120.980627958000014,
                            24.764815415000044
                        ],
                        [
                            120.980629121000106,
                            24.764733816000046
                        ],
                        [
                            120.98058048200005,
                            24.764449581000065
                        ],
                        [
                            120.98055586800001,
                            24.764403966000032
                        ],
                        [
                            120.980517223000106,
                            24.764268929000025
                        ],
                        [
                            120.980496377,
                            24.764223258000072
                        ],
                        [
                            120.980470932000117,
                            24.764127110000061
                        ],
                        [
                            120.980341041000088,
                            24.764021497000044
                        ],
                        [
                            120.980334740000103,
                            24.764016373000061
                        ],
                        [
                            120.980295081,
                            24.763972100000046
                        ],
                        [
                            120.980184074000022,
                            24.76386562700003
                        ],
                        [
                            120.98012446000007,
                            24.763829677000047
                        ],
                        [
                            120.979938895000032,
                            24.763618515000076
                        ],
                        [
                            120.979886873000055,
                            24.763585907000049
                        ],
                        [
                            120.979794888000015,
                            24.763490658000023
                        ],
                        [
                            120.979756732000055,
                            24.763461302000053
                        ],
                        [
                            120.979487945000074,
                            24.76330527500005
                        ],
                        [
                            120.979416155000081,
                            24.76329245200003
                        ],
                        [
                            120.979298009000104,
                            24.763286023000035
                        ],
                        [
                            120.979221314000029,
                            24.763280171000076
                        ],
                        [
                            120.978940052000098,
                            24.763281679000045
                        ],
                        [
                            120.978881048000062,
                            24.763282484000058
                        ],
                        [
                            120.9787321230001,
                            24.763313229000062
                        ],
                        [
                            120.978719033000061,
                            24.763357061000079
                        ],
                        [
                            120.97869029800006,
                            24.763518279000039
                        ],
                        [
                            120.978674301000069,
                            24.76353802400007
                        ],
                        [
                            120.978650387000016,
                            24.763534904000039
                        ],
                        [
                            120.978515054000013,
                            24.763475845000073
                        ],
                        [
                            120.978485970000065,
                            24.763463607000062
                        ],
                        [
                            120.97834932,
                            24.76340112400004
                        ],
                        [
                            120.97827097000004,
                            24.763371174000042
                        ],
                        [
                            120.978013288000056,
                            24.763279312000066
                        ],
                        [
                            120.977940151000098,
                            24.763260782000032
                        ],
                        [
                            120.977811321000104,
                            24.76321542900007
                        ],
                        [
                            120.977722949000054,
                            24.763186749000056
                        ],
                        [
                            120.977417919000118,
                            24.763117368000053
                        ],
                        [
                            120.977367450000088,
                            24.763103123000064
                        ],
                        [
                            120.977191520000019,
                            24.763095156000077
                        ],
                        [
                            120.977128977,
                            24.763109792000023
                        ],
                        [
                            120.976927501000091,
                            24.763304376000065
                        ],
                        [
                            120.976890670000103,
                            24.76335541800006
                        ],
                        [
                            120.976827469000114,
                            24.763482646000057
                        ],
                        [
                            120.976819702000057,
                            24.763544780000075
                        ],
                        [
                            120.976812566000035,
                            24.763797626000041
                        ],
                        [
                            120.976846116000047,
                            24.763852298000074
                        ],
                        [
                            120.976907243000028,
                            24.763980146000051
                        ],
                        [
                            120.976904404000038,
                            24.764036473000033
                        ],
                        [
                            120.97672766900007,
                            24.764284702000054
                        ],
                        [
                            120.976680531000056,
                            24.76431980600006
                        ],
                        [
                            120.976565247000053,
                            24.764410977000068
                        ],
                        [
                            120.976515031000076,
                            24.764411663000033
                        ],
                        [
                            120.976246640000113,
                            24.764279736000049
                        ],
                        [
                            120.976199621000092,
                            24.764245906000042
                        ],
                        [
                            120.976082832000088,
                            24.764169378000076
                        ],
                        [
                            120.976029594000011,
                            24.764139086000057
                        ],
                        [
                            120.975734401000068,
                            24.764056919000041
                        ],
                        [
                            120.975662630000102,
                            24.764045252000074
                        ],
                        [
                            120.975544088000106,
                            24.764014688000032
                        ],
                        [
                            120.975450844000079,
                            24.76399527600006
                        ],
                        [
                            120.97513793600001,
                            24.763981136000041
                        ],
                        [
                            120.975079193000056,
                            24.763998018000052
                        ],
                        [
                            120.974951592000025,
                            24.764027311000063
                        ],
                        [
                            120.974893456000018,
                            24.764080939000053
                        ],
                        [
                            120.974709834,
                            24.76429250700005
                        ],
                        [
                            120.974686851000115,
                            24.764345664000075
                        ],
                        [
                            120.974662199000022,
                            24.764526358000069
                        ],
                        [
                            120.974608015000058,
                            24.764820040000075
                        ],
                        [
                            120.974573580000083,
                            24.764864147000026
                        ],
                        [
                            120.974469690000092,
                            24.764960905000066
                        ],
                        [
                            120.974422605000086,
                            24.764999456000055
                        ],
                        [
                            120.974085612000067,
                            24.764971857000035
                        ],
                        [
                            120.974024900000018,
                            24.764945122000029
                        ],
                        [
                            120.973884578000025,
                            24.764888413000051
                        ],
                        [
                            120.973823486000015,
                            24.764838692000069
                        ],
                        [
                            120.9736760830001,
                            24.764656891000072
                        ],
                        [
                            120.973633765000045,
                            24.764603460000046
                        ],
                        [
                            120.973523036000074,
                            24.764437240000063
                        ],
                        [
                            120.973330100000112,
                            24.764235360000043
                        ],
                        [
                            120.973259491000022,
                            24.76421792900004
                        ],
                        [
                            120.97310720300004,
                            24.764197018000061
                        ],
                        [
                            120.973024648000091,
                            24.764216522000027
                        ],
                        [
                            120.972752489000072,
                            24.764313246000029
                        ],
                        [
                            120.972707933000038,
                            24.764352909000024
                        ],
                        [
                            120.972575969000104,
                            24.76442247600005
                        ],
                        [
                            120.972530312000117,
                            24.764471339000067
                        ],
                        [
                            120.972355731000107,
                            24.764621901000055
                        ],
                        [
                            120.972274464000066,
                            24.764643681000052
                        ],
                        [
                            120.972195125000098,
                            24.764629813000056
                        ],
                        [
                            120.971993308000037,
                            24.764575097000034
                        ],
                        [
                            120.971619605000114,
                            24.76468238800004
                        ],
                        [
                            120.971481489000098,
                            24.764835902000073
                        ],
                        [
                            120.971305375000043,
                            24.765046215000041
                        ],
                        [
                            120.971283929000037,
                            24.765116578000061
                        ],
                        [
                            120.971238362,
                            24.765323984000077
                        ],
                        [
                            120.97120227500011,
                            24.76549678400005
                        ],
                        [
                            120.971178033000115,
                            24.765549956000029
                        ],
                        [
                            120.971151697000096,
                            24.76562842900006
                        ],
                        [
                            120.971107763000077,
                            24.765705991000061
                        ],
                        [
                            120.970992767000098,
                            24.765738561000035
                        ],
                        [
                            120.970842981000033,
                            24.76564062500006
                        ],
                        [
                            120.970751179000104,
                            24.765571805000036
                        ],
                        [
                            120.970638286000053,
                            24.765487177000068
                        ],
                        [
                            120.970569908000016,
                            24.765452485000026
                        ],
                        [
                            120.970454361000066,
                            24.765374786000052
                        ],
                        [
                            120.970386055000063,
                            24.765344688000027
                        ],
                        [
                            120.970144356000105,
                            24.765231923000044
                        ],
                        [
                            120.970062469000027,
                            24.765215800000078
                        ],
                        [
                            120.969840582000074,
                            24.765162501000077
                        ],
                        [
                            120.969729396000048,
                            24.765044527000043
                        ],
                        [
                            120.969705766000061,
                            24.764905851000037
                        ],
                        [
                            120.969672353000078,
                            24.764859201000036
                        ],
                        [
                            120.969639060000077,
                            24.764743610000039
                        ],
                        [
                            120.969606712000086,
                            24.764685460000067
                        ],
                        [
                            120.969474904000094,
                            24.764458632000071
                        ],
                        [
                            120.969447518000038,
                            24.764396970000064
                        ],
                        [
                            120.969410309000068,
                            24.764272259000052
                        ],
                        [
                            120.969365351000079,
                            24.764210837000064
                        ],
                        [
                            120.969192507000116,
                            24.764008674000024
                        ],
                        [
                            120.969141327000102,
                            24.763950780000073
                        ],
                        [
                            120.969061547000024,
                            24.763833526000042
                        ],
                        [
                            120.969016663000048,
                            24.763776691000032
                        ],
                        [
                            120.968929524000032,
                            24.763517098000023
                        ],
                        [
                            120.968914694000091,
                            24.763455257000032
                        ],
                        [
                            120.968881232000058,
                            24.763329345000045
                        ],
                        [
                            120.968862751000074,
                            24.763274457000023
                        ],
                        [
                            120.968768881000074,
                            24.762987371000065
                        ],
                        [
                            120.968743839000012,
                            24.76291533400007
                        ],
                        [
                            120.968719167000017,
                            24.76278929800003
                        ],
                        [
                            120.968710427000019,
                            24.762715895000042
                        ],
                        [
                            120.968688231000101,
                            24.762434739000071
                        ],
                        [
                            120.968674528000065,
                            24.762364843000057
                        ],
                        [
                            120.968652082000062,
                            24.762221554000064
                        ],
                        [
                            120.968625749000012,
                            24.762147233000064
                        ],
                        [
                            120.968562235000036,
                            24.762026326000068
                        ],
                        [
                            120.968428056000107,
                            24.761884537000071
                        ],
                        [
                            120.968369173000042,
                            24.761816395000039
                        ],
                        [
                            120.968301856000039,
                            24.761693236000042
                        ],
                        [
                            120.9682782430001,
                            24.761631520000037
                        ],
                        [
                            120.968192571000031,
                            24.761461512000039
                        ],
                        [
                            120.968181768000022,
                            24.761338738000063
                        ],
                        [
                            120.968164522000052,
                            24.761282674000029
                        ],
                        [
                            120.96813988800011,
                            24.761158932000058
                        ],
                        [
                            120.968108495000024,
                            24.761082388000034
                        ],
                        [
                            120.967902119000087,
                            24.760902518000023
                        ],
                        [
                            120.967855008000015,
                            24.760862952000025
                        ],
                        [
                            120.967744543000094,
                            24.760788612000056
                        ],
                        [
                            120.967684727,
                            24.760740025000075
                        ],
                        [
                            120.967604427000083,
                            24.760667587000057
                        ],
                        [
                            120.96754923900005,
                            24.76059480300006
                        ],
                        [
                            120.967526684000063,
                            24.76044461500004
                        ],
                        [
                            120.967523118000031,
                            24.76038034000004
                        ],
                        [
                            120.967525728000055,
                            24.760233256000049
                        ],
                        [
                            120.967513504000067,
                            24.760177113000054
                        ],
                        [
                            120.9675216280001,
                            24.759907050000038
                        ],
                        [
                            120.967506990000061,
                            24.759856693000074
                        ],
                        [
                            120.967500793000113,
                            24.759708586000045
                        ],
                        [
                            120.96750104900002,
                            24.759647698000038
                        ],
                        [
                            120.967509772000085,
                            24.759337414000072
                        ],
                        [
                            120.967492507000088,
                            24.759280194000041
                        ],
                        [
                            120.967502764000074,
                            24.759139909000055
                        ],
                        [
                            120.967494137000017,
                            24.759073392000062
                        ],
                        [
                            120.967480201000058,
                            24.758759963000045
                        ],
                        [
                            120.967473976000065,
                            24.758686519000037
                        ],
                        [
                            120.967461427000103,
                            24.758533905000036
                        ],
                        [
                            120.967427862000022,
                            24.758478066000066
                        ],
                        [
                            120.967252963000078,
                            24.758226532000037
                        ],
                        [
                            120.96722683400003,
                            24.758164850000071
                        ],
                        [
                            120.967242989000056,
                            24.758001508000063
                        ],
                        [
                            120.967293595000115,
                            24.75794798000004
                        ],
                        [
                            120.967504165000037,
                            24.757771674000026
                        ],
                        [
                            120.967571129000021,
                            24.757720217000042
                        ],
                        [
                            120.967694343000062,
                            24.757500289000063
                        ],
                        [
                            120.967634894000071,
                            24.757167941000034
                        ],
                        [
                            120.967560301000049,
                            24.756983991000027
                        ],
                        [
                            120.96744921200002,
                            24.756641997000031
                        ],
                        [
                            120.967412378000063,
                            24.756463286000042
                        ],
                        [
                            120.967357455000069,
                            24.756406580000032
                        ],
                        [
                            120.967164655000033,
                            24.756288557000062
                        ],
                        [
                            120.967107577000093,
                            24.756253710000067
                        ],
                        [
                            120.966960087000075,
                            24.756141974000059
                        ],
                        [
                            120.966708373000074,
                            24.755953521000038
                        ],
                        [
                            120.966648655000085,
                            24.755910658000062
                        ],
                        [
                            120.96653440800003,
                            24.755835231000049
                        ],
                        [
                            120.966457338000055,
                            24.755806403000065
                        ],
                        [
                            120.966326156000036,
                            24.755770265000024
                        ],
                        [
                            120.966163126000083,
                            24.755782804000035
                        ],
                        [
                            120.966092003000085,
                            24.755810187000066
                        ],
                        [
                            120.965991845000076,
                            24.755904595000061
                        ],
                        [
                            120.965942532000099,
                            24.755960396000035
                        ],
                        [
                            120.965921550000076,
                            24.75598251200006
                        ],
                        [
                            120.965729697000029,
                            24.756151670000065
                        ],
                        [
                            120.965666068000019,
                            24.756176655000047
                        ],
                        [
                            120.96552470000006,
                            24.756208428000036
                        ],
                        [
                            120.965439389000039,
                            24.756213029000037
                        ],
                        [
                            120.965327436000052,
                            24.756200749000072
                        ],
                        [
                            120.965275510000083,
                            24.756173895000074
                        ],
                        [
                            120.965118577000112,
                            24.756022047000044
                        ],
                        [
                            120.965097829000115,
                            24.755982126000049
                        ],
                        [
                            120.965024594000056,
                            24.755880862000026
                        ],
                        [
                            120.964987267000083,
                            24.755825074000029
                        ],
                        [
                            120.964828634000014,
                            24.755569876000038
                        ],
                        [
                            120.964791324000089,
                            24.755515240000022
                        ],
                        [
                            120.964695400000096,
                            24.755408543000044
                        ],
                        [
                            120.964627696000093,
                            24.755338213000073
                        ],
                        [
                            120.96441462700011,
                            24.755208984000035
                        ],
                        [
                            120.964351499000031,
                            24.755188013000065
                        ],
                        [
                            120.964208800000051,
                            24.755215206000059
                        ],
                        [
                            120.964151657000116,
                            24.755252742000039
                        ],
                        [
                            120.964024389000087,
                            24.755378522000058
                        ],
                        [
                            120.963922652000065,
                            24.755453417000069
                        ],
                        [
                            120.963855444000046,
                            24.755489939000029
                        ],
                        [
                            120.963726913000073,
                            24.755538768000065
                        ],
                        [
                            120.963630398000078,
                            24.755549260000066
                        ],
                        [
                            120.96356627800003,
                            24.755544378000025
                        ],
                        [
                            120.963505513000086,
                            24.755514189000053
                        ],
                        [
                            120.963474745000099,
                            24.755475528000034
                        ],
                        [
                            120.963367861000052,
                            24.755389666000042
                        ],
                        [
                            120.963299280000115,
                            24.755342336000069
                        ],
                        [
                            120.963201486000116,
                            24.755274706000023
                        ],
                        [
                            120.963131669000063,
                            24.755228559000045
                        ],
                        [
                            120.962970580000047,
                            24.755129636000049
                        ],
                        [
                            120.962880337000115,
                            24.755063071000052
                        ],
                        [
                            120.962821725000026,
                            24.755011014000047
                        ],
                        [
                            120.962768206000078,
                            24.754963481000061
                        ],
                        [
                            120.962717107000117,
                            24.754910181000071
                        ],
                        [
                            120.962693097000056,
                            24.754824348000056
                        ],
                        [
                            120.962680823000028,
                            24.754764773000034
                        ],
                        [
                            120.962694757,
                            24.754695653000056
                        ],
                        [
                            120.962766188000046,
                            24.754533853000055
                        ],
                        [
                            120.962853448000033,
                            24.754341982000028
                        ],
                        [
                            120.96282893800003,
                            24.754302095000071
                        ],
                        [
                            120.96267001700005,
                            24.75410548900004
                        ],
                        [
                            120.962623828000119,
                            24.754045228000052
                        ],
                        [
                            120.962544317000038,
                            24.753944061000027
                        ],
                        [
                            120.962498277,
                            24.753892973000063
                        ],
                        [
                            120.962326275,
                            24.753664375000028
                        ],
                        [
                            120.962290297000095,
                            24.753614311000035
                        ],
                        [
                            120.96223731900011,
                            24.753523125000072
                        ],
                        [
                            120.962193490000118,
                            24.753453639000043
                        ],
                        [
                            120.962123858000041,
                            24.753341988000045
                        ],
                        [
                            120.962063986000089,
                            24.753212980000058
                        ],
                        [
                            120.962036624,
                            24.75315246200006
                        ],
                        [
                            120.961990747000073,
                            24.753034752000076
                        ],
                        [
                            120.961960707000117,
                            24.752963925000074
                        ],
                        [
                            120.961886689000039,
                            24.752814436000051
                        ],
                        [
                            120.961849222000069,
                            24.752673622000032
                        ],
                        [
                            120.961834512000109,
                            24.752618678000033
                        ],
                        [
                            120.961821290000103,
                            24.752501683000048
                        ],
                        [
                            120.961802626,
                            24.752435308000031
                        ],
                        [
                            120.961751834000097,
                            24.752170608000029
                        ],
                        [
                            120.961725576000049,
                            24.752100893000033
                        ],
                        [
                            120.961687509000058,
                            24.751923333000036
                        ],
                        [
                            120.961612917000025,
                            24.751585435000038
                        ],
                        [
                            120.961555569000097,
                            24.751380576000031
                        ],
                        [
                            120.961521781000101,
                            24.751310957000044
                        ],
                        [
                            120.961506077000081,
                            24.751272093000068
                        ],
                        [
                            120.96146129300007,
                            24.75122099500004
                        ],
                        [
                            120.96142601300005,
                            24.751213438000036
                        ],
                        [
                            120.961334466000039,
                            24.751220411000077
                        ],
                        [
                            120.961111988000084,
                            24.75120617400006
                        ],
                        [
                            120.960955593000108,
                            24.751163478000024
                        ],
                        [
                            120.960952564000081,
                            24.751161058000037
                        ],
                        [
                            120.960930147000113,
                            24.75114314800004
                        ],
                        [
                            120.960913539000103,
                            24.751049155000032
                        ],
                        [
                            120.96089255000004,
                            24.750994300000059
                        ],
                        [
                            120.960865417000036,
                            24.750947560000043
                        ],
                        [
                            120.960806843000114,
                            24.750897807000058
                        ],
                        [
                            120.960783264000042,
                            24.750882306000051
                        ],
                        [
                            120.960581741000055,
                            24.751077351000049
                        ],
                        [
                            120.960536158000082,
                            24.751121469000054
                        ],
                        [
                            120.96042240700001,
                            24.751292981000063
                        ],
                        [
                            120.960177012000031,
                            24.751545723000049
                        ],
                        [
                            120.960006787000111,
                            24.751766670000052
                        ],
                        [
                            120.959982288000106,
                            24.75179846900005
                        ],
                        [
                            120.959706251000057,
                            24.752231775000041
                        ],
                        [
                            120.959595705000083,
                            24.752383103000057
                        ],
                        [
                            120.959389736000048,
                            24.752665058000048
                        ],
                        [
                            120.959295698,
                            24.752833390000035
                        ],
                        [
                            120.959132537000073,
                            24.753125454000042
                        ],
                        [
                            120.95907517,
                            24.753311527000051
                        ],
                        [
                            120.959012849000032,
                            24.753513662000046
                        ],
                        [
                            120.959090750000087,
                            24.753929011000025
                        ],
                        [
                            120.95923511,
                            24.754227006000065
                        ],
                        [
                            120.95931366700006,
                            24.754392389000031
                        ],
                        [
                            120.959367636000025,
                            24.754506003000074
                        ],
                        [
                            120.959394281000073,
                            24.754589762000023
                        ],
                        [
                            120.95947323200005,
                            24.75483795100007
                        ],
                        [
                            120.95947184900001,
                            24.754849204000038
                        ],
                        [
                            120.959521259000098,
                            24.754999789000067
                        ],
                        [
                            120.959572870000102,
                            24.755157082000039
                        ],
                        [
                            120.959549433,
                            24.755337396000073
                        ],
                        [
                            120.959528278000107,
                            24.755500158000075
                        ],
                        [
                            120.959356386000081,
                            24.755788450000068
                        ],
                        [
                            120.959345272000064,
                            24.75580708800004
                        ],
                        [
                            120.958989297000016,
                            24.75590629900006
                        ],
                        [
                            120.958733280000047,
                            24.755996511000035
                        ],
                        [
                            120.958701388,
                            24.756006434000028
                        ],
                        [
                            120.958269451000092,
                            24.756140826000035
                        ],
                        [
                            120.958209643000032,
                            24.756179129000031
                        ],
                        [
                            120.95806780700002,
                            24.756269971000052
                        ],
                        [
                            120.958044002000065,
                            24.756285217000027
                        ],
                        [
                            120.958047445000034,
                            24.756432788000041
                        ],
                        [
                            120.958052850000058,
                            24.756664432000036
                        ],
                        [
                            120.958075788000087,
                            24.756741119000026
                        ],
                        [
                            120.958076417000029,
                            24.756743221000079
                        ],
                        [
                            120.958113445000095,
                            24.757139963000043
                        ],
                        [
                            120.958683367000049,
                            24.75834495600003
                        ],
                        [
                            120.959152192000033,
                            24.75933619400007
                        ],
                        [
                            120.959600974000068,
                            24.760285036000028
                        ],
                        [
                            120.959851523000111,
                            24.760504428000047
                        ],
                        [
                            120.959849617000032,
                            24.760500737000029
                        ],
                        [
                            120.960203940000042,
                            24.760562076000042
                        ],
                        [
                            120.960748278000096,
                            24.760681177000038
                        ],
                        [
                            120.961083091000091,
                            24.760843711000064
                        ],
                        [
                            120.961606091000021,
                            24.761579618000042
                        ],
                        [
                            120.961574592000034,
                            24.761923603000071
                        ],
                        [
                            120.961501225,
                            24.762296242000048
                        ],
                        [
                            120.961557220000032,
                            24.762543177000055
                        ],
                        [
                            120.961637146000044,
                            24.76268804800003
                        ],
                        [
                            120.961885646000042,
                            24.76282489700003
                        ],
                        [
                            120.962087049000047,
                            24.762946165000074
                        ],
                        [
                            120.962348577000057,
                            24.763242450000064
                        ],
                        [
                            120.962442633000023,
                            24.76366291000005
                        ],
                        [
                            120.962903021000102,
                            24.763873250000074
                        ],
                        [
                            120.96312273,
                            24.764045303000046
                        ],
                        [
                            120.963394667000102,
                            24.764551806000043
                        ],
                        [
                            120.963687524000079,
                            24.765096536000044
                        ],
                        [
                            120.963718842000048,
                            24.765364094000063
                        ],
                        [
                            120.963592654000081,
                            24.765668768000069
                        ],
                        [
                            120.963452312000072,
                            24.766041221000023
                        ],
                        [
                            120.963490408000098,
                            24.766553406000071
                        ],
                        [
                            120.963260750000018,
                            24.767181923000066
                        ],
                        [
                            120.963273285000014,
                            24.767903623000052
                        ],
                        [
                            120.962737920000109,
                            24.767647399000055
                        ],
                        [
                            120.961985917000106,
                            24.767111749000037
                        ],
                        [
                            120.961386761000085,
                            24.767030107000039
                        ],
                        [
                            120.961004291000108,
                            24.767076565000025
                        ],
                        [
                            120.960723724000104,
                            24.76739077700006
                        ],
                        [
                            120.960647121000079,
                            24.767739965000032
                        ],
                        [
                            120.9607816460001,
                            24.768263366000042
                        ],
                        [
                            120.961105881000094,
                            24.768855884000061
                        ],
                        [
                            120.961074398000051,
                            24.769132980000052
                        ],
                        [
                            120.96095915300009,
                            24.769534272000044
                        ],
                        [
                            120.960864785000012,
                            24.770107567000025
                        ],
                        [
                            120.960843755000042,
                            24.770422887000052
                        ],
                        [
                            120.960886283000036,
                            24.770921495000039
                        ],
                        [
                            120.960822534000044,
                            24.771340192000025
                        ],
                        [
                            120.960696878000022,
                            24.771559930000024
                        ],
                        [
                            120.960728063000033,
                            24.772228811000048
                        ],
                        [
                            120.960793206000062,
                            24.772694318000049
                        ],
                        [
                            120.960859277000054,
                            24.773089729000048
                        ],
                        [
                            120.960440983000012,
                            24.774073378000026
                        ],
                        [
                            120.960535045000029,
                            24.77447472700004
                        ],
                        [
                            120.960408900000061,
                            24.77620898300006
                        ],
                        [
                            120.960755365000068,
                            24.77684461900003
                        ],
                        [
                            120.961461516000099,
                            24.777559603000043
                        ],
                        [
                            120.961148476000062,
                            24.778109540000059
                        ],
                        [
                            120.960915865000061,
                            24.778402146000076
                        ],
                        [
                            120.960118061000117,
                            24.778941592000024
                        ],
                        [
                            120.959528142000067,
                            24.779376586000069
                        ],
                        [
                            120.959442907000039,
                            24.780183332000036
                        ],
                        [
                            120.959323714000107,
                            24.780896977000054
                        ],
                        [
                            120.958796453000105,
                            24.782231101000036
                        ],
                        [
                            120.958150290000049,
                            24.783363499000075
                        ],
                        [
                            120.957725270000083,
                            24.783828821000043
                        ],
                        [
                            120.957147382000016,
                            24.784061376000068
                        ],
                        [
                            120.956205445000023,
                            24.78455737400003
                        ],
                        [
                            120.95638920500005,
                            24.784631567000076
                        ],
                        [
                            120.956921310000098,
                            24.784775953000064
                        ],
                        [
                            120.959397029000115,
                            24.785127631000023
                        ],
                        [
                            120.959460986000067,
                            24.785501509000028
                        ],
                        [
                            120.959468822000076,
                            24.785544510000022
                        ],
                        [
                            120.959550307000086,
                            24.785691467000049
                        ],
                        [
                            120.959676750000085,
                            24.785838392000073
                        ],
                        [
                            120.959900423000022,
                            24.786003282000024
                        ],
                        [
                            120.960103130000107,
                            24.786266108000063
                        ],
                        [
                            120.96016196100004,
                            24.786403481000036
                        ],
                        [
                            120.960148830000094,
                            24.786546808000026
                        ],
                        [
                            120.959722298000088,
                            24.786874417000035
                        ],
                        [
                            120.959978463000084,
                            24.788421989000028
                        ],
                        [
                            120.960073368000053,
                            24.788995333000059
                        ],
                        [
                            120.960095596000087,
                            24.789129612000067
                        ],
                        [
                            120.96044689900009,
                            24.789515517000041
                        ],
                        [
                            120.960985556000082,
                            24.790107219000049
                        ],
                        [
                            120.962278198000035,
                            24.789464984000062
                        ],
                        [
                            120.963078944000017,
                            24.789360133000059
                        ],
                        [
                            120.963738020000051,
                            24.789367525000046
                        ],
                        [
                            120.963935504,
                            24.78936341800005
                        ],
                        [
                            120.96427561500002,
                            24.789597604000051
                        ],
                        [
                            120.964385472000117,
                            24.789764847000072
                        ],
                        [
                            120.964395840000066,
                            24.790104063000058
                        ],
                        [
                            120.964317249000032,
                            24.790405036000038
                        ],
                        [
                            120.964151681000089,
                            24.790608415000065
                        ],
                        [
                            120.963746642000046,
                            24.790896996000072
                        ],
                        [
                            120.963893136000024,
                            24.791054693000035
                        ],
                        [
                            120.963978362000034,
                            24.791173461000028
                        ],
                        [
                            120.963887839000108,
                            24.791274463000036
                        ],
                        [
                            120.964011497000115,
                            24.791394383000068
                        ],
                        [
                            120.964038229000039,
                            24.791489654000031
                        ],
                        [
                            120.963841234000029,
                            24.791690607000078
                        ],
                        [
                            120.963602327000103,
                            24.79182865100006
                        ],
                        [
                            120.963275843000019,
                            24.79194486800003
                        ],
                        [
                            120.963044904000071,
                            24.792061107000052
                        ],
                        [
                            120.96294479900007,
                            24.792238992000023
                        ],
                        [
                            120.962532073000034,
                            24.792105440000057
                        ],
                        [
                            120.962390826000046,
                            24.791899966000074
                        ],
                        [
                            120.962028964000069,
                            24.792376988000058
                        ],
                        [
                            120.961651771000106,
                            24.792931152000051
                        ],
                        [
                            120.96129836800003,
                            24.793334177000077
                        ],
                        [
                            120.960853383000085,
                            24.793704328000047
                        ],
                        [
                            120.960220919000108,
                            24.794099050000057
                        ],
                        [
                            120.959505726000089,
                            24.794497762000049
                        ],
                        [
                            120.959148085000038,
                            24.794824039000048
                        ],
                        [
                            120.958929417000036,
                            24.795349804000068
                        ],
                        [
                            120.958909500000118,
                            24.796227006000038
                        ],
                        [
                            120.958801515000118,
                            24.796791642000073
                        ],
                        [
                            120.960716085000058,
                            24.796750701000065
                        ],
                        [
                            120.960722726000085,
                            24.796269620000032
                        ],
                        [
                            120.961800971000116,
                            24.796245888000044
                        ],
                        [
                            120.962624968000114,
                            24.796318111000062
                        ],
                        [
                            120.963729431000047,
                            24.796574443000054
                        ],
                        [
                            120.964518279000117,
                            24.79695872700006
                        ],
                        [
                            120.964245635000111,
                            24.797231749000048
                        ],
                        [
                            120.964030047000051,
                            24.797554459000025
                        ],
                        [
                            120.963665852000076,
                            24.797770618000072
                        ],
                        [
                            120.96345942500011,
                            24.797893136000027
                        ],
                        [
                            120.963441092000039,
                            24.797923448000063
                        ],
                        [
                            120.963090394,
                            24.798002193000059
                        ],
                        [
                            120.962959758000011,
                            24.798178183000061
                        ],
                        [
                            120.963631683000017,
                            24.798603118000074
                        ],
                        [
                            120.962774530000047,
                            24.799360310000054
                        ],
                        [
                            120.963675293000051,
                            24.799936833000061
                        ],
                        [
                            120.963998936000053,
                            24.800152914000023
                        ],
                        [
                            120.964125400000057,
                            24.800302381000051
                        ],
                        [
                            120.964370889000065,
                            24.800597236000044
                        ],
                        [
                            120.964487453000061,
                            24.800743612000076
                        ],
                        [
                            120.964846983000029,
                            24.801195095000026
                        ],
                        [
                            120.96400324800004,
                            24.801771003000056
                        ],
                        [
                            120.963927778000084,
                            24.801822515000026
                        ],
                        [
                            120.965164938000044,
                            24.802593070000057
                        ],
                        [
                            120.965238369000076,
                            24.802640928000073
                        ],
                        [
                            120.966602875000035,
                            24.803530184000067
                        ],
                        [
                            120.966712597000082,
                            24.803601689000061
                        ],
                        [
                            120.966758538000022,
                            24.803843958000073
                        ],
                        [
                            120.966806943000051,
                            24.804099213000029
                        ],
                        [
                            120.966857738000044,
                            24.804399054000044
                        ],
                        [
                            120.966952187000061,
                            24.804498576000071
                        ],
                        [
                            120.968211194000105,
                            24.805311595000035
                        ],
                        [
                            120.969125188000021,
                            24.805915755000058
                        ],
                        [
                            120.970219648000011,
                            24.806639193000024
                        ],
                        [
                            120.968843981000077,
                            24.808430132000069
                        ],
                        [
                            120.969199333,
                            24.808648817000062
                        ],
                        [
                            120.969122004000042,
                            24.808937935000074
                        ],
                        [
                            120.969191508000108,
                            24.809071936000066
                        ],
                        [
                            120.969284189000064,
                            24.809220048000043
                        ],
                        [
                            120.969415479000077,
                            24.809464075000051
                        ],
                        [
                            120.969454054000039,
                            24.809703851000052
                        ],
                        [
                            120.969469466000078,
                            24.809880154000041
                        ],
                        [
                            120.969461054000021,
                            24.809931905000042
                        ],
                        [
                            120.969438518000061,
                            24.81007055300006
                        ],
                        [
                            120.969399840000051,
                            24.810268001000054
                        ],
                        [
                            120.969392081000024,
                            24.810416093000072
                        ],
                        [
                            120.969383534000031,
                            24.810614655000052
                        ],
                        [
                            120.969778204000022,
                            24.810864072000072
                        ],
                        [
                            120.969915229000094,
                            24.810938055000065
                        ],
                        [
                            120.968254763000118,
                            24.812940547000039
                        ],
                        [
                            120.969340674000023,
                            24.81417867600004
                        ],
                        [
                            120.969399201000101,
                            24.81417067600006
                        ],
                        [
                            120.969428477000065,
                            24.814109254000073
                        ],
                        [
                            120.969454813000084,
                            24.81411193100007
                        ],
                        [
                            120.969472363000023,
                            24.81414131300005
                        ],
                        [
                            120.969530863000045,
                            24.814245484000025
                        ],
                        [
                            120.969995885000117,
                            24.814516272000049
                        ],
                        [
                            120.970351392000111,
                            24.814723288000039
                        ],
                        [
                            120.970317035000107,
                            24.814890336000076
                        ],
                        [
                            120.970261098000037,
                            24.815043393000053
                        ],
                        [
                            120.97022546300002,
                            24.815140901000063
                        ],
                        [
                            120.970191089000082,
                            24.815381036000076
                        ],
                        [
                            120.970168153000031,
                            24.81563161400004
                        ],
                        [
                            120.970110893000083,
                            24.815903068000068
                        ],
                        [
                            120.970465519000072,
                            24.816009784000073
                        ],
                        [
                            120.970608815000105,
                            24.816091942000071
                        ],
                        [
                            120.970702596000024,
                            24.816168987000026
                        ],
                        [
                            120.970881028,
                            24.816189852000036
                        ],
                        [
                            120.97091187400008,
                            24.815792459000079
                        ],
                        [
                            120.971006750000015,
                            24.815774692000048
                        ],
                        [
                            120.97172209900009,
                            24.815640737000024
                        ],
                        [
                            120.972250854000094,
                            24.81566390200004
                        ],
                        [
                            120.972475958000018,
                            24.815601835000052
                        ],
                        [
                            120.972962812000105,
                            24.815468150000072
                        ],
                        [
                            120.973245503000044,
                            24.815377427000044
                        ],
                        [
                            120.973343894000095,
                            24.815314261000026
                        ],
                        [
                            120.973386858000026,
                            24.815286678000064
                        ],
                        [
                            120.973543913000071,
                            24.81521026300004
                        ],
                        [
                            120.973863249000033,
                            24.815105212000049
                        ],
                        [
                            120.974062158000038,
                            24.815143468000031
                        ],
                        [
                            120.974355277000086,
                            24.815262960000041
                        ],
                        [
                            120.974726887000088,
                            24.815535349000072
                        ],
                        [
                            120.975025253000013,
                            24.815587954000023
                        ],
                        [
                            120.975737088000074,
                            24.815960729000039
                        ],
                        [
                            120.976116847000071,
                            24.816004439000039
                        ],
                        [
                            120.976137081000047,
                            24.816006769000069
                        ],
                        [
                            120.976443744000107,
                            24.816042064000044
                        ],
                        [
                            120.976632181000014,
                            24.816094648000046
                        ],
                        [
                            120.976852024000095,
                            24.816156793000061
                        ],
                        [
                            120.977216573000078,
                            24.816212275000055
                        ],
                        [
                            120.977445234000015,
                            24.816212311000072
                        ],
                        [
                            120.977665745000081,
                            24.816107995000038
                        ],
                        [
                            120.977959761000079,
                            24.815973874000065
                        ],
                        [
                            120.978221093000116,
                            24.815936647000058
                        ],
                        [
                            120.978702917000078,
                            24.815914357000054
                        ],
                        [
                            120.978768253000112,
                            24.815884553000046
                        ],
                        [
                            120.979103099000099,
                            24.815757889000054
                        ],
                        [
                            120.979348111000036,
                            24.815631215000053
                        ],
                        [
                            120.979595430000018,
                            24.815563077000036
                        ],
                        [
                            120.980159100000037,
                            24.815455952000036
                        ],
                        [
                            120.980257169000083,
                            24.81536029800003
                        ],
                        [
                            120.980394664000073,
                            24.815482245000055
                        ],
                        [
                            120.980969216000062,
                            24.815985325000042
                        ],
                        [
                            120.980938436000088,
                            24.816284576000044
                        ],
                        [
                            120.980856438000046,
                            24.816485626000031
                        ],
                        [
                            120.980779567000013,
                            24.81666797500003
                        ],
                        [
                            120.980743685000107,
                            24.816798893000055
                        ],
                        [
                            120.980405488000088,
                            24.817271108000057
                        ],
                        [
                            120.980296460000091,
                            24.817404852000038
                        ],
                        [
                            120.979944317000104,
                            24.81783682400004
                        ],
                        [
                            120.980046764,
                            24.817935031000047
                        ],
                        [
                            120.980359835000058,
                            24.818222989000049
                        ],
                        [
                            120.98028260500007,
                            24.818272040000068
                        ],
                        [
                            120.980189562000078,
                            24.818311653000023
                        ],
                        [
                            120.980044800000087,
                            24.818553165000026
                        ],
                        [
                            120.9800468520001,
                            24.818660721000072
                        ],
                        [
                            120.980063365000092,
                            24.818826776000037
                        ],
                        [
                            120.9800447450001,
                            24.81890979800005
                        ],
                        [
                            120.979980641000111,
                            24.818985269000052
                        ],
                        [
                            120.979854507000027,
                            24.819090922000044
                        ],
                        [
                            120.979649797000093,
                            24.819272042000023
                        ],
                        [
                            120.979533599000092,
                            24.819313489000024
                        ],
                        [
                            120.979378913000119,
                            24.819775337000067
                        ],
                        [
                            120.979254804000107,
                            24.820031583000059
                        ],
                        [
                            120.979137231000095,
                            24.820252071000027
                        ],
                        [
                            120.979104563000078,
                            24.820365301000038
                        ],
                        [
                            120.979052301000024,
                            24.820502364000049
                        ],
                        [
                            120.979045752000047,
                            24.820615595000049
                        ],
                        [
                            120.979058771000041,
                            24.820864709000034
                        ],
                        [
                            120.979052203000037,
                            24.82109117300007
                        ],
                        [
                            120.978967294000086,
                            24.821216313000036
                        ],
                        [
                            120.978764839000064,
                            24.821377194000036
                        ],
                        [
                            120.978725641000096,
                            24.821484461000068
                        ],
                        [
                            120.978699499000072,
                            24.821621529000026
                        ],
                        [
                            120.978647214000034,
                            24.821888510000065
                        ],
                        [
                            120.978568802000041,
                            24.822192440000038
                        ],
                        [
                            120.978464299000052,
                            24.822334264000062
                        ],
                        [
                            120.978653581000117,
                            24.822846817000027
                        ],
                        [
                            120.978659981000078,
                            24.823616799000035
                        ],
                        [
                            120.978568534000033,
                            24.823765776000073
                        ],
                        [
                            120.978712152000071,
                            24.824022059000072
                        ],
                        [
                            120.978849238000066,
                            24.824296220000065
                        ],
                        [
                            120.986754346000112,
                            24.822188069000049
                        ]
                    ]
                ]
            }
        }
    ]
}